image_path,doc_type,clip_id,filename,genuine_probability,predicted_label,is_genuine_pred
dataset/clips/images\aze_passport\78\000097.jpg,aze_passport,78,000097.jpg,0.84044254,genuine,1
dataset/clips/images\grc_passport\16\000205.jpg,grc_passport,16,000205.jpg,0.6764695,genuine,1
dataset/clips/images\srb_passport\41\000085.jpg,srb_passport,41,000085.jpg,0.0016418891,fake,0
dataset/clips/images\fin_id\38\000199.jpg,fin_id,38,000199.jpg,0.88979393,genuine,1
dataset/clips/images\fin_id\30\000043.jpg,fin_id,30,000043.jpg,0.75527316,genuine,1
dataset/clips/images\grc_passport\92\000019.jpg,grc_passport,92,000019.jpg,0.44793916,fake,0
dataset/clips/images\rus_internalpassport\24\000211.jpg,rus_internalpassport,24,000211.jpg,0.5182079,genuine,1
dataset/clips/images\aze_passport\15\000421.jpg,aze_passport,15,000421.jpg,0.3504832,fake,0
dataset/clips/images\srb_passport\01\000229.jpg,srb_passport,01,000229.jpg,0.8041394,genuine,1
dataset/clips/images\fin_id\98\000265.jpg,fin_id,98,000265.jpg,0.61959225,genuine,1
dataset/clips/images\lva_passport\04\000211.jpg,lva_passport,04,000211.jpg,0.66620445,genuine,1
dataset/clips/images\aze_passport\23\000043.jpg,aze_passport,23,000043.jpg,0.04706912,fake,0
dataset/clips/images\svk_id\61\000289.jpg,svk_id,61,000289.jpg,0.07973748,fake,0
dataset/clips/images\alb_id\67\000031.jpg,alb_id,67,000031.jpg,0.3741361,fake,0
dataset/clips/images\svk_id\10\000361.jpg,svk_id,10,000361.jpg,0.9816516,genuine,1
dataset/clips/images\alb_id\34\000103.jpg,alb_id,34,000103.jpg,0.32038692,fake,0
dataset/clips/images\rus_internalpassport\82\000049.jpg,rus_internalpassport,82,000049.jpg,0.8565183,genuine,1
dataset/clips/images\alb_id\16\000409.jpg,alb_id,16,000409.jpg,0.53424656,genuine,1
dataset/clips/images\aze_passport\63\000115.jpg,aze_passport,63,000115.jpg,0.3560709,fake,0
dataset/clips/images\alb_id\75\000379.jpg,alb_id,75,000379.jpg,0.50686526,genuine,1
dataset/clips/images\aze_passport\54\000043.jpg,aze_passport,54,000043.jpg,0.3936708,fake,0
dataset/clips/images\est_id\61\000277.jpg,est_id,61,000277.jpg,0.2991813,fake,0
dataset/clips/images\svk_id\53\000307.jpg,svk_id,53,000307.jpg,0.70516336,genuine,1
dataset/clips/images\esp_id\75\000439.jpg,esp_id,75,000439.jpg,0.1797145,fake,0
dataset/clips/images\grc_passport\13\000445.jpg,grc_passport,13,000445.jpg,0.061765686,fake,0
dataset/clips/images\svk_id\86\000085.jpg,svk_id,86,000085.jpg,0.90465754,genuine,1
dataset/clips/images\est_id\58\000265.jpg,est_id,58,000265.jpg,0.6744771,genuine,1
dataset/clips/images\srb_passport\03\000223.jpg,srb_passport,03,000223.jpg,0.94283116,genuine,1
dataset/clips/images\est_id\82\000145.jpg,est_id,82,000145.jpg,0.8361601,genuine,1
dataset/clips/images\est_id\73\000493.jpg,est_id,73,000493.jpg,0.3144502,fake,0
dataset/clips/images\grc_passport\32\000247.jpg,grc_passport,32,000247.jpg,0.33010086,fake,0
dataset/clips/images\lva_passport\25\000331.jpg,lva_passport,25,000331.jpg,0.3192816,fake,0
dataset/clips/images\fin_id\66\000343.jpg,fin_id,66,000343.jpg,0.26587322,fake,0
dataset/clips/images\rus_internalpassport\42\000187.jpg,rus_internalpassport,42,000187.jpg,0.9536097,genuine,1
dataset/clips/images\grc_passport\99\000085.jpg,grc_passport,99,000085.jpg,0.10839374,fake,0
dataset/clips/images\esp_id\78\000061.jpg,esp_id,78,000061.jpg,0.9828164,genuine,1
dataset/clips/images\grc_passport\89\000013.jpg,grc_passport,89,000013.jpg,0.63489413,genuine,1
dataset/clips/images\grc_passport\39\000043.jpg,grc_passport,39,000043.jpg,0.34145987,fake,0
dataset/clips/images\esp_id\76\000481.jpg,esp_id,76,000481.jpg,0.06375276,fake,0
dataset/clips/images\alb_id\22\000283.jpg,alb_id,22,000283.jpg,0.027879067,fake,0
dataset/clips/images\alb_id\84\000007.jpg,alb_id,84,000007.jpg,0.46561497,fake,0
dataset/clips/images\est_id\61\000289.jpg,est_id,61,000289.jpg,0.25488815,fake,0
dataset/clips/images\aze_passport\42\000175.jpg,aze_passport,42,000175.jpg,0.8470068,genuine,1
dataset/clips/images\rus_internalpassport\56\000139.jpg,rus_internalpassport,56,000139.jpg,0.09324645,fake,0
dataset/clips/images\srb_passport\42\000049.jpg,srb_passport,42,000049.jpg,0.7117497,genuine,1
dataset/clips/images\aze_passport\70\000367.jpg,aze_passport,70,000367.jpg,0.50584084,genuine,1
dataset/clips/images\grc_passport\72\000397.jpg,grc_passport,72,000397.jpg,0.62884593,genuine,1
dataset/clips/images\srb_passport\15\000223.jpg,srb_passport,15,000223.jpg,0.8830933,genuine,1
dataset/clips/images\aze_passport\00\000469.jpg,aze_passport,00,000469.jpg,0.36957708,fake,0
dataset/clips/images\lva_passport\76\000493.jpg,lva_passport,76,000493.jpg,0.59809935,genuine,1
dataset/clips/images\aze_passport\43\000205.jpg,aze_passport,43,000205.jpg,0.68653494,genuine,1
dataset/clips/images\aze_passport\03\000277.jpg,aze_passport,03,000277.jpg,0.3927347,fake,0
dataset/clips/images\grc_passport\55\000169.jpg,grc_passport,55,000169.jpg,0.63550293,genuine,1
dataset/clips/images\fin_id\74\000427.jpg,fin_id,74,000427.jpg,0.013583339,fake,0
dataset/clips/images\fin_id\17\000349.jpg,fin_id,17,000349.jpg,0.91369164,genuine,1
dataset/clips/images\esp_id\68\000007.jpg,esp_id,68,000007.jpg,0.3904282,fake,0
dataset/clips/images\svk_id\76\000289.jpg,svk_id,76,000289.jpg,0.8730233,genuine,1
dataset/clips/images\svk_id\48\000229.jpg,svk_id,48,000229.jpg,0.40498176,fake,0
dataset/clips/images\alb_id\85\000307.jpg,alb_id,85,000307.jpg,0.4915118,fake,0
dataset/clips/images\fin_id\26\000079.jpg,fin_id,26,000079.jpg,0.1531961,fake,0
dataset/clips/images\alb_id\37\000199.jpg,alb_id,37,000199.jpg,0.5598494,genuine,1
dataset/clips/images\lva_passport\85\000073.jpg,lva_passport,85,000073.jpg,0.6254425,genuine,1
dataset/clips/images\srb_passport\19\000037.jpg,srb_passport,19,000037.jpg,0.70250213,genuine,1
dataset/clips/images\srb_passport\37\000199.jpg,srb_passport,37,000199.jpg,0.7076986,genuine,1
dataset/clips/images\est_id\49\000037.jpg,est_id,49,000037.jpg,0.23928237,fake,0
dataset/clips/images\aze_passport\48\000337.jpg,aze_passport,48,000337.jpg,0.0052783117,fake,0
dataset/clips/images\grc_passport\96\000109.jpg,grc_passport,96,000109.jpg,0.899055,genuine,1
dataset/clips/images\fin_id\15\000061.jpg,fin_id,15,000061.jpg,0.7468217,genuine,1
dataset/clips/images\alb_id\56\000013.jpg,alb_id,56,000013.jpg,0.6667783,genuine,1
dataset/clips/images\grc_passport\84\000067.jpg,grc_passport,84,000067.jpg,0.079868406,fake,0
dataset/clips/images\aze_passport\87\000055.jpg,aze_passport,87,000055.jpg,0.01775879,fake,0
dataset/clips/images\est_id\46\000151.jpg,est_id,46,000151.jpg,0.046911925,fake,0
dataset/clips/images\grc_passport\84\000241.jpg,grc_passport,84,000241.jpg,0.06767932,fake,0
dataset/clips/images\svk_id\24\000247.jpg,svk_id,24,000247.jpg,0.9751387,genuine,1
dataset/clips/images\svk_id\14\000337.jpg,svk_id,14,000337.jpg,0.92259914,genuine,1
dataset/clips/images\alb_id\22\000373.jpg,alb_id,22,000373.jpg,0.052791353,fake,0
dataset/clips/images\fin_id\77\000529.jpg,fin_id,77,000529.jpg,0.37861007,fake,0
dataset/clips/images\est_id\82\000025.jpg,est_id,82,000025.jpg,0.9314945,genuine,1
dataset/clips/images\grc_passport\21\000049.jpg,grc_passport,21,000049.jpg,0.23311561,fake,0
dataset/clips/images\rus_internalpassport\20\000265.jpg,rus_internalpassport,20,000265.jpg,0.56505656,genuine,1
dataset/clips/images\svk_id\80\000343.jpg,svk_id,80,000343.jpg,0.35744318,fake,0
dataset/clips/images\fin_id\02\000355.jpg,fin_id,02,000355.jpg,0.60352314,genuine,1
dataset/clips/images\srb_passport\51\000349.jpg,srb_passport,51,000349.jpg,0.16407225,fake,0
dataset/clips/images\esp_id\75\000061.jpg,esp_id,75,000061.jpg,0.8960833,genuine,1
dataset/clips/images\fin_id\68\000385.jpg,fin_id,68,000385.jpg,0.0009268855,fake,0
dataset/clips/images\est_id\63\000319.jpg,est_id,63,000319.jpg,0.6491155,genuine,1
dataset/clips/images\alb_id\25\000169.jpg,alb_id,25,000169.jpg,0.25006598,fake,0
dataset/clips/images\grc_passport\76\000001.jpg,grc_passport,76,000001.jpg,0.8590228,genuine,1
dataset/clips/images\rus_internalpassport\01\000265.jpg,rus_internalpassport,01,000265.jpg,0.7741852,genuine,1
dataset/clips/images\est_id\50\000325.jpg,est_id,50,000325.jpg,0.39298412,fake,0
dataset/clips/images\fin_id\12\000367.jpg,fin_id,12,000367.jpg,0.87104046,genuine,1
dataset/clips/images\rus_internalpassport\63\000061.jpg,rus_internalpassport,63,000061.jpg,0.027470853,fake,0
dataset/clips/images\est_id\27\000127.jpg,est_id,27,000127.jpg,0.6884787,genuine,1
dataset/clips/images\fin_id\53\000091.jpg,fin_id,53,000091.jpg,0.05041709,fake,0
dataset/clips/images\alb_id\77\000007.jpg,alb_id,77,000007.jpg,0.45788106,fake,0
dataset/clips/images\aze_passport\34\000283.jpg,aze_passport,34,000283.jpg,0.7047885,genuine,1
dataset/clips/images\rus_internalpassport\75\000091.jpg,rus_internalpassport,75,000091.jpg,0.80097806,genuine,1
dataset/clips/images\aze_passport\82\000193.jpg,aze_passport,82,000193.jpg,0.16695228,fake,0
dataset/clips/images\grc_passport\97\000025.jpg,grc_passport,97,000025.jpg,0.5517119,genuine,1
dataset/clips/images\alb_id\09\000283.jpg,alb_id,09,000283.jpg,0.8104209,genuine,1
dataset/clips/images\alb_id\84\000055.jpg,alb_id,84,000055.jpg,0.5717002,genuine,1
dataset/clips/images\alb_id\79\000511.jpg,alb_id,79,000511.jpg,0.14288487,fake,0
dataset/clips/images\est_id\35\000415.jpg,est_id,35,000415.jpg,0.60556716,genuine,1
dataset/clips/images\srb_passport\88\000169.jpg,srb_passport,88,000169.jpg,0.38834494,fake,0
dataset/clips/images\grc_passport\77\000061.jpg,grc_passport,77,000061.jpg,0.37402478,fake,0
dataset/clips/images\srb_passport\06\000265.jpg,srb_passport,06,000265.jpg,0.9112631,genuine,1
dataset/clips/images\alb_id\71\000127.jpg,alb_id,71,000127.jpg,0.22383496,fake,0
dataset/clips/images\grc_passport\87\000355.jpg,grc_passport,87,000355.jpg,0.40558177,fake,0
dataset/clips/images\grc_passport\71\000133.jpg,grc_passport,71,000133.jpg,0.85028744,genuine,1
dataset/clips/images\aze_passport\85\000025.jpg,aze_passport,85,000025.jpg,0.8856764,genuine,1
dataset/clips/images\esp_id\54\000139.jpg,esp_id,54,000139.jpg,0.4188355,fake,0
dataset/clips/images\svk_id\50\000151.jpg,svk_id,50,000151.jpg,0.6226374,genuine,1
dataset/clips/images\fin_id\19\000301.jpg,fin_id,19,000301.jpg,0.6869464,genuine,1
dataset/clips/images\aze_passport\74\000037.jpg,aze_passport,74,000037.jpg,0.57869995,genuine,1
dataset/clips/images\esp_id\16\000307.jpg,esp_id,16,000307.jpg,0.862896,genuine,1
dataset/clips/images\fin_id\79\000217.jpg,fin_id,79,000217.jpg,0.49237773,fake,0
dataset/clips/images\fin_id\06\000325.jpg,fin_id,06,000325.jpg,0.4802116,fake,0
dataset/clips/images\aze_passport\10\000325.jpg,aze_passport,10,000325.jpg,0.80283654,genuine,1
dataset/clips/images\fin_id\40\000277.jpg,fin_id,40,000277.jpg,0.75184685,genuine,1
dataset/clips/images\lva_passport\15\000271.jpg,lva_passport,15,000271.jpg,0.72049344,genuine,1
dataset/clips/images\alb_id\27\000079.jpg,alb_id,27,000079.jpg,0.45449197,fake,0
dataset/clips/images\est_id\37\000313.jpg,est_id,37,000313.jpg,0.5191604,genuine,1
dataset/clips/images\rus_internalpassport\26\000055.jpg,rus_internalpassport,26,000055.jpg,0.2675906,fake,0
dataset/clips/images\svk_id\44\000103.jpg,svk_id,44,000103.jpg,0.9882102,genuine,1
dataset/clips/images\srb_passport\96\000067.jpg,srb_passport,96,000067.jpg,0.15627721,fake,0
dataset/clips/images\srb_passport\99\000271.jpg,srb_passport,99,000271.jpg,0.16658121,fake,0
dataset/clips/images\grc_passport\78\000217.jpg,grc_passport,78,000217.jpg,0.018398615,fake,0
dataset/clips/images\fin_id\21\000043.jpg,fin_id,21,000043.jpg,0.5400864,genuine,1
dataset/clips/images\aze_passport\69\000079.jpg,aze_passport,69,000079.jpg,0.03234028,fake,0
dataset/clips/images\alb_id\52\000235.jpg,alb_id,52,000235.jpg,0.45675558,fake,0
dataset/clips/images\lva_passport\32\000127.jpg,lva_passport,32,000127.jpg,0.26795924,fake,0
dataset/clips/images\srb_passport\24\000259.jpg,srb_passport,24,000259.jpg,0.18961576,fake,0
dataset/clips/images\svk_id\24\000289.jpg,svk_id,24,000289.jpg,0.9442389,genuine,1
dataset/clips/images\aze_passport\13\000229.jpg,aze_passport,13,000229.jpg,0.821905,genuine,1
dataset/clips/images\rus_internalpassport\96\000349.jpg,rus_internalpassport,96,000349.jpg,0.4184965,fake,0
dataset/clips/images\est_id\21\000169.jpg,est_id,21,000169.jpg,0.5438601,genuine,1
dataset/clips/images\grc_passport\28\000337.jpg,grc_passport,28,000337.jpg,0.23254603,fake,0
dataset/clips/images\grc_passport\75\000427.jpg,grc_passport,75,000427.jpg,0.73305416,genuine,1
dataset/clips/images\grc_passport\09\000055.jpg,grc_passport,09,000055.jpg,0.86919326,genuine,1
dataset/clips/images\grc_passport\81\000145.jpg,grc_passport,81,000145.jpg,0.023195397,fake,0
dataset/clips/images\fin_id\07\000115.jpg,fin_id,07,000115.jpg,0.61736655,genuine,1
dataset/clips/images\srb_passport\73\000565.jpg,srb_passport,73,000565.jpg,0.03957554,fake,0
dataset/clips/images\grc_passport\33\000349.jpg,grc_passport,33,000349.jpg,0.5107534,genuine,1
dataset/clips/images\rus_internalpassport\05\000151.jpg,rus_internalpassport,05,000151.jpg,0.8025825,genuine,1
dataset/clips/images\esp_id\73\000247.jpg,esp_id,73,000247.jpg,0.6716611,genuine,1
dataset/clips/images\est_id\66\000295.jpg,est_id,66,000295.jpg,0.28976664,fake,0
dataset/clips/images\est_id\74\000025.jpg,est_id,74,000025.jpg,0.45717433,fake,0
dataset/clips/images\grc_passport\28\000211.jpg,grc_passport,28,000211.jpg,0.067419864,fake,0
dataset/clips/images\aze_passport\31\000133.jpg,aze_passport,31,000133.jpg,0.3683798,fake,0
dataset/clips/images\esp_id\52\000391.jpg,esp_id,52,000391.jpg,0.15646519,fake,0
dataset/clips/images\esp_id\74\000355.jpg,esp_id,74,000355.jpg,0.7903,genuine,1
dataset/clips/images\alb_id\74\000373.jpg,alb_id,74,000373.jpg,0.0024497071,fake,0
dataset/clips/images\aze_passport\65\000127.jpg,aze_passport,65,000127.jpg,0.19004773,fake,0
dataset/clips/images\fin_id\73\000205.jpg,fin_id,73,000205.jpg,0.26178735,fake,0
dataset/clips/images\lva_passport\70\000355.jpg,lva_passport,70,000355.jpg,0.1136801,fake,0
dataset/clips/images\lva_passport\11\000217.jpg,lva_passport,11,000217.jpg,0.93228805,genuine,1
dataset/clips/images\srb_passport\23\000037.jpg,srb_passport,23,000037.jpg,0.25677508,fake,0
dataset/clips/images\srb_passport\28\000097.jpg,srb_passport,28,000097.jpg,0.22761498,fake,0
dataset/clips/images\svk_id\78\000127.jpg,svk_id,78,000127.jpg,0.897449,genuine,1
dataset/clips/images\lva_passport\71\000277.jpg,lva_passport,71,000277.jpg,0.38625398,fake,0
dataset/clips/images\srb_passport\76\000475.jpg,srb_passport,76,000475.jpg,0.7759752,genuine,1
dataset/clips/images\aze_passport\69\000175.jpg,aze_passport,69,000175.jpg,0.009229889,fake,0
dataset/clips/images\aze_passport\72\000295.jpg,aze_passport,72,000295.jpg,0.7577154,genuine,1
dataset/clips/images\esp_id\83\000313.jpg,esp_id,83,000313.jpg,0.7956528,genuine,1
dataset/clips/images\esp_id\90\000091.jpg,esp_id,90,000091.jpg,0.72592854,genuine,1
dataset/clips/images\srb_passport\45\000001.jpg,srb_passport,45,000001.jpg,0.5311922,genuine,1
dataset/clips/images\aze_passport\19\000319.jpg,aze_passport,19,000319.jpg,0.38322484,fake,0
dataset/clips/images\fin_id\73\000343.jpg,fin_id,73,000343.jpg,0.7592028,genuine,1
dataset/clips/images\alb_id\14\000025.jpg,alb_id,14,000025.jpg,0.4965618,fake,0
dataset/clips/images\est_id\85\000439.jpg,est_id,85,000439.jpg,0.62151706,genuine,1
dataset/clips/images\srb_passport\79\000289.jpg,srb_passport,79,000289.jpg,0.50958705,genuine,1
dataset/clips/images\svk_id\90\000169.jpg,svk_id,90,000169.jpg,0.5224338,genuine,1
dataset/clips/images\lva_passport\21\000007.jpg,lva_passport,21,000007.jpg,0.45626453,fake,0
dataset/clips/images\rus_internalpassport\68\000265.jpg,rus_internalpassport,68,000265.jpg,0.51576674,genuine,1
dataset/clips/images\est_id\81\000469.jpg,est_id,81,000469.jpg,0.61747974,genuine,1
dataset/clips/images\esp_id\61\000199.jpg,esp_id,61,000199.jpg,0.5286677,genuine,1
dataset/clips/images\svk_id\23\000163.jpg,svk_id,23,000163.jpg,0.8325368,genuine,1
dataset/clips/images\esp_id\31\000349.jpg,esp_id,31,000349.jpg,0.26665294,fake,0
dataset/clips/images\grc_passport\01\000121.jpg,grc_passport,01,000121.jpg,0.70238495,genuine,1
dataset/clips/images\lva_passport\35\000265.jpg,lva_passport,35,000265.jpg,0.85395586,genuine,1
dataset/clips/images\aze_passport\32\000355.jpg,aze_passport,32,000355.jpg,0.42926747,fake,0
dataset/clips/images\rus_internalpassport\48\000067.jpg,rus_internalpassport,48,000067.jpg,0.09046295,fake,0
dataset/clips/images\rus_internalpassport\99\000343.jpg,rus_internalpassport,99,000343.jpg,0.124952435,fake,0
dataset/clips/images\lva_passport\02\000181.jpg,lva_passport,02,000181.jpg,0.79426944,genuine,1
dataset/clips/images\alb_id\81\000343.jpg,alb_id,81,000343.jpg,0.044301577,fake,0
dataset/clips/images\grc_passport\38\000217.jpg,grc_passport,38,000217.jpg,0.6519278,genuine,1
dataset/clips/images\aze_passport\83\000481.jpg,aze_passport,83,000481.jpg,0.0036217975,fake,0
dataset/clips/images\fin_id\19\000229.jpg,fin_id,19,000229.jpg,0.9067672,genuine,1
dataset/clips/images\alb_id\32\000019.jpg,alb_id,32,000019.jpg,0.72392327,genuine,1
dataset/clips/images\esp_id\33\000259.jpg,esp_id,33,000259.jpg,0.06625652,fake,0
dataset/clips/images\est_id\66\000199.jpg,est_id,66,000199.jpg,0.260647,fake,0
dataset/clips/images\est_id\52\000133.jpg,est_id,52,000133.jpg,0.30522057,fake,0
dataset/clips/images\esp_id\95\000121.jpg,esp_id,95,000121.jpg,0.15761386,fake,0
dataset/clips/images\svk_id\03\000301.jpg,svk_id,03,000301.jpg,0.9730139,genuine,1
dataset/clips/images\grc_passport\03\000013.jpg,grc_passport,03,000013.jpg,0.47370237,fake,0
dataset/clips/images\aze_passport\47\000259.jpg,aze_passport,47,000259.jpg,0.011625497,fake,0
dataset/clips/images\grc_passport\65\000331.jpg,grc_passport,65,000331.jpg,0.09213934,fake,0
dataset/clips/images\rus_internalpassport\81\000337.jpg,rus_internalpassport,81,000337.jpg,0.45200732,fake,0
dataset/clips/images\rus_internalpassport\99\000409.jpg,rus_internalpassport,99,000409.jpg,0.02962794,fake,0
dataset/clips/images\rus_internalpassport\04\000319.jpg,rus_internalpassport,04,000319.jpg,0.69576687,genuine,1
dataset/clips/images\svk_id\36\000001.jpg,svk_id,36,000001.jpg,0.49015465,fake,0
dataset/clips/images\grc_passport\65\000109.jpg,grc_passport,65,000109.jpg,0.04972711,fake,0
dataset/clips/images\lva_passport\17\000139.jpg,lva_passport,17,000139.jpg,0.95900524,genuine,1
dataset/clips/images\svk_id\98\000181.jpg,svk_id,98,000181.jpg,0.19327085,fake,0
dataset/clips/images\rus_internalpassport\30\000049.jpg,rus_internalpassport,30,000049.jpg,0.63240445,genuine,1
dataset/clips/images\fin_id\03\000031.jpg,fin_id,03,000031.jpg,0.87392014,genuine,1
dataset/clips/images\svk_id\13\000175.jpg,svk_id,13,000175.jpg,0.8874704,genuine,1
dataset/clips/images\esp_id\86\000343.jpg,esp_id,86,000343.jpg,0.18204607,fake,0
dataset/clips/images\svk_id\80\000097.jpg,svk_id,80,000097.jpg,0.97945684,genuine,1
dataset/clips/images\est_id\60\000247.jpg,est_id,60,000247.jpg,0.40195987,fake,0
dataset/clips/images\rus_internalpassport\63\000031.jpg,rus_internalpassport,63,000031.jpg,0.054815948,fake,0
dataset/clips/images\est_id\64\000457.jpg,est_id,64,000457.jpg,0.395677,fake,0
dataset/clips/images\alb_id\02\000247.jpg,alb_id,02,000247.jpg,0.45153844,fake,0
dataset/clips/images\est_id\27\000271.jpg,est_id,27,000271.jpg,0.5255928,genuine,1
dataset/clips/images\aze_passport\33\000139.jpg,aze_passport,33,000139.jpg,0.30740124,fake,0
dataset/clips/images\fin_id\75\000073.jpg,fin_id,75,000073.jpg,0.95056885,genuine,1
dataset/clips/images\est_id\28\000223.jpg,est_id,28,000223.jpg,0.5944409,genuine,1
dataset/clips/images\rus_internalpassport\54\000313.jpg,rus_internalpassport,54,000313.jpg,0.6141768,genuine,1
dataset/clips/images\aze_passport\32\000343.jpg,aze_passport,32,000343.jpg,0.45706832,fake,0
dataset/clips/images\est_id\36\000079.jpg,est_id,36,000079.jpg,0.8613792,genuine,1
dataset/clips/images\alb_id\50\000301.jpg,alb_id,50,000301.jpg,0.7631424,genuine,1
dataset/clips/images\alb_id\88\000277.jpg,alb_id,88,000277.jpg,0.45771363,fake,0
dataset/clips/images\svk_id\10\000259.jpg,svk_id,10,000259.jpg,0.9677006,genuine,1
dataset/clips/images\svk_id\52\000211.jpg,svk_id,52,000211.jpg,0.9437443,genuine,1
dataset/clips/images\svk_id\83\000025.jpg,svk_id,83,000025.jpg,0.8433123,genuine,1
dataset/clips/images\esp_id\36\000145.jpg,esp_id,36,000145.jpg,0.02578295,fake,0
dataset/clips/images\lva_passport\23\000217.jpg,lva_passport,23,000217.jpg,0.6985339,genuine,1
dataset/clips/images\esp_id\87\000409.jpg,esp_id,87,000409.jpg,0.4831405,fake,0
dataset/clips/images\aze_passport\49\000331.jpg,aze_passport,49,000331.jpg,0.26586708,fake,0
dataset/clips/images\alb_id\68\000193.jpg,alb_id,68,000193.jpg,0.09802793,fake,0
dataset/clips/images\srb_passport\91\000205.jpg,srb_passport,91,000205.jpg,0.16012745,fake,0
dataset/clips/images\rus_internalpassport\39\000271.jpg,rus_internalpassport,39,000271.jpg,0.40988475,fake,0
dataset/clips/images\aze_passport\76\000523.jpg,aze_passport,76,000523.jpg,0.5924525,genuine,1
dataset/clips/images\svk_id\92\000187.jpg,svk_id,92,000187.jpg,0.90899646,genuine,1
dataset/clips/images\est_id\87\000079.jpg,est_id,87,000079.jpg,0.5273238,genuine,1
dataset/clips/images\srb_passport\31\000229.jpg,srb_passport,31,000229.jpg,0.6631808,genuine,1
dataset/clips/images\alb_id\70\000343.jpg,alb_id,70,000343.jpg,0.7131605,genuine,1
dataset/clips/images\aze_passport\88\000139.jpg,aze_passport,88,000139.jpg,0.2002157,fake,0
dataset/clips/images\svk_id\65\000037.jpg,svk_id,65,000037.jpg,0.5434295,genuine,1
dataset/clips/images\fin_id\30\000055.jpg,fin_id,30,000055.jpg,0.7685862,genuine,1
dataset/clips/images\srb_passport\70\000397.jpg,srb_passport,70,000397.jpg,0.78946054,genuine,1
dataset/clips/images\alb_id\88\000265.jpg,alb_id,88,000265.jpg,0.44065994,fake,0
dataset/clips/images\lva_passport\70\000229.jpg,lva_passport,70,000229.jpg,0.34571704,fake,0
dataset/clips/images\grc_passport\34\000307.jpg,grc_passport,34,000307.jpg,0.355181,fake,0
dataset/clips/images\fin_id\35\000049.jpg,fin_id,35,000049.jpg,0.8822913,genuine,1
dataset/clips/images\aze_passport\52\000325.jpg,aze_passport,52,000325.jpg,0.6365057,genuine,1
dataset/clips/images\lva_passport\31\000343.jpg,lva_passport,31,000343.jpg,0.5774361,genuine,1
dataset/clips/images\grc_passport\53\000373.jpg,grc_passport,53,000373.jpg,0.15069199,fake,0
dataset/clips/images\grc_passport\55\000055.jpg,grc_passport,55,000055.jpg,0.14775029,fake,0
dataset/clips/images\fin_id\23\000151.jpg,fin_id,23,000151.jpg,0.8288543,genuine,1
dataset/clips/images\svk_id\12\000271.jpg,svk_id,12,000271.jpg,0.9060578,genuine,1
dataset/clips/images\srb_passport\09\000001.jpg,srb_passport,09,000001.jpg,0.7765517,genuine,1
dataset/clips/images\lva_passport\79\000463.jpg,lva_passport,79,000463.jpg,0.67950547,genuine,1
dataset/clips/images\alb_id\07\000409.jpg,alb_id,07,000409.jpg,0.17329991,fake,0
dataset/clips/images\aze_passport\86\000421.jpg,aze_passport,86,000421.jpg,0.0045167743,fake,0
dataset/clips/images\lva_passport\82\000151.jpg,lva_passport,82,000151.jpg,0.0825509,fake,0
dataset/clips/images\est_id\07\000415.jpg,est_id,07,000415.jpg,0.4844044,fake,0
dataset/clips/images\srb_passport\00\000103.jpg,srb_passport,00,000103.jpg,0.7322241,genuine,1
dataset/clips/images\est_id\40\000265.jpg,est_id,40,000265.jpg,0.8934771,genuine,1
dataset/clips/images\fin_id\94\000157.jpg,fin_id,94,000157.jpg,0.50376004,genuine,1
dataset/clips/images\alb_id\77\000523.jpg,alb_id,77,000523.jpg,0.64448154,genuine,1
dataset/clips/images\svk_id\18\000385.jpg,svk_id,18,000385.jpg,0.6192096,genuine,1
dataset/clips/images\esp_id\00\000283.jpg,esp_id,00,000283.jpg,0.8978676,genuine,1
dataset/clips/images\rus_internalpassport\12\000097.jpg,rus_internalpassport,12,000097.jpg,0.8398918,genuine,1
dataset/clips/images\aze_passport\53\000121.jpg,aze_passport,53,000121.jpg,0.110415295,fake,0
dataset/clips/images\est_id\91\000013.jpg,est_id,91,000013.jpg,0.2963057,fake,0
dataset/clips/images\grc_passport\02\000355.jpg,grc_passport,02,000355.jpg,0.88008845,genuine,1
dataset/clips/images\svk_id\61\000109.jpg,svk_id,61,000109.jpg,0.2937242,fake,0
dataset/clips/images\est_id\71\000001.jpg,est_id,71,000001.jpg,0.47524112,fake,0
dataset/clips/images\est_id\88\000151.jpg,est_id,88,000151.jpg,0.24372822,fake,0
dataset/clips/images\aze_passport\82\000061.jpg,aze_passport,82,000061.jpg,0.04176918,fake,0
dataset/clips/images\esp_id\34\000367.jpg,esp_id,34,000367.jpg,0.11445714,fake,0
dataset/clips/images\lva_passport\62\000055.jpg,lva_passport,62,000055.jpg,0.054578815,fake,0
dataset/clips/images\svk_id\62\000097.jpg,svk_id,62,000097.jpg,0.1854553,fake,0
dataset/clips/images\aze_passport\06\000037.jpg,aze_passport,06,000037.jpg,0.6289645,genuine,1
dataset/clips/images\srb_passport\60\000283.jpg,srb_passport,60,000283.jpg,0.092841655,fake,0
dataset/clips/images\esp_id\31\000259.jpg,esp_id,31,000259.jpg,0.47372112,fake,0
dataset/clips/images\lva_passport\23\000193.jpg,lva_passport,23,000193.jpg,0.62508273,genuine,1
dataset/clips/images\est_id\87\000313.jpg,est_id,87,000313.jpg,0.5212606,genuine,1
dataset/clips/images\esp_id\38\000073.jpg,esp_id,38,000073.jpg,0.85658956,genuine,1
dataset/clips/images\esp_id\87\000319.jpg,esp_id,87,000319.jpg,0.6035072,genuine,1
dataset/clips/images\srb_passport\94\000337.jpg,srb_passport,94,000337.jpg,0.40830135,fake,0
dataset/clips/images\rus_internalpassport\79\000391.jpg,rus_internalpassport,79,000391.jpg,0.36661834,fake,0
dataset/clips/images\lva_passport\90\000055.jpg,lva_passport,90,000055.jpg,0.6024488,genuine,1
dataset/clips/images\rus_internalpassport\88\000187.jpg,rus_internalpassport,88,000187.jpg,0.36291718,fake,0
dataset/clips/images\svk_id\22\000319.jpg,svk_id,22,000319.jpg,0.7788269,genuine,1
dataset/clips/images\fin_id\14\000127.jpg,fin_id,14,000127.jpg,0.92487586,genuine,1
dataset/clips/images\est_id\79\000289.jpg,est_id,79,000289.jpg,0.71624506,genuine,1
dataset/clips/images\aze_passport\97\000175.jpg,aze_passport,97,000175.jpg,0.12672596,fake,0
dataset/clips/images\grc_passport\11\000145.jpg,grc_passport,11,000145.jpg,0.60727936,genuine,1
dataset/clips/images\aze_passport\04\000115.jpg,aze_passport,04,000115.jpg,0.16604482,fake,0
dataset/clips/images\rus_internalpassport\14\000433.jpg,rus_internalpassport,14,000433.jpg,0.69349885,genuine,1
dataset/clips/images\esp_id\70\000403.jpg,esp_id,70,000403.jpg,0.06854565,fake,0
dataset/clips/images\est_id\52\000061.jpg,est_id,52,000061.jpg,0.277506,fake,0
dataset/clips/images\srb_passport\07\000133.jpg,srb_passport,07,000133.jpg,0.9737931,genuine,1
dataset/clips/images\aze_passport\70\000157.jpg,aze_passport,70,000157.jpg,0.8196615,genuine,1
dataset/clips/images\lva_passport\33\000067.jpg,lva_passport,33,000067.jpg,0.5399884,genuine,1
dataset/clips/images\esp_id\49\000331.jpg,esp_id,49,000331.jpg,0.13868915,fake,0
dataset/clips/images\alb_id\39\000223.jpg,alb_id,39,000223.jpg,0.20064753,fake,0
dataset/clips/images\lva_passport\79\000493.jpg,lva_passport,79,000493.jpg,0.3855073,fake,0
dataset/clips/images\alb_id\01\000235.jpg,alb_id,01,000235.jpg,0.26822302,fake,0
dataset/clips/images\srb_passport\55\000079.jpg,srb_passport,55,000079.jpg,0.12025302,fake,0
dataset/clips/images\lva_passport\14\000265.jpg,lva_passport,14,000265.jpg,0.7164071,genuine,1
dataset/clips/images\grc_passport\28\000007.jpg,grc_passport,28,000007.jpg,0.2249706,fake,0
dataset/clips/images\aze_passport\14\000151.jpg,aze_passport,14,000151.jpg,0.15698649,fake,0
dataset/clips/images\srb_passport\56\000235.jpg,srb_passport,56,000235.jpg,0.3938175,fake,0
dataset/clips/images\esp_id\40\000055.jpg,esp_id,40,000055.jpg,0.9975359,genuine,1
dataset/clips/images\grc_passport\74\000025.jpg,grc_passport,74,000025.jpg,0.91807204,genuine,1
dataset/clips/images\srb_passport\49\000019.jpg,srb_passport,49,000019.jpg,0.22546548,fake,0
dataset/clips/images\srb_passport\50\000289.jpg,srb_passport,50,000289.jpg,0.58231544,genuine,1
dataset/clips/images\alb_id\19\000133.jpg,alb_id,19,000133.jpg,0.542552,genuine,1
dataset/clips/images\esp_id\10\000331.jpg,esp_id,10,000331.jpg,0.8327481,genuine,1
dataset/clips/images\esp_id\95\000163.jpg,esp_id,95,000163.jpg,0.2937011,fake,0
dataset/clips/images\aze_passport\63\000109.jpg,aze_passport,63,000109.jpg,0.14866394,fake,0
dataset/clips/images\svk_id\20\000247.jpg,svk_id,20,000247.jpg,0.76481557,genuine,1
dataset/clips/images\lva_passport\82\000145.jpg,lva_passport,82,000145.jpg,0.1657295,fake,0
dataset/clips/images\rus_internalpassport\19\000313.jpg,rus_internalpassport,19,000313.jpg,0.49156904,fake,0
dataset/clips/images\lva_passport\14\000301.jpg,lva_passport,14,000301.jpg,0.90407336,genuine,1
dataset/clips/images\srb_passport\31\000205.jpg,srb_passport,31,000205.jpg,0.6544611,genuine,1
dataset/clips/images\rus_internalpassport\93\000211.jpg,rus_internalpassport,93,000211.jpg,0.86031216,genuine,1
dataset/clips/images\aze_passport\43\000073.jpg,aze_passport,43,000073.jpg,0.4824991,fake,0
dataset/clips/images\lva_passport\75\000175.jpg,lva_passport,75,000175.jpg,0.5389286,genuine,1
dataset/clips/images\rus_internalpassport\03\000265.jpg,rus_internalpassport,03,000265.jpg,0.9421298,genuine,1
dataset/clips/images\rus_internalpassport\11\000241.jpg,rus_internalpassport,11,000241.jpg,0.55478,genuine,1
dataset/clips/images\srb_passport\20\000073.jpg,srb_passport,20,000073.jpg,0.8814106,genuine,1
dataset/clips/images\alb_id\81\000385.jpg,alb_id,81,000385.jpg,0.060407225,fake,0
dataset/clips/images\esp_id\36\000331.jpg,esp_id,36,000331.jpg,0.39092207,fake,0
dataset/clips/images\lva_passport\31\000289.jpg,lva_passport,31,000289.jpg,0.66013914,genuine,1
dataset/clips/images\srb_passport\23\000025.jpg,srb_passport,23,000025.jpg,0.20230009,fake,0
dataset/clips/images\lva_passport\82\000385.jpg,lva_passport,82,000385.jpg,0.6004347,genuine,1
dataset/clips/images\aze_passport\56\000031.jpg,aze_passport,56,000031.jpg,0.4648328,fake,0
dataset/clips/images\alb_id\04\000097.jpg,alb_id,04,000097.jpg,0.2587333,fake,0
dataset/clips/images\aze_passport\54\000223.jpg,aze_passport,54,000223.jpg,0.07481154,fake,0
dataset/clips/images\alb_id\88\000409.jpg,alb_id,88,000409.jpg,0.70606303,genuine,1
dataset/clips/images\lva_passport\63\000349.jpg,lva_passport,63,000349.jpg,0.12513666,fake,0
dataset/clips/images\est_id\62\000151.jpg,est_id,62,000151.jpg,0.41138914,fake,0
dataset/clips/images\lva_passport\73\000439.jpg,lva_passport,73,000439.jpg,0.59172213,genuine,1
dataset/clips/images\fin_id\07\000385.jpg,fin_id,07,000385.jpg,0.4180119,fake,0
dataset/clips/images\srb_passport\76\000121.jpg,srb_passport,76,000121.jpg,0.6793087,genuine,1
dataset/clips/images\svk_id\11\000157.jpg,svk_id,11,000157.jpg,0.90910727,genuine,1
dataset/clips/images\est_id\09\000247.jpg,est_id,09,000247.jpg,0.84471154,genuine,1
dataset/clips/images\aze_passport\45\000145.jpg,aze_passport,45,000145.jpg,0.42237765,fake,0
dataset/clips/images\rus_internalpassport\53\000295.jpg,rus_internalpassport,53,000295.jpg,0.7900236,genuine,1
dataset/clips/images\est_id\85\000163.jpg,est_id,85,000163.jpg,0.3168879,fake,0
dataset/clips/images\fin_id\71\000001.jpg,fin_id,71,000001.jpg,0.6624893,genuine,1
dataset/clips/images\svk_id\35\000037.jpg,svk_id,35,000037.jpg,0.3776734,fake,0
dataset/clips/images\esp_id\80\000379.jpg,esp_id,80,000379.jpg,0.52867794,genuine,1
dataset/clips/images\aze_passport\19\000343.jpg,aze_passport,19,000343.jpg,0.273464,fake,0
dataset/clips/images\grc_passport\01\000361.jpg,grc_passport,01,000361.jpg,0.08627913,fake,0
dataset/clips/images\est_id\79\000187.jpg,est_id,79,000187.jpg,0.857064,genuine,1
dataset/clips/images\fin_id\87\000343.jpg,fin_id,87,000343.jpg,0.63011026,genuine,1
dataset/clips/images\grc_passport\02\000331.jpg,grc_passport,02,000331.jpg,0.88167524,genuine,1
dataset/clips/images\svk_id\85\000049.jpg,svk_id,85,000049.jpg,0.56592417,genuine,1
dataset/clips/images\grc_passport\88\000397.jpg,grc_passport,88,000397.jpg,0.3495723,fake,0
dataset/clips/images\est_id\98\000079.jpg,est_id,98,000079.jpg,0.19778268,fake,0
dataset/clips/images\alb_id\78\000241.jpg,alb_id,78,000241.jpg,0.14124562,fake,0
dataset/clips/images\est_id\97\000205.jpg,est_id,97,000205.jpg,0.5033765,genuine,1
dataset/clips/images\aze_passport\33\000085.jpg,aze_passport,33,000085.jpg,0.788253,genuine,1
dataset/clips/images\fin_id\54\000451.jpg,fin_id,54,000451.jpg,0.342394,fake,0
dataset/clips/images\alb_id\60\000307.jpg,alb_id,60,000307.jpg,0.13174598,fake,0
dataset/clips/images\aze_passport\73\000211.jpg,aze_passport,73,000211.jpg,0.642738,genuine,1
dataset/clips/images\est_id\03\000115.jpg,est_id,03,000115.jpg,0.2763822,fake,0
dataset/clips/images\svk_id\92\000307.jpg,svk_id,92,000307.jpg,0.9044447,genuine,1
dataset/clips/images\grc_passport\05\000277.jpg,grc_passport,05,000277.jpg,0.4886329,fake,0
dataset/clips/images\est_id\73\000139.jpg,est_id,73,000139.jpg,0.52434546,genuine,1
dataset/clips/images\rus_internalpassport\48\000055.jpg,rus_internalpassport,48,000055.jpg,0.058763567,fake,0
dataset/clips/images\aze_passport\24\000121.jpg,aze_passport,24,000121.jpg,0.22291665,fake,0
dataset/clips/images\esp_id\67\000127.jpg,esp_id,67,000127.jpg,0.26651156,fake,0
dataset/clips/images\lva_passport\54\000367.jpg,lva_passport,54,000367.jpg,0.032236043,fake,0
dataset/clips/images\esp_id\63\000337.jpg,esp_id,63,000337.jpg,0.35383114,fake,0
dataset/clips/images\est_id\62\000301.jpg,est_id,62,000301.jpg,0.29918426,fake,0
dataset/clips/images\rus_internalpassport\02\000223.jpg,rus_internalpassport,02,000223.jpg,0.78834933,genuine,1
dataset/clips/images\lva_passport\37\000001.jpg,lva_passport,37,000001.jpg,0.7022651,genuine,1
dataset/clips/images\aze_passport\09\000163.jpg,aze_passport,09,000163.jpg,0.3135329,fake,0
dataset/clips/images\svk_id\97\000007.jpg,svk_id,97,000007.jpg,0.24657385,fake,0
dataset/clips/images\esp_id\97\000151.jpg,esp_id,97,000151.jpg,0.81612533,genuine,1
dataset/clips/images\fin_id\74\000139.jpg,fin_id,74,000139.jpg,0.27865946,fake,0
dataset/clips/images\esp_id\00\000085.jpg,esp_id,00,000085.jpg,0.8215363,genuine,1
dataset/clips/images\rus_internalpassport\86\000127.jpg,rus_internalpassport,86,000127.jpg,0.5417342,genuine,1
dataset/clips/images\aze_passport\04\000205.jpg,aze_passport,04,000205.jpg,0.06772527,fake,0
dataset/clips/images\aze_passport\07\000355.jpg,aze_passport,07,000355.jpg,0.21572141,fake,0
dataset/clips/images\est_id\57\000097.jpg,est_id,57,000097.jpg,0.8329464,genuine,1
dataset/clips/images\aze_passport\84\000109.jpg,aze_passport,84,000109.jpg,0.55262077,genuine,1
dataset/clips/images\svk_id\26\000013.jpg,svk_id,26,000013.jpg,0.83011377,genuine,1
dataset/clips/images\est_id\75\000181.jpg,est_id,75,000181.jpg,0.86868876,genuine,1
dataset/clips/images\grc_passport\97\000007.jpg,grc_passport,97,000007.jpg,0.44308096,fake,0
dataset/clips/images\rus_internalpassport\29\000145.jpg,rus_internalpassport,29,000145.jpg,0.27499124,fake,0
dataset/clips/images\grc_passport\21\000313.jpg,grc_passport,21,000313.jpg,0.28079498,fake,0
dataset/clips/images\esp_id\39\000337.jpg,esp_id,39,000337.jpg,0.091732085,fake,0
dataset/clips/images\est_id\05\000061.jpg,est_id,05,000061.jpg,0.80960554,genuine,1
dataset/clips/images\aze_passport\51\000253.jpg,aze_passport,51,000253.jpg,0.32539704,fake,0
dataset/clips/images\fin_id\18\000385.jpg,fin_id,18,000385.jpg,0.94882977,genuine,1
dataset/clips/images\fin_id\63\000181.jpg,fin_id,63,000181.jpg,0.14242752,fake,0
dataset/clips/images\rus_internalpassport\07\000271.jpg,rus_internalpassport,07,000271.jpg,0.85876447,genuine,1
dataset/clips/images\grc_passport\38\000055.jpg,grc_passport,38,000055.jpg,0.42294064,fake,0
dataset/clips/images\rus_internalpassport\00\000187.jpg,rus_internalpassport,00,000187.jpg,0.70929873,genuine,1
dataset/clips/images\alb_id\88\000187.jpg,alb_id,88,000187.jpg,0.8570541,genuine,1
dataset/clips/images\est_id\25\000175.jpg,est_id,25,000175.jpg,0.71275973,genuine,1
dataset/clips/images\rus_internalpassport\76\000013.jpg,rus_internalpassport,76,000013.jpg,0.43585607,fake,0
dataset/clips/images\esp_id\63\000085.jpg,esp_id,63,000085.jpg,0.12596913,fake,0
dataset/clips/images\svk_id\86\000439.jpg,svk_id,86,000439.jpg,0.8248136,genuine,1
dataset/clips/images\lva_passport\33\000109.jpg,lva_passport,33,000109.jpg,0.54410505,genuine,1
dataset/clips/images\lva_passport\80\000457.jpg,lva_passport,80,000457.jpg,0.1405723,fake,0
dataset/clips/images\lva_passport\37\000151.jpg,lva_passport,37,000151.jpg,0.67272854,genuine,1
dataset/clips/images\rus_internalpassport\95\000031.jpg,rus_internalpassport,95,000031.jpg,0.82770854,genuine,1
dataset/clips/images\fin_id\31\000307.jpg,fin_id,31,000307.jpg,0.700199,genuine,1
dataset/clips/images\svk_id\21\000247.jpg,svk_id,21,000247.jpg,0.8787042,genuine,1
dataset/clips/images\srb_passport\73\000061.jpg,srb_passport,73,000061.jpg,0.7454345,genuine,1
dataset/clips/images\lva_passport\33\000133.jpg,lva_passport,33,000133.jpg,0.76500124,genuine,1
dataset/clips/images\alb_id\57\000241.jpg,alb_id,57,000241.jpg,0.2519462,fake,0
dataset/clips/images\alb_id\61\000277.jpg,alb_id,61,000277.jpg,0.11792506,fake,0
dataset/clips/images\alb_id\74\000493.jpg,alb_id,74,000493.jpg,0.005545784,fake,0
dataset/clips/images\srb_passport\16\000109.jpg,srb_passport,16,000109.jpg,0.8842753,genuine,1
dataset/clips/images\esp_id\83\000091.jpg,esp_id,83,000091.jpg,0.8813614,genuine,1
dataset/clips/images\aze_passport\40\000241.jpg,aze_passport,40,000241.jpg,0.8662229,genuine,1
dataset/clips/images\srb_passport\85\000373.jpg,srb_passport,85,000373.jpg,0.17451435,fake,0
dataset/clips/images\est_id\79\000481.jpg,est_id,79,000481.jpg,0.82421666,genuine,1
dataset/clips/images\rus_internalpassport\57\000283.jpg,rus_internalpassport,57,000283.jpg,0.08109655,fake,0
dataset/clips/images\rus_internalpassport\36\000271.jpg,rus_internalpassport,36,000271.jpg,0.51768225,genuine,1
dataset/clips/images\est_id\44\000361.jpg,est_id,44,000361.jpg,0.62670875,genuine,1
dataset/clips/images\lva_passport\22\000283.jpg,lva_passport,22,000283.jpg,0.31939015,fake,0
dataset/clips/images\srb_passport\50\000187.jpg,srb_passport,50,000187.jpg,0.6081542,genuine,1
dataset/clips/images\srb_passport\50\000277.jpg,srb_passport,50,000277.jpg,0.5754416,genuine,1
dataset/clips/images\alb_id\21\000043.jpg,alb_id,21,000043.jpg,0.46515673,fake,0
dataset/clips/images\aze_passport\83\000493.jpg,aze_passport,83,000493.jpg,0.10195946,fake,0
dataset/clips/images\svk_id\08\000019.jpg,svk_id,08,000019.jpg,0.9067763,genuine,1
dataset/clips/images\srb_passport\73\000415.jpg,srb_passport,73,000415.jpg,0.46937343,fake,0
dataset/clips/images\lva_passport\83\000511.jpg,lva_passport,83,000511.jpg,0.90702504,genuine,1
dataset/clips/images\grc_passport\35\000013.jpg,grc_passport,35,000013.jpg,0.68291086,genuine,1
dataset/clips/images\aze_passport\47\000271.jpg,aze_passport,47,000271.jpg,0.02160654,fake,0
dataset/clips/images\fin_id\46\000313.jpg,fin_id,46,000313.jpg,0.08879058,fake,0
dataset/clips/images\lva_passport\71\000355.jpg,lva_passport,71,000355.jpg,0.07619373,fake,0
dataset/clips/images\alb_id\80\000313.jpg,alb_id,80,000313.jpg,0.27260378,fake,0
dataset/clips/images\est_id\25\000337.jpg,est_id,25,000337.jpg,0.80612445,genuine,1
dataset/clips/images\svk_id\59\000379.jpg,svk_id,59,000379.jpg,0.1852617,fake,0
dataset/clips/images\lva_passport\51\000277.jpg,lva_passport,51,000277.jpg,0.036136862,fake,0
dataset/clips/images\est_id\83\000073.jpg,est_id,83,000073.jpg,0.11325786,fake,0
dataset/clips/images\esp_id\00\000061.jpg,esp_id,00,000061.jpg,0.79031396,genuine,1
dataset/clips/images\esp_id\13\000223.jpg,esp_id,13,000223.jpg,0.8880407,genuine,1
dataset/clips/images\grc_passport\11\000493.jpg,grc_passport,11,000493.jpg,0.7496842,genuine,1
dataset/clips/images\aze_passport\14\000445.jpg,aze_passport,14,000445.jpg,0.22102687,fake,0
dataset/clips/images\svk_id\72\000139.jpg,svk_id,72,000139.jpg,0.6290741,genuine,1
dataset/clips/images\srb_passport\73\000337.jpg,srb_passport,73,000337.jpg,0.09477062,fake,0
dataset/clips/images\fin_id\43\000199.jpg,fin_id,43,000199.jpg,0.22108926,fake,0
dataset/clips/images\esp_id\77\000403.jpg,esp_id,77,000403.jpg,0.67871404,genuine,1
dataset/clips/images\fin_id\96\000193.jpg,fin_id,96,000193.jpg,0.17246364,fake,0
dataset/clips/images\aze_passport\74\000097.jpg,aze_passport,74,000097.jpg,0.33378386,fake,0
dataset/clips/images\grc_passport\60\000145.jpg,grc_passport,60,000145.jpg,0.16271806,fake,0
dataset/clips/images\rus_internalpassport\27\000313.jpg,rus_internalpassport,27,000313.jpg,0.18513459,fake,0
dataset/clips/images\lva_passport\13\000157.jpg,lva_passport,13,000157.jpg,0.32896078,fake,0
dataset/clips/images\fin_id\09\000493.jpg,fin_id,09,000493.jpg,0.9817687,genuine,1
dataset/clips/images\alb_id\92\000559.jpg,alb_id,92,000559.jpg,0.29812106,fake,0
dataset/clips/images\est_id\88\000211.jpg,est_id,88,000211.jpg,0.051909342,fake,0
dataset/clips/images\grc_passport\75\000421.jpg,grc_passport,75,000421.jpg,0.30025277,fake,0
dataset/clips/images\aze_passport\58\000169.jpg,aze_passport,58,000169.jpg,0.037289407,fake,0
dataset/clips/images\fin_id\46\000337.jpg,fin_id,46,000337.jpg,0.020725,fake,0
dataset/clips/images\aze_passport\13\000121.jpg,aze_passport,13,000121.jpg,0.6431453,genuine,1
dataset/clips/images\srb_passport\61\000235.jpg,srb_passport,61,000235.jpg,0.056897324,fake,0
dataset/clips/images\esp_id\90\000229.jpg,esp_id,90,000229.jpg,0.8163137,genuine,1
dataset/clips/images\rus_internalpassport\21\000283.jpg,rus_internalpassport,21,000283.jpg,0.062030125,fake,0
dataset/clips/images\lva_passport\42\000067.jpg,lva_passport,42,000067.jpg,0.092613414,fake,0
dataset/clips/images\svk_id\02\000127.jpg,svk_id,02,000127.jpg,0.8700389,genuine,1
dataset/clips/images\rus_internalpassport\64\000049.jpg,rus_internalpassport,64,000049.jpg,0.31266809,fake,0
dataset/clips/images\srb_passport\85\000379.jpg,srb_passport,85,000379.jpg,0.17938022,fake,0
dataset/clips/images\lva_passport\34\000589.jpg,lva_passport,34,000589.jpg,0.3778136,fake,0
dataset/clips/images\srb_passport\29\000289.jpg,srb_passport,29,000289.jpg,0.14103875,fake,0
dataset/clips/images\rus_internalpassport\40\000163.jpg,rus_internalpassport,40,000163.jpg,0.9557158,genuine,1
dataset/clips/images\esp_id\54\000013.jpg,esp_id,54,000013.jpg,0.0032761323,fake,0
dataset/clips/images\aze_passport\51\000349.jpg,aze_passport,51,000349.jpg,0.8413622,genuine,1
dataset/clips/images\fin_id\59\000223.jpg,fin_id,59,000223.jpg,0.13377188,fake,0
dataset/clips/images\rus_internalpassport\84\000109.jpg,rus_internalpassport,84,000109.jpg,0.19118583,fake,0
dataset/clips/images\srb_passport\24\000211.jpg,srb_passport,24,000211.jpg,0.31453043,fake,0
dataset/clips/images\rus_internalpassport\69\000307.jpg,rus_internalpassport,69,000307.jpg,0.075161904,fake,0
dataset/clips/images\rus_internalpassport\29\000019.jpg,rus_internalpassport,29,000019.jpg,0.06169443,fake,0
dataset/clips/images\fin_id\05\000379.jpg,fin_id,05,000379.jpg,0.811923,genuine,1
dataset/clips/images\est_id\30\000367.jpg,est_id,30,000367.jpg,0.61849,genuine,1
dataset/clips/images\rus_internalpassport\78\000481.jpg,rus_internalpassport,78,000481.jpg,0.9222331,genuine,1
dataset/clips/images\aze_passport\25\000295.jpg,aze_passport,25,000295.jpg,0.252592,fake,0
dataset/clips/images\fin_id\18\000169.jpg,fin_id,18,000169.jpg,0.96341085,genuine,1
dataset/clips/images\srb_passport\92\000367.jpg,srb_passport,92,000367.jpg,0.5394997,genuine,1
dataset/clips/images\esp_id\17\000085.jpg,esp_id,17,000085.jpg,0.7791221,genuine,1
dataset/clips/images\aze_passport\02\000205.jpg,aze_passport,02,000205.jpg,0.197964,fake,0
dataset/clips/images\esp_id\80\000301.jpg,esp_id,80,000301.jpg,0.8482417,genuine,1
dataset/clips/images\esp_id\59\000325.jpg,esp_id,59,000325.jpg,0.80604047,genuine,1
dataset/clips/images\fin_id\28\000241.jpg,fin_id,28,000241.jpg,0.07945483,fake,0
dataset/clips/images\grc_passport\22\000163.jpg,grc_passport,22,000163.jpg,0.04991442,fake,0
dataset/clips/images\est_id\65\000073.jpg,est_id,65,000073.jpg,0.48278245,fake,0
dataset/clips/images\fin_id\04\000301.jpg,fin_id,04,000301.jpg,0.94364184,genuine,1
dataset/clips/images\srb_passport\28\000211.jpg,srb_passport,28,000211.jpg,0.019856883,fake,0
dataset/clips/images\aze_passport\77\000133.jpg,aze_passport,77,000133.jpg,0.5279386,genuine,1
dataset/clips/images\grc_passport\61\000031.jpg,grc_passport,61,000031.jpg,0.46010533,fake,0
dataset/clips/images\fin_id\92\000019.jpg,fin_id,92,000019.jpg,0.89488685,genuine,1
dataset/clips/images\esp_id\77\000397.jpg,esp_id,77,000397.jpg,0.541301,genuine,1
dataset/clips/images\grc_passport\31\000091.jpg,grc_passport,31,000091.jpg,0.3897786,fake,0
dataset/clips/images\esp_id\09\000439.jpg,esp_id,09,000439.jpg,0.8942781,genuine,1
dataset/clips/images\svk_id\10\000391.jpg,svk_id,10,000391.jpg,0.8231211,genuine,1
dataset/clips/images\est_id\88\000469.jpg,est_id,88,000469.jpg,0.44783974,fake,0
dataset/clips/images\aze_passport\65\000241.jpg,aze_passport,65,000241.jpg,0.7165943,genuine,1
dataset/clips/images\rus_internalpassport\63\000385.jpg,rus_internalpassport,63,000385.jpg,0.26784578,fake,0
dataset/clips/images\esp_id\41\000223.jpg,esp_id,41,000223.jpg,0.9934091,genuine,1
dataset/clips/images\svk_id\42\000235.jpg,svk_id,42,000235.jpg,0.8846671,genuine,1
dataset/clips/images\grc_passport\75\000031.jpg,grc_passport,75,000031.jpg,0.9746616,genuine,1
dataset/clips/images\aze_passport\08\000235.jpg,aze_passport,08,000235.jpg,0.108158976,fake,0
dataset/clips/images\fin_id\73\000001.jpg,fin_id,73,000001.jpg,0.91458607,genuine,1
dataset/clips/images\lva_passport\88\000067.jpg,lva_passport,88,000067.jpg,0.29010287,fake,0
dataset/clips/images\aze_passport\12\000271.jpg,aze_passport,12,000271.jpg,0.20166434,fake,0
dataset/clips/images\srb_passport\66\000379.jpg,srb_passport,66,000379.jpg,0.049548782,fake,0
dataset/clips/images\esp_id\88\000259.jpg,esp_id,88,000259.jpg,0.9153901,genuine,1
dataset/clips/images\grc_passport\99\000241.jpg,grc_passport,99,000241.jpg,0.2578411,fake,0
dataset/clips/images\esp_id\56\000211.jpg,esp_id,56,000211.jpg,0.12240621,fake,0
dataset/clips/images\grc_passport\94\000319.jpg,grc_passport,94,000319.jpg,0.10181368,fake,0
dataset/clips/images\lva_passport\02\000079.jpg,lva_passport,02,000079.jpg,0.86105096,genuine,1
dataset/clips/images\svk_id\69\000109.jpg,svk_id,69,000109.jpg,0.29797897,fake,0
dataset/clips/images\grc_passport\84\000169.jpg,grc_passport,84,000169.jpg,0.5213839,genuine,1
dataset/clips/images\grc_passport\15\000427.jpg,grc_passport,15,000427.jpg,0.67067957,genuine,1
dataset/clips/images\est_id\60\000109.jpg,est_id,60,000109.jpg,0.15523325,fake,0
dataset/clips/images\alb_id\39\000025.jpg,alb_id,39,000025.jpg,0.13507421,fake,0
dataset/clips/images\esp_id\78\000325.jpg,esp_id,78,000325.jpg,0.95943564,genuine,1
dataset/clips/images\lva_passport\07\000247.jpg,lva_passport,07,000247.jpg,0.8590604,genuine,1
dataset/clips/images\grc_passport\96\000223.jpg,grc_passport,96,000223.jpg,0.84561026,genuine,1
dataset/clips/images\fin_id\35\000169.jpg,fin_id,35,000169.jpg,0.935029,genuine,1
dataset/clips/images\aze_passport\55\000343.jpg,aze_passport,55,000343.jpg,0.057439942,fake,0
dataset/clips/images\lva_passport\22\000277.jpg,lva_passport,22,000277.jpg,0.44553453,fake,0
dataset/clips/images\grc_passport\24\000331.jpg,grc_passport,24,000331.jpg,0.45641175,fake,0
dataset/clips/images\esp_id\40\000223.jpg,esp_id,40,000223.jpg,0.9832471,genuine,1
dataset/clips/images\lva_passport\55\000247.jpg,lva_passport,55,000247.jpg,0.42422542,fake,0
dataset/clips/images\lva_passport\56\000361.jpg,lva_passport,56,000361.jpg,0.053479653,fake,0
dataset/clips/images\esp_id\17\000181.jpg,esp_id,17,000181.jpg,0.79586697,genuine,1
dataset/clips/images\srb_passport\56\000355.jpg,srb_passport,56,000355.jpg,0.21032724,fake,0
dataset/clips/images\rus_internalpassport\35\000079.jpg,rus_internalpassport,35,000079.jpg,0.35980475,fake,0
dataset/clips/images\fin_id\09\000127.jpg,fin_id,09,000127.jpg,0.81010294,genuine,1
dataset/clips/images\alb_id\99\000085.jpg,alb_id,99,000085.jpg,0.7356928,genuine,1
dataset/clips/images\lva_passport\11\000055.jpg,lva_passport,11,000055.jpg,0.6537535,genuine,1
dataset/clips/images\alb_id\51\000097.jpg,alb_id,51,000097.jpg,0.056325078,fake,0
dataset/clips/images\est_id\96\000199.jpg,est_id,96,000199.jpg,0.6932077,genuine,1
dataset/clips/images\aze_passport\22\000145.jpg,aze_passport,22,000145.jpg,0.24782652,fake,0
dataset/clips/images\aze_passport\65\000325.jpg,aze_passport,65,000325.jpg,0.3199213,fake,0
dataset/clips/images\svk_id\18\000175.jpg,svk_id,18,000175.jpg,0.99094117,genuine,1
dataset/clips/images\est_id\59\000271.jpg,est_id,59,000271.jpg,0.10226077,fake,0
dataset/clips/images\aze_passport\21\000019.jpg,aze_passport,21,000019.jpg,0.06520418,fake,0
dataset/clips/images\aze_passport\76\000109.jpg,aze_passport,76,000109.jpg,0.70582116,genuine,1
dataset/clips/images\srb_passport\67\000601.jpg,srb_passport,67,000601.jpg,0.1494238,fake,0
dataset/clips/images\srb_passport\59\000031.jpg,srb_passport,59,000031.jpg,0.01095922,fake,0
dataset/clips/images\srb_passport\78\000343.jpg,srb_passport,78,000343.jpg,0.3096281,fake,0
dataset/clips/images\alb_id\36\000349.jpg,alb_id,36,000349.jpg,0.21569782,fake,0
dataset/clips/images\rus_internalpassport\17\000133.jpg,rus_internalpassport,17,000133.jpg,0.6641067,genuine,1
dataset/clips/images\grc_passport\00\000343.jpg,grc_passport,00,000343.jpg,0.68699074,genuine,1
dataset/clips/images\fin_id\93\000325.jpg,fin_id,93,000325.jpg,0.6031116,genuine,1
dataset/clips/images\rus_internalpassport\33\000271.jpg,rus_internalpassport,33,000271.jpg,0.4737832,fake,0
dataset/clips/images\alb_id\06\000067.jpg,alb_id,06,000067.jpg,0.29568142,fake,0
dataset/clips/images\rus_internalpassport\09\000295.jpg,rus_internalpassport,09,000295.jpg,0.7028563,genuine,1
dataset/clips/images\esp_id\75\000019.jpg,esp_id,75,000019.jpg,0.92711234,genuine,1
dataset/clips/images\svk_id\29\000127.jpg,svk_id,29,000127.jpg,0.855107,genuine,1
dataset/clips/images\aze_passport\41\000043.jpg,aze_passport,41,000043.jpg,0.5966389,genuine,1
dataset/clips/images\grc_passport\55\000415.jpg,grc_passport,55,000415.jpg,0.4258701,fake,0
dataset/clips/images\srb_passport\02\000379.jpg,srb_passport,02,000379.jpg,0.8334167,genuine,1
dataset/clips/images\grc_passport\98\000259.jpg,grc_passport,98,000259.jpg,0.33144614,fake,0
dataset/clips/images\svk_id\00\000097.jpg,svk_id,00,000097.jpg,0.6970777,genuine,1
dataset/clips/images\srb_passport\78\000421.jpg,srb_passport,78,000421.jpg,0.51072663,genuine,1
dataset/clips/images\rus_internalpassport\13\000235.jpg,rus_internalpassport,13,000235.jpg,0.46166602,fake,0
dataset/clips/images\esp_id\74\000103.jpg,esp_id,74,000103.jpg,0.7595866,genuine,1
dataset/clips/images\svk_id\29\000301.jpg,svk_id,29,000301.jpg,0.93311495,genuine,1
dataset/clips/images\grc_passport\21\000349.jpg,grc_passport,21,000349.jpg,0.36190778,fake,0
dataset/clips/images\esp_id\87\000163.jpg,esp_id,87,000163.jpg,0.44613695,fake,0
dataset/clips/images\lva_passport\75\000439.jpg,lva_passport,75,000439.jpg,0.6166576,genuine,1
dataset/clips/images\svk_id\77\000349.jpg,svk_id,77,000349.jpg,0.84883106,genuine,1
dataset/clips/images\svk_id\93\000199.jpg,svk_id,93,000199.jpg,0.38310918,fake,0
dataset/clips/images\est_id\91\000049.jpg,est_id,91,000049.jpg,0.5408326,genuine,1
dataset/clips/images\est_id\68\000085.jpg,est_id,68,000085.jpg,0.34033504,fake,0
dataset/clips/images\est_id\70\000715.jpg,est_id,70,000715.jpg,0.64850736,genuine,1
dataset/clips/images\grc_passport\10\000055.jpg,grc_passport,10,000055.jpg,0.69565016,genuine,1
dataset/clips/images\aze_passport\77\000313.jpg,aze_passport,77,000313.jpg,0.72360766,genuine,1
dataset/clips/images\rus_internalpassport\68\000169.jpg,rus_internalpassport,68,000169.jpg,0.22998211,fake,0
dataset/clips/images\svk_id\32\000061.jpg,svk_id,32,000061.jpg,0.41907036,fake,0
dataset/clips/images\srb_passport\24\000271.jpg,srb_passport,24,000271.jpg,0.10637549,fake,0
dataset/clips/images\aze_passport\74\000007.jpg,aze_passport,74,000007.jpg,0.5332474,genuine,1
dataset/clips/images\srb_passport\80\000187.jpg,srb_passport,80,000187.jpg,0.08339716,fake,0
dataset/clips/images\lva_passport\95\000247.jpg,lva_passport,95,000247.jpg,0.29057428,fake,0
dataset/clips/images\lva_passport\61\000379.jpg,lva_passport,61,000379.jpg,0.06641225,fake,0
dataset/clips/images\srb_passport\08\000115.jpg,srb_passport,08,000115.jpg,0.73004675,genuine,1
dataset/clips/images\svk_id\04\000175.jpg,svk_id,04,000175.jpg,0.7756241,genuine,1
dataset/clips/images\lva_passport\85\000169.jpg,lva_passport,85,000169.jpg,0.8413942,genuine,1
dataset/clips/images\est_id\75\000367.jpg,est_id,75,000367.jpg,0.70360947,genuine,1
dataset/clips/images\srb_passport\30\000001.jpg,srb_passport,30,000001.jpg,0.8252784,genuine,1
dataset/clips/images\fin_id\02\000295.jpg,fin_id,02,000295.jpg,0.41884628,fake,0
dataset/clips/images\grc_passport\05\000163.jpg,grc_passport,05,000163.jpg,0.7709584,genuine,1
dataset/clips/images\est_id\62\000025.jpg,est_id,62,000025.jpg,0.3775384,fake,0
dataset/clips/images\fin_id\69\000325.jpg,fin_id,69,000325.jpg,0.22903128,fake,0
dataset/clips/images\aze_passport\48\000265.jpg,aze_passport,48,000265.jpg,0.022511484,fake,0
dataset/clips/images\est_id\07\000445.jpg,est_id,07,000445.jpg,0.54446065,genuine,1
dataset/clips/images\rus_internalpassport\75\000247.jpg,rus_internalpassport,75,000247.jpg,0.92571664,genuine,1
dataset/clips/images\srb_passport\41\000193.jpg,srb_passport,41,000193.jpg,0.005756215,fake,0
dataset/clips/images\rus_internalpassport\67\000259.jpg,rus_internalpassport,67,000259.jpg,0.650298,genuine,1
dataset/clips/images\fin_id\17\000031.jpg,fin_id,17,000031.jpg,0.92715275,genuine,1
dataset/clips/images\aze_passport\89\000091.jpg,aze_passport,89,000091.jpg,0.45907333,fake,0
dataset/clips/images\esp_id\71\000397.jpg,esp_id,71,000397.jpg,0.07510945,fake,0
dataset/clips/images\srb_passport\90\000001.jpg,srb_passport,90,000001.jpg,0.26710153,fake,0
dataset/clips/images\rus_internalpassport\51\000151.jpg,rus_internalpassport,51,000151.jpg,0.9616687,genuine,1
dataset/clips/images\grc_passport\95\000211.jpg,grc_passport,95,000211.jpg,0.44864148,fake,0
dataset/clips/images\esp_id\26\000259.jpg,esp_id,26,000259.jpg,0.2800051,fake,0
dataset/clips/images\fin_id\56\000133.jpg,fin_id,56,000133.jpg,0.58557403,genuine,1
dataset/clips/images\esp_id\55\000085.jpg,esp_id,55,000085.jpg,0.004938089,fake,0
dataset/clips/images\fin_id\63\000265.jpg,fin_id,63,000265.jpg,0.14220074,fake,0
dataset/clips/images\rus_internalpassport\27\000325.jpg,rus_internalpassport,27,000325.jpg,0.07140508,fake,0
dataset/clips/images\rus_internalpassport\26\000061.jpg,rus_internalpassport,26,000061.jpg,0.23736402,fake,0
dataset/clips/images\fin_id\24\000175.jpg,fin_id,24,000175.jpg,0.43218574,fake,0
dataset/clips/images\aze_passport\19\000091.jpg,aze_passport,19,000091.jpg,0.60844874,genuine,1
dataset/clips/images\esp_id\92\000115.jpg,esp_id,92,000115.jpg,0.640376,genuine,1
dataset/clips/images\est_id\44\000085.jpg,est_id,44,000085.jpg,0.2725439,fake,0
dataset/clips/images\esp_id\82\000211.jpg,esp_id,82,000211.jpg,0.20608109,fake,0
dataset/clips/images\svk_id\73\000205.jpg,svk_id,73,000205.jpg,0.5302144,genuine,1
dataset/clips/images\aze_passport\33\000169.jpg,aze_passport,33,000169.jpg,0.24110599,fake,0
dataset/clips/images\est_id\02\000313.jpg,est_id,02,000313.jpg,0.9303492,genuine,1
dataset/clips/images\esp_id\53\000247.jpg,esp_id,53,000247.jpg,0.65331435,genuine,1
dataset/clips/images\grc_passport\36\000283.jpg,grc_passport,36,000283.jpg,0.40302053,fake,0
dataset/clips/images\srb_passport\32\000145.jpg,srb_passport,32,000145.jpg,0.7185175,genuine,1
dataset/clips/images\lva_passport\35\000085.jpg,lva_passport,35,000085.jpg,0.6155267,genuine,1
dataset/clips/images\srb_passport\89\000109.jpg,srb_passport,89,000109.jpg,0.051468607,fake,0
dataset/clips/images\aze_passport\82\000073.jpg,aze_passport,82,000073.jpg,0.018205967,fake,0
dataset/clips/images\rus_internalpassport\47\000037.jpg,rus_internalpassport,47,000037.jpg,0.09980094,fake,0
dataset/clips/images\srb_passport\70\000343.jpg,srb_passport,70,000343.jpg,0.86052376,genuine,1
dataset/clips/images\grc_passport\93\000091.jpg,grc_passport,93,000091.jpg,0.045373943,fake,0
dataset/clips/images\srb_passport\50\000259.jpg,srb_passport,50,000259.jpg,0.8094036,genuine,1
dataset/clips/images\svk_id\65\000289.jpg,svk_id,65,000289.jpg,0.8454522,genuine,1
dataset/clips/images\esp_id\56\000229.jpg,esp_id,56,000229.jpg,0.013760195,fake,0
dataset/clips/images\grc_passport\04\000319.jpg,grc_passport,04,000319.jpg,0.082301565,fake,0
dataset/clips/images\svk_id\82\000181.jpg,svk_id,82,000181.jpg,0.74302995,genuine,1
dataset/clips/images\rus_internalpassport\81\000169.jpg,rus_internalpassport,81,000169.jpg,0.69650507,genuine,1
dataset/clips/images\est_id\09\000403.jpg,est_id,09,000403.jpg,0.92254835,genuine,1
dataset/clips/images\grc_passport\14\000079.jpg,grc_passport,14,000079.jpg,0.4051971,fake,0
dataset/clips/images\svk_id\21\000067.jpg,svk_id,21,000067.jpg,0.8142598,genuine,1
dataset/clips/images\rus_internalpassport\52\000235.jpg,rus_internalpassport,52,000235.jpg,0.07064501,fake,0
dataset/clips/images\esp_id\08\000169.jpg,esp_id,08,000169.jpg,0.85041165,genuine,1
dataset/clips/images\aze_passport\18\000139.jpg,aze_passport,18,000139.jpg,0.67498326,genuine,1
dataset/clips/images\alb_id\23\000343.jpg,alb_id,23,000343.jpg,0.08770637,fake,0
dataset/clips/images\est_id\77\000445.jpg,est_id,77,000445.jpg,0.6976191,genuine,1
dataset/clips/images\srb_passport\99\000307.jpg,srb_passport,99,000307.jpg,0.04391487,fake,0
dataset/clips/images\grc_passport\14\000505.jpg,grc_passport,14,000505.jpg,0.120995685,fake,0
dataset/clips/images\fin_id\14\000145.jpg,fin_id,14,000145.jpg,0.89877367,genuine,1
dataset/clips/images\srb_passport\45\000313.jpg,srb_passport,45,000313.jpg,0.56908816,genuine,1
dataset/clips/images\alb_id\50\000163.jpg,alb_id,50,000163.jpg,0.9313129,genuine,1
dataset/clips/images\grc_passport\36\000043.jpg,grc_passport,36,000043.jpg,0.1474033,fake,0
dataset/clips/images\rus_internalpassport\21\000409.jpg,rus_internalpassport,21,000409.jpg,0.03711872,fake,0
dataset/clips/images\est_id\15\000349.jpg,est_id,15,000349.jpg,0.74742067,genuine,1
dataset/clips/images\grc_passport\03\000007.jpg,grc_passport,03,000007.jpg,0.58368397,genuine,1
dataset/clips/images\fin_id\91\000043.jpg,fin_id,91,000043.jpg,0.37192377,fake,0
dataset/clips/images\alb_id\88\000301.jpg,alb_id,88,000301.jpg,0.6867008,genuine,1
dataset/clips/images\rus_internalpassport\14\000211.jpg,rus_internalpassport,14,000211.jpg,0.7312428,genuine,1
dataset/clips/images\grc_passport\45\000031.jpg,grc_passport,45,000031.jpg,0.13392271,fake,0
dataset/clips/images\est_id\61\000127.jpg,est_id,61,000127.jpg,0.35991922,fake,0
dataset/clips/images\svk_id\05\000355.jpg,svk_id,05,000355.jpg,0.83794045,genuine,1
dataset/clips/images\aze_passport\82\000109.jpg,aze_passport,82,000109.jpg,0.05766894,fake,0
dataset/clips/images\aze_passport\46\000337.jpg,aze_passport,46,000337.jpg,0.2938708,fake,0
dataset/clips/images\est_id\21\000103.jpg,est_id,21,000103.jpg,0.8333415,genuine,1
dataset/clips/images\alb_id\43\000019.jpg,alb_id,43,000019.jpg,0.20017442,fake,0
dataset/clips/images\alb_id\51\000289.jpg,alb_id,51,000289.jpg,0.20019951,fake,0
dataset/clips/images\grc_passport\88\000133.jpg,grc_passport,88,000133.jpg,0.55844235,genuine,1
dataset/clips/images\est_id\56\000097.jpg,est_id,56,000097.jpg,0.6973087,genuine,1
dataset/clips/images\rus_internalpassport\81\000049.jpg,rus_internalpassport,81,000049.jpg,0.6612693,genuine,1
dataset/clips/images\lva_passport\07\000211.jpg,lva_passport,07,000211.jpg,0.59227705,genuine,1
dataset/clips/images\srb_passport\36\000247.jpg,srb_passport,36,000247.jpg,0.8395109,genuine,1
dataset/clips/images\esp_id\04\000445.jpg,esp_id,04,000445.jpg,0.8230164,genuine,1
dataset/clips/images\aze_passport\74\000265.jpg,aze_passport,74,000265.jpg,0.3911727,fake,0
dataset/clips/images\est_id\62\000109.jpg,est_id,62,000109.jpg,0.33100617,fake,0
dataset/clips/images\rus_internalpassport\25\000103.jpg,rus_internalpassport,25,000103.jpg,0.26113677,fake,0
dataset/clips/images\esp_id\17\000307.jpg,esp_id,17,000307.jpg,0.93634987,genuine,1
dataset/clips/images\fin_id\89\000349.jpg,fin_id,89,000349.jpg,0.28087717,fake,0
dataset/clips/images\aze_passport\95\000109.jpg,aze_passport,95,000109.jpg,0.04231659,fake,0
dataset/clips/images\alb_id\87\000133.jpg,alb_id,87,000133.jpg,0.2658593,fake,0
dataset/clips/images\lva_passport\54\000397.jpg,lva_passport,54,000397.jpg,0.009155639,fake,0
dataset/clips/images\est_id\75\000391.jpg,est_id,75,000391.jpg,0.8266805,genuine,1
dataset/clips/images\grc_passport\26\000175.jpg,grc_passport,26,000175.jpg,0.7264683,genuine,1
dataset/clips/images\alb_id\64\000151.jpg,alb_id,64,000151.jpg,0.06901785,fake,0
dataset/clips/images\fin_id\95\000121.jpg,fin_id,95,000121.jpg,0.071545966,fake,0
dataset/clips/images\grc_passport\92\000247.jpg,grc_passport,92,000247.jpg,0.6164761,genuine,1
dataset/clips/images\grc_passport\57\000061.jpg,grc_passport,57,000061.jpg,0.13739982,fake,0
dataset/clips/images\est_id\00\000205.jpg,est_id,00,000205.jpg,0.16487195,fake,0
dataset/clips/images\esp_id\94\000241.jpg,esp_id,94,000241.jpg,0.7473985,genuine,1
dataset/clips/images\esp_id\50\000025.jpg,esp_id,50,000025.jpg,0.23598318,fake,0
dataset/clips/images\lva_passport\42\000115.jpg,lva_passport,42,000115.jpg,0.15262751,fake,0
dataset/clips/images\est_id\15\000115.jpg,est_id,15,000115.jpg,0.9386533,genuine,1
dataset/clips/images\alb_id\11\000145.jpg,alb_id,11,000145.jpg,0.8174283,genuine,1
dataset/clips/images\grc_passport\03\000109.jpg,grc_passport,03,000109.jpg,0.80731934,genuine,1
dataset/clips/images\esp_id\79\000079.jpg,esp_id,79,000079.jpg,0.70937556,genuine,1
dataset/clips/images\rus_internalpassport\82\000211.jpg,rus_internalpassport,82,000211.jpg,0.7986279,genuine,1
dataset/clips/images\lva_passport\31\000283.jpg,lva_passport,31,000283.jpg,0.6935514,genuine,1
dataset/clips/images\lva_passport\52\000307.jpg,lva_passport,52,000307.jpg,0.080075435,fake,0
dataset/clips/images\esp_id\21\000007.jpg,esp_id,21,000007.jpg,0.14080757,fake,0
dataset/clips/images\svk_id\54\000067.jpg,svk_id,54,000067.jpg,0.607628,genuine,1
dataset/clips/images\fin_id\86\000289.jpg,fin_id,86,000289.jpg,0.8465375,genuine,1
dataset/clips/images\aze_passport\70\000517.jpg,aze_passport,70,000517.jpg,0.31587586,fake,0
dataset/clips/images\fin_id\90\000241.jpg,fin_id,90,000241.jpg,0.292579,fake,0
dataset/clips/images\srb_passport\03\000367.jpg,srb_passport,03,000367.jpg,0.8553447,genuine,1
dataset/clips/images\est_id\00\000235.jpg,est_id,00,000235.jpg,0.1418933,fake,0
dataset/clips/images\srb_passport\65\000139.jpg,srb_passport,65,000139.jpg,0.04365283,fake,0
dataset/clips/images\svk_id\48\000043.jpg,svk_id,48,000043.jpg,0.32797596,fake,0
dataset/clips/images\lva_passport\22\000157.jpg,lva_passport,22,000157.jpg,0.20587713,fake,0
dataset/clips/images\est_id\61\000307.jpg,est_id,61,000307.jpg,0.18302788,fake,0
dataset/clips/images\lva_passport\73\000175.jpg,lva_passport,73,000175.jpg,0.41860494,fake,0
dataset/clips/images\rus_internalpassport\18\000055.jpg,rus_internalpassport,18,000055.jpg,0.58449256,genuine,1
dataset/clips/images\srb_passport\56\000121.jpg,srb_passport,56,000121.jpg,0.2870566,fake,0
dataset/clips/images\alb_id\51\000007.jpg,alb_id,51,000007.jpg,0.049594257,fake,0
dataset/clips/images\lva_passport\54\000235.jpg,lva_passport,54,000235.jpg,0.7293906,genuine,1
dataset/clips/images\fin_id\71\000547.jpg,fin_id,71,000547.jpg,0.66249835,genuine,1
dataset/clips/images\rus_internalpassport\39\000127.jpg,rus_internalpassport,39,000127.jpg,0.593785,genuine,1
dataset/clips/images\srb_passport\71\000169.jpg,srb_passport,71,000169.jpg,0.76978385,genuine,1
dataset/clips/images\srb_passport\34\000151.jpg,srb_passport,34,000151.jpg,0.65594125,genuine,1
dataset/clips/images\fin_id\96\000085.jpg,fin_id,96,000085.jpg,0.2685148,fake,0
dataset/clips/images\est_id\28\000313.jpg,est_id,28,000313.jpg,0.8569194,genuine,1
dataset/clips/images\est_id\53\000007.jpg,est_id,53,000007.jpg,0.3895519,fake,0
dataset/clips/images\svk_id\38\000199.jpg,svk_id,38,000199.jpg,0.81981844,genuine,1
dataset/clips/images\est_id\09\000457.jpg,est_id,09,000457.jpg,0.7554168,genuine,1
dataset/clips/images\fin_id\13\000493.jpg,fin_id,13,000493.jpg,0.8155355,genuine,1
dataset/clips/images\lva_passport\23\000409.jpg,lva_passport,23,000409.jpg,0.34989837,fake,0
dataset/clips/images\est_id\47\000067.jpg,est_id,47,000067.jpg,0.022065675,fake,0
dataset/clips/images\lva_passport\63\000301.jpg,lva_passport,63,000301.jpg,0.035148565,fake,0
dataset/clips/images\fin_id\79\000067.jpg,fin_id,79,000067.jpg,0.4922507,fake,0
dataset/clips/images\aze_passport\83\000295.jpg,aze_passport,83,000295.jpg,0.024285879,fake,0
dataset/clips/images\aze_passport\27\000373.jpg,aze_passport,27,000373.jpg,0.08038983,fake,0
dataset/clips/images\esp_id\24\000241.jpg,esp_id,24,000241.jpg,0.2726421,fake,0
dataset/clips/images\fin_id\36\000271.jpg,fin_id,36,000271.jpg,0.85651547,genuine,1
dataset/clips/images\rus_internalpassport\78\000505.jpg,rus_internalpassport,78,000505.jpg,0.6336938,genuine,1
dataset/clips/images\lva_passport\53\000043.jpg,lva_passport,53,000043.jpg,0.26138043,fake,0
dataset/clips/images\rus_internalpassport\11\000259.jpg,rus_internalpassport,11,000259.jpg,0.5912946,genuine,1
dataset/clips/images\grc_passport\78\000157.jpg,grc_passport,78,000157.jpg,0.07892795,fake,0
dataset/clips/images\svk_id\05\000061.jpg,svk_id,05,000061.jpg,0.928942,genuine,1
dataset/clips/images\rus_internalpassport\70\000013.jpg,rus_internalpassport,70,000013.jpg,0.112893336,fake,0
dataset/clips/images\srb_passport\96\000013.jpg,srb_passport,96,000013.jpg,0.093575984,fake,0
dataset/clips/images\aze_passport\05\000037.jpg,aze_passport,05,000037.jpg,0.88609475,genuine,1
dataset/clips/images\rus_internalpassport\47\000217.jpg,rus_internalpassport,47,000217.jpg,0.028165355,fake,0
dataset/clips/images\rus_internalpassport\78\000493.jpg,rus_internalpassport,78,000493.jpg,0.839625,genuine,1
dataset/clips/images\rus_internalpassport\64\000097.jpg,rus_internalpassport,64,000097.jpg,0.8253618,genuine,1
dataset/clips/images\srb_passport\22\000253.jpg,srb_passport,22,000253.jpg,0.32487303,fake,0
dataset/clips/images\svk_id\23\000301.jpg,svk_id,23,000301.jpg,0.91387343,genuine,1
dataset/clips/images\lva_passport\73\000283.jpg,lva_passport,73,000283.jpg,0.6139823,genuine,1
dataset/clips/images\svk_id\36\000229.jpg,svk_id,36,000229.jpg,0.54930854,genuine,1
dataset/clips/images\svk_id\02\000391.jpg,svk_id,02,000391.jpg,0.663749,genuine,1
dataset/clips/images\grc_passport\83\000223.jpg,grc_passport,83,000223.jpg,0.22266674,fake,0
dataset/clips/images\svk_id\76\000301.jpg,svk_id,76,000301.jpg,0.73373663,genuine,1
dataset/clips/images\alb_id\47\000055.jpg,alb_id,47,000055.jpg,0.7865938,genuine,1
dataset/clips/images\est_id\04\000103.jpg,est_id,04,000103.jpg,0.27078006,fake,0
dataset/clips/images\esp_id\96\000055.jpg,esp_id,96,000055.jpg,0.6512672,genuine,1
dataset/clips/images\srb_passport\30\000301.jpg,srb_passport,30,000301.jpg,0.23232155,fake,0
dataset/clips/images\srb_passport\84\000325.jpg,srb_passport,84,000325.jpg,0.009521564,fake,0
dataset/clips/images\srb_passport\99\000235.jpg,srb_passport,99,000235.jpg,0.21899828,fake,0
dataset/clips/images\svk_id\39\000103.jpg,svk_id,39,000103.jpg,0.029033644,fake,0
dataset/clips/images\srb_passport\43\000349.jpg,srb_passport,43,000349.jpg,0.40473062,fake,0
dataset/clips/images\alb_id\83\000139.jpg,alb_id,83,000139.jpg,0.03424068,fake,0
dataset/clips/images\svk_id\43\000283.jpg,svk_id,43,000283.jpg,0.7621164,genuine,1
dataset/clips/images\lva_passport\69\000187.jpg,lva_passport,69,000187.jpg,0.19316919,fake,0
dataset/clips/images\lva_passport\85\000223.jpg,lva_passport,85,000223.jpg,0.70913994,genuine,1
dataset/clips/images\lva_passport\42\000157.jpg,lva_passport,42,000157.jpg,0.2438261,fake,0
dataset/clips/images\svk_id\31\000181.jpg,svk_id,31,000181.jpg,0.86106825,genuine,1
dataset/clips/images\aze_passport\12\000295.jpg,aze_passport,12,000295.jpg,0.5096359,genuine,1
dataset/clips/images\esp_id\03\000211.jpg,esp_id,03,000211.jpg,0.9337505,genuine,1
dataset/clips/images\svk_id\75\000337.jpg,svk_id,75,000337.jpg,0.9417328,genuine,1
dataset/clips/images\fin_id\62\000355.jpg,fin_id,62,000355.jpg,0.3709158,fake,0
dataset/clips/images\rus_internalpassport\91\000259.jpg,rus_internalpassport,91,000259.jpg,0.009528671,fake,0
dataset/clips/images\grc_passport\25\000055.jpg,grc_passport,25,000055.jpg,0.115343034,fake,0
dataset/clips/images\aze_passport\52\000211.jpg,aze_passport,52,000211.jpg,0.81432307,genuine,1
dataset/clips/images\grc_passport\12\000121.jpg,grc_passport,12,000121.jpg,0.63227314,genuine,1
dataset/clips/images\esp_id\98\000199.jpg,esp_id,98,000199.jpg,0.57193017,genuine,1
dataset/clips/images\esp_id\18\000037.jpg,esp_id,18,000037.jpg,0.8720265,genuine,1
dataset/clips/images\svk_id\12\000031.jpg,svk_id,12,000031.jpg,0.9463803,genuine,1
dataset/clips/images\esp_id\52\000433.jpg,esp_id,52,000433.jpg,0.08654976,fake,0
dataset/clips/images\svk_id\41\000259.jpg,svk_id,41,000259.jpg,0.5736916,genuine,1
dataset/clips/images\fin_id\50\000073.jpg,fin_id,50,000073.jpg,0.7150704,genuine,1
dataset/clips/images\fin_id\62\000181.jpg,fin_id,62,000181.jpg,0.3605172,fake,0
dataset/clips/images\aze_passport\32\000253.jpg,aze_passport,32,000253.jpg,0.3168175,fake,0
dataset/clips/images\esp_id\89\000007.jpg,esp_id,89,000007.jpg,0.32723334,fake,0
dataset/clips/images\fin_id\87\000427.jpg,fin_id,87,000427.jpg,0.16964304,fake,0
dataset/clips/images\est_id\72\000445.jpg,est_id,72,000445.jpg,0.43728703,fake,0
dataset/clips/images\aze_passport\94\000325.jpg,aze_passport,94,000325.jpg,0.13022831,fake,0
dataset/clips/images\grc_passport\98\000223.jpg,grc_passport,98,000223.jpg,0.61321497,genuine,1
dataset/clips/images\alb_id\97\000319.jpg,alb_id,97,000319.jpg,0.06014514,fake,0
dataset/clips/images\rus_internalpassport\86\000349.jpg,rus_internalpassport,86,000349.jpg,0.4784156,fake,0
dataset/clips/images\rus_internalpassport\82\000349.jpg,rus_internalpassport,82,000349.jpg,0.57894206,genuine,1
dataset/clips/images\alb_id\97\000037.jpg,alb_id,97,000037.jpg,0.70768344,genuine,1
dataset/clips/images\fin_id\83\000133.jpg,fin_id,83,000133.jpg,0.114588395,fake,0
dataset/clips/images\esp_id\17\000229.jpg,esp_id,17,000229.jpg,0.88428056,genuine,1
dataset/clips/images\est_id\96\000337.jpg,est_id,96,000337.jpg,0.56428015,genuine,1
dataset/clips/images\srb_passport\99\000313.jpg,srb_passport,99,000313.jpg,0.039225556,fake,0
dataset/clips/images\svk_id\82\000289.jpg,svk_id,82,000289.jpg,0.8934535,genuine,1
dataset/clips/images\est_id\96\000313.jpg,est_id,96,000313.jpg,0.5730016,genuine,1
dataset/clips/images\srb_passport\93\000445.jpg,srb_passport,93,000445.jpg,0.08115872,fake,0
dataset/clips/images\rus_internalpassport\69\000007.jpg,rus_internalpassport,69,000007.jpg,0.33919272,fake,0
dataset/clips/images\srb_passport\40\000145.jpg,srb_passport,40,000145.jpg,0.019230023,fake,0
dataset/clips/images\alb_id\71\000031.jpg,alb_id,71,000031.jpg,0.114851594,fake,0
dataset/clips/images\esp_id\77\000469.jpg,esp_id,77,000469.jpg,0.8705509,genuine,1
dataset/clips/images\fin_id\67\000121.jpg,fin_id,67,000121.jpg,0.18169096,fake,0
dataset/clips/images\est_id\22\000097.jpg,est_id,22,000097.jpg,0.89964944,genuine,1
dataset/clips/images\svk_id\85\000433.jpg,svk_id,85,000433.jpg,0.647061,genuine,1
dataset/clips/images\esp_id\70\000169.jpg,esp_id,70,000169.jpg,0.2993332,fake,0
dataset/clips/images\lva_passport\98\000331.jpg,lva_passport,98,000331.jpg,0.15730007,fake,0
dataset/clips/images\rus_internalpassport\11\000031.jpg,rus_internalpassport,11,000031.jpg,0.7162336,genuine,1
dataset/clips/images\svk_id\03\000481.jpg,svk_id,03,000481.jpg,0.9633159,genuine,1
dataset/clips/images\est_id\43\000127.jpg,est_id,43,000127.jpg,0.06778785,fake,0
dataset/clips/images\srb_passport\43\000151.jpg,srb_passport,43,000151.jpg,0.6891347,genuine,1
dataset/clips/images\est_id\79\000457.jpg,est_id,79,000457.jpg,0.8974303,genuine,1
dataset/clips/images\srb_passport\76\000271.jpg,srb_passport,76,000271.jpg,0.3827295,fake,0
dataset/clips/images\fin_id\70\000259.jpg,fin_id,70,000259.jpg,0.9252313,genuine,1
dataset/clips/images\grc_passport\54\000193.jpg,grc_passport,54,000193.jpg,0.21797447,fake,0
dataset/clips/images\aze_passport\22\000343.jpg,aze_passport,22,000343.jpg,0.101904504,fake,0
dataset/clips/images\alb_id\47\000307.jpg,alb_id,47,000307.jpg,0.07602635,fake,0
dataset/clips/images\est_id\75\000145.jpg,est_id,75,000145.jpg,0.74524,genuine,1
dataset/clips/images\esp_id\72\000175.jpg,esp_id,72,000175.jpg,0.51656854,genuine,1
dataset/clips/images\srb_passport\39\000217.jpg,srb_passport,39,000217.jpg,0.81698954,genuine,1
dataset/clips/images\est_id\83\000127.jpg,est_id,83,000127.jpg,0.014869195,fake,0
dataset/clips/images\alb_id\73\000121.jpg,alb_id,73,000121.jpg,0.5783312,genuine,1
dataset/clips/images\rus_internalpassport\90\000349.jpg,rus_internalpassport,90,000349.jpg,0.181294,fake,0
dataset/clips/images\esp_id\73\000175.jpg,esp_id,73,000175.jpg,0.78805304,genuine,1
dataset/clips/images\svk_id\77\000307.jpg,svk_id,77,000307.jpg,0.9258749,genuine,1
dataset/clips/images\lva_passport\00\000319.jpg,lva_passport,00,000319.jpg,0.9128753,genuine,1
dataset/clips/images\lva_passport\59\000079.jpg,lva_passport,59,000079.jpg,0.90907645,genuine,1
dataset/clips/images\rus_internalpassport\90\000385.jpg,rus_internalpassport,90,000385.jpg,0.07387683,fake,0
dataset/clips/images\lva_passport\84\000439.jpg,lva_passport,84,000439.jpg,0.3933462,fake,0
dataset/clips/images\fin_id\11\000091.jpg,fin_id,11,000091.jpg,0.89350927,genuine,1
dataset/clips/images\grc_passport\77\000511.jpg,grc_passport,77,000511.jpg,0.6347888,genuine,1
dataset/clips/images\lva_passport\35\000139.jpg,lva_passport,35,000139.jpg,0.7071118,genuine,1
dataset/clips/images\alb_id\28\000007.jpg,alb_id,28,000007.jpg,0.54689956,genuine,1
dataset/clips/images\srb_passport\23\000163.jpg,srb_passport,23,000163.jpg,0.30089074,fake,0
dataset/clips/images\grc_passport\07\000097.jpg,grc_passport,07,000097.jpg,0.30425107,fake,0
dataset/clips/images\esp_id\27\000265.jpg,esp_id,27,000265.jpg,0.12900852,fake,0
dataset/clips/images\est_id\47\000229.jpg,est_id,47,000229.jpg,0.09916466,fake,0
dataset/clips/images\est_id\90\000139.jpg,est_id,90,000139.jpg,0.3104371,fake,0
dataset/clips/images\lva_passport\86\000307.jpg,lva_passport,86,000307.jpg,0.29470468,fake,0
dataset/clips/images\fin_id\52\000313.jpg,fin_id,52,000313.jpg,0.5679159,genuine,1
dataset/clips/images\est_id\12\000133.jpg,est_id,12,000133.jpg,0.53850794,genuine,1
dataset/clips/images\lva_passport\67\000355.jpg,lva_passport,67,000355.jpg,0.1380154,fake,0
dataset/clips/images\svk_id\72\000067.jpg,svk_id,72,000067.jpg,0.67616653,genuine,1
dataset/clips/images\aze_passport\99\000355.jpg,aze_passport,99,000355.jpg,0.19607672,fake,0
dataset/clips/images\rus_internalpassport\81\000421.jpg,rus_internalpassport,81,000421.jpg,0.57528037,genuine,1
dataset/clips/images\rus_internalpassport\15\000013.jpg,rus_internalpassport,15,000013.jpg,0.68956304,genuine,1
dataset/clips/images\svk_id\47\000313.jpg,svk_id,47,000313.jpg,0.68349016,genuine,1
dataset/clips/images\srb_passport\57\000283.jpg,srb_passport,57,000283.jpg,0.6834992,genuine,1
dataset/clips/images\grc_passport\41\000109.jpg,grc_passport,41,000109.jpg,0.9902566,genuine,1
dataset/clips/images\lva_passport\37\000049.jpg,lva_passport,37,000049.jpg,0.5203731,genuine,1
dataset/clips/images\esp_id\20\000019.jpg,esp_id,20,000019.jpg,0.52554345,genuine,1
dataset/clips/images\esp_id\16\000199.jpg,esp_id,16,000199.jpg,0.85125554,genuine,1
dataset/clips/images\rus_internalpassport\16\000205.jpg,rus_internalpassport,16,000205.jpg,0.64915353,genuine,1
dataset/clips/images\lva_passport\18\000223.jpg,lva_passport,18,000223.jpg,0.77026194,genuine,1
dataset/clips/images\esp_id\28\000397.jpg,esp_id,28,000397.jpg,0.2552971,fake,0
dataset/clips/images\alb_id\95\000031.jpg,alb_id,95,000031.jpg,0.24854057,fake,0
dataset/clips/images\aze_passport\28\000133.jpg,aze_passport,28,000133.jpg,0.21732898,fake,0
dataset/clips/images\esp_id\68\000217.jpg,esp_id,68,000217.jpg,0.63772106,genuine,1
dataset/clips/images\rus_internalpassport\08\000199.jpg,rus_internalpassport,08,000199.jpg,0.8043088,genuine,1
dataset/clips/images\alb_id\19\000085.jpg,alb_id,19,000085.jpg,0.7182478,genuine,1
dataset/clips/images\rus_internalpassport\12\000265.jpg,rus_internalpassport,12,000265.jpg,0.8000639,genuine,1
dataset/clips/images\esp_id\65\000253.jpg,esp_id,65,000253.jpg,0.34367236,fake,0
dataset/clips/images\aze_passport\41\000025.jpg,aze_passport,41,000025.jpg,0.66850173,genuine,1
dataset/clips/images\aze_passport\66\000427.jpg,aze_passport,66,000427.jpg,0.030120844,fake,0
dataset/clips/images\rus_internalpassport\81\000271.jpg,rus_internalpassport,81,000271.jpg,0.61566114,genuine,1
dataset/clips/images\alb_id\35\000319.jpg,alb_id,35,000319.jpg,0.22626448,fake,0
dataset/clips/images\esp_id\58\000151.jpg,esp_id,58,000151.jpg,0.42833737,fake,0
dataset/clips/images\grc_passport\62\000109.jpg,grc_passport,62,000109.jpg,0.40185145,fake,0
dataset/clips/images\grc_passport\62\000127.jpg,grc_passport,62,000127.jpg,0.22100265,fake,0
dataset/clips/images\svk_id\57\000325.jpg,svk_id,57,000325.jpg,0.77281356,genuine,1
dataset/clips/images\esp_id\75\000295.jpg,esp_id,75,000295.jpg,0.03965846,fake,0
dataset/clips/images\rus_internalpassport\31\000307.jpg,rus_internalpassport,31,000307.jpg,0.9339377,genuine,1
dataset/clips/images\rus_internalpassport\70\000259.jpg,rus_internalpassport,70,000259.jpg,0.9355098,genuine,1
dataset/clips/images\esp_id\76\000451.jpg,esp_id,76,000451.jpg,0.13038391,fake,0
dataset/clips/images\svk_id\08\000157.jpg,svk_id,08,000157.jpg,0.6304678,genuine,1
dataset/clips/images\alb_id\74\000025.jpg,alb_id,74,000025.jpg,0.15942201,fake,0
dataset/clips/images\esp_id\61\000325.jpg,esp_id,61,000325.jpg,0.13557,fake,0
dataset/clips/images\svk_id\21\000205.jpg,svk_id,21,000205.jpg,0.93429554,genuine,1
dataset/clips/images\alb_id\84\000445.jpg,alb_id,84,000445.jpg,0.091953255,fake,0
dataset/clips/images\alb_id\75\000511.jpg,alb_id,75,000511.jpg,0.09204838,fake,0
dataset/clips/images\grc_passport\73\000211.jpg,grc_passport,73,000211.jpg,0.58569586,genuine,1
dataset/clips/images\esp_id\46\000355.jpg,esp_id,46,000355.jpg,0.32227072,fake,0
dataset/clips/images\est_id\29\000169.jpg,est_id,29,000169.jpg,0.3900514,fake,0
dataset/clips/images\aze_passport\86\000091.jpg,aze_passport,86,000091.jpg,0.16564213,fake,0
dataset/clips/images\lva_passport\63\000049.jpg,lva_passport,63,000049.jpg,0.09173181,fake,0
dataset/clips/images\srb_passport\10\000349.jpg,srb_passport,10,000349.jpg,0.75959575,genuine,1
dataset/clips/images\srb_passport\92\000373.jpg,srb_passport,92,000373.jpg,0.19783124,fake,0
dataset/clips/images\fin_id\38\000025.jpg,fin_id,38,000025.jpg,0.84654576,genuine,1
dataset/clips/images\alb_id\14\000223.jpg,alb_id,14,000223.jpg,0.34050778,fake,0
dataset/clips/images\rus_internalpassport\99\000325.jpg,rus_internalpassport,99,000325.jpg,0.11472582,fake,0
dataset/clips/images\esp_id\43\000163.jpg,esp_id,43,000163.jpg,0.42534485,fake,0
dataset/clips/images\aze_passport\72\000523.jpg,aze_passport,72,000523.jpg,0.9314401,genuine,1
dataset/clips/images\fin_id\89\000187.jpg,fin_id,89,000187.jpg,0.10013264,fake,0
dataset/clips/images\fin_id\19\000511.jpg,fin_id,19,000511.jpg,0.60087997,genuine,1
dataset/clips/images\svk_id\29\000013.jpg,svk_id,29,000013.jpg,0.92707586,genuine,1
dataset/clips/images\aze_passport\26\000055.jpg,aze_passport,26,000055.jpg,0.15986185,fake,0
dataset/clips/images\grc_passport\98\000175.jpg,grc_passport,98,000175.jpg,0.3861945,fake,0
dataset/clips/images\aze_passport\13\000265.jpg,aze_passport,13,000265.jpg,0.3945667,fake,0
dataset/clips/images\rus_internalpassport\84\000055.jpg,rus_internalpassport,84,000055.jpg,0.43442163,fake,0
dataset/clips/images\lva_passport\54\000043.jpg,lva_passport,54,000043.jpg,0.017404051,fake,0
dataset/clips/images\srb_passport\99\000103.jpg,srb_passport,99,000103.jpg,0.11304486,fake,0
dataset/clips/images\srb_passport\30\000061.jpg,srb_passport,30,000061.jpg,0.36465955,fake,0
dataset/clips/images\aze_passport\90\000229.jpg,aze_passport,90,000229.jpg,0.1578255,fake,0
dataset/clips/images\alb_id\89\000187.jpg,alb_id,89,000187.jpg,0.80640423,genuine,1
dataset/clips/images\svk_id\36\000271.jpg,svk_id,36,000271.jpg,0.40734458,fake,0
dataset/clips/images\svk_id\32\000115.jpg,svk_id,32,000115.jpg,0.5329207,genuine,1
dataset/clips/images\fin_id\13\000139.jpg,fin_id,13,000139.jpg,0.86300355,genuine,1
dataset/clips/images\est_id\10\000211.jpg,est_id,10,000211.jpg,0.9636181,genuine,1
dataset/clips/images\srb_passport\79\000337.jpg,srb_passport,79,000337.jpg,0.67705894,genuine,1
dataset/clips/images\esp_id\58\000259.jpg,esp_id,58,000259.jpg,0.21066953,fake,0
dataset/clips/images\est_id\36\000049.jpg,est_id,36,000049.jpg,0.69698775,genuine,1
dataset/clips/images\esp_id\84\000151.jpg,esp_id,84,000151.jpg,0.9658486,genuine,1
dataset/clips/images\srb_passport\90\000229.jpg,srb_passport,90,000229.jpg,0.19689994,fake,0
dataset/clips/images\lva_passport\73\000025.jpg,lva_passport,73,000025.jpg,0.82633615,genuine,1
dataset/clips/images\lva_passport\78\000379.jpg,lva_passport,78,000379.jpg,0.12768291,fake,0
dataset/clips/images\est_id\78\000079.jpg,est_id,78,000079.jpg,0.5723727,genuine,1
dataset/clips/images\aze_passport\70\000625.jpg,aze_passport,70,000625.jpg,0.10626996,fake,0
dataset/clips/images\esp_id\54\000037.jpg,esp_id,54,000037.jpg,0.035295133,fake,0
dataset/clips/images\aze_passport\98\000223.jpg,aze_passport,98,000223.jpg,0.24141346,fake,0
dataset/clips/images\srb_passport\10\000187.jpg,srb_passport,10,000187.jpg,0.69499993,genuine,1
dataset/clips/images\alb_id\92\000283.jpg,alb_id,92,000283.jpg,0.84539145,genuine,1
dataset/clips/images\rus_internalpassport\63\000337.jpg,rus_internalpassport,63,000337.jpg,0.53137875,genuine,1
dataset/clips/images\fin_id\16\000223.jpg,fin_id,16,000223.jpg,0.46265674,fake,0
dataset/clips/images\lva_passport\67\000079.jpg,lva_passport,67,000079.jpg,0.08420243,fake,0
dataset/clips/images\aze_passport\71\000145.jpg,aze_passport,71,000145.jpg,0.2424523,fake,0
dataset/clips/images\est_id\77\000151.jpg,est_id,77,000151.jpg,0.5911775,genuine,1
dataset/clips/images\esp_id\39\000067.jpg,esp_id,39,000067.jpg,0.2111457,fake,0
dataset/clips/images\srb_passport\08\000337.jpg,srb_passport,08,000337.jpg,0.8059588,genuine,1
dataset/clips/images\svk_id\63\000067.jpg,svk_id,63,000067.jpg,0.39610842,fake,0
dataset/clips/images\est_id\17\000157.jpg,est_id,17,000157.jpg,0.7082721,genuine,1
dataset/clips/images\fin_id\19\000541.jpg,fin_id,19,000541.jpg,0.67624843,genuine,1
dataset/clips/images\svk_id\01\000355.jpg,svk_id,01,000355.jpg,0.847373,genuine,1
dataset/clips/images\aze_passport\88\000355.jpg,aze_passport,88,000355.jpg,0.08408255,fake,0
dataset/clips/images\alb_id\22\000295.jpg,alb_id,22,000295.jpg,0.03374094,fake,0
dataset/clips/images\alb_id\33\000139.jpg,alb_id,33,000139.jpg,0.80523336,genuine,1
dataset/clips/images\alb_id\43\000031.jpg,alb_id,43,000031.jpg,0.15661347,fake,0
dataset/clips/images\grc_passport\03\000349.jpg,grc_passport,03,000349.jpg,0.8048408,genuine,1
dataset/clips/images\srb_passport\78\000181.jpg,srb_passport,78,000181.jpg,0.5555966,genuine,1
dataset/clips/images\srb_passport\23\000235.jpg,srb_passport,23,000235.jpg,0.1612825,fake,0
dataset/clips/images\lva_passport\82\000025.jpg,lva_passport,82,000025.jpg,0.13608944,fake,0
dataset/clips/images\grc_passport\61\000283.jpg,grc_passport,61,000283.jpg,0.20888574,fake,0
dataset/clips/images\alb_id\49\000169.jpg,alb_id,49,000169.jpg,0.076257505,fake,0
dataset/clips/images\esp_id\75\000607.jpg,esp_id,75,000607.jpg,0.8897531,genuine,1
dataset/clips/images\alb_id\02\000271.jpg,alb_id,02,000271.jpg,0.26022753,fake,0
dataset/clips/images\srb_passport\73\000343.jpg,srb_passport,73,000343.jpg,0.04748109,fake,0
dataset/clips/images\svk_id\60\000265.jpg,svk_id,60,000265.jpg,0.16695607,fake,0
dataset/clips/images\alb_id\24\000145.jpg,alb_id,24,000145.jpg,0.6139779,genuine,1
dataset/clips/images\lva_passport\03\000049.jpg,lva_passport,03,000049.jpg,0.75362,genuine,1
dataset/clips/images\esp_id\74\000211.jpg,esp_id,74,000211.jpg,0.9020554,genuine,1
dataset/clips/images\svk_id\92\000319.jpg,svk_id,92,000319.jpg,0.922083,genuine,1
dataset/clips/images\grc_passport\83\000313.jpg,grc_passport,83,000313.jpg,0.06504878,fake,0
dataset/clips/images\esp_id\30\000205.jpg,esp_id,30,000205.jpg,0.049772125,fake,0
dataset/clips/images\aze_passport\06\000079.jpg,aze_passport,06,000079.jpg,0.58106756,genuine,1
dataset/clips/images\rus_internalpassport\17\000001.jpg,rus_internalpassport,17,000001.jpg,0.55467427,genuine,1
dataset/clips/images\grc_passport\06\000307.jpg,grc_passport,06,000307.jpg,0.922484,genuine,1
dataset/clips/images\aze_passport\20\000115.jpg,aze_passport,20,000115.jpg,0.05707372,fake,0
dataset/clips/images\alb_id\76\000451.jpg,alb_id,76,000451.jpg,0.32383025,fake,0
dataset/clips/images\aze_passport\05\000229.jpg,aze_passport,05,000229.jpg,0.9787651,genuine,1
dataset/clips/images\aze_passport\81\000421.jpg,aze_passport,81,000421.jpg,0.9189074,genuine,1
dataset/clips/images\esp_id\34\000169.jpg,esp_id,34,000169.jpg,0.607387,genuine,1
dataset/clips/images\grc_passport\09\000325.jpg,grc_passport,09,000325.jpg,0.9167706,genuine,1
dataset/clips/images\srb_passport\84\000085.jpg,srb_passport,84,000085.jpg,0.050143078,fake,0
dataset/clips/images\lva_passport\59\000313.jpg,lva_passport,59,000313.jpg,0.96373576,genuine,1
dataset/clips/images\lva_passport\17\000277.jpg,lva_passport,17,000277.jpg,0.31049326,fake,0
dataset/clips/images\est_id\68\000223.jpg,est_id,68,000223.jpg,0.32066745,fake,0
dataset/clips/images\alb_id\00\000289.jpg,alb_id,00,000289.jpg,0.6645972,genuine,1
dataset/clips/images\svk_id\67\000121.jpg,svk_id,67,000121.jpg,0.83874696,genuine,1
dataset/clips/images\alb_id\94\000283.jpg,alb_id,94,000283.jpg,0.44078508,fake,0
dataset/clips/images\rus_internalpassport\78\000349.jpg,rus_internalpassport,78,000349.jpg,0.68609095,genuine,1
dataset/clips/images\lva_passport\41\000139.jpg,lva_passport,41,000139.jpg,0.99456435,genuine,1
dataset/clips/images\svk_id\71\000421.jpg,svk_id,71,000421.jpg,0.7919043,genuine,1
dataset/clips/images\srb_passport\07\000385.jpg,srb_passport,07,000385.jpg,0.91624975,genuine,1
dataset/clips/images\lva_passport\88\000127.jpg,lva_passport,88,000127.jpg,0.589248,genuine,1
dataset/clips/images\grc_passport\93\000319.jpg,grc_passport,93,000319.jpg,0.12396867,fake,0
dataset/clips/images\est_id\84\000385.jpg,est_id,84,000385.jpg,0.44847158,fake,0
dataset/clips/images\alb_id\38\000067.jpg,alb_id,38,000067.jpg,0.57104117,genuine,1
dataset/clips/images\lva_passport\11\000091.jpg,lva_passport,11,000091.jpg,0.5652491,genuine,1
dataset/clips/images\grc_passport\79\000313.jpg,grc_passport,79,000313.jpg,0.14997514,fake,0
dataset/clips/images\grc_passport\11\000349.jpg,grc_passport,11,000349.jpg,0.6561396,genuine,1
dataset/clips/images\svk_id\78\000061.jpg,svk_id,78,000061.jpg,0.93025684,genuine,1
dataset/clips/images\est_id\11\000079.jpg,est_id,11,000079.jpg,0.8637701,genuine,1
dataset/clips/images\esp_id\20\000133.jpg,esp_id,20,000133.jpg,0.523266,genuine,1
dataset/clips/images\esp_id\29\000271.jpg,esp_id,29,000271.jpg,0.4495835,fake,0
dataset/clips/images\est_id\64\000367.jpg,est_id,64,000367.jpg,0.3942209,fake,0
dataset/clips/images\esp_id\70\000241.jpg,esp_id,70,000241.jpg,0.09450191,fake,0
dataset/clips/images\grc_passport\07\000253.jpg,grc_passport,07,000253.jpg,0.7185718,genuine,1
dataset/clips/images\srb_passport\07\000145.jpg,srb_passport,07,000145.jpg,0.96870023,genuine,1
dataset/clips/images\svk_id\03\000247.jpg,svk_id,03,000247.jpg,0.9861028,genuine,1
dataset/clips/images\aze_passport\52\000253.jpg,aze_passport,52,000253.jpg,0.17613514,fake,0
dataset/clips/images\esp_id\43\000241.jpg,esp_id,43,000241.jpg,0.08257107,fake,0
dataset/clips/images\lva_passport\71\000013.jpg,lva_passport,71,000013.jpg,0.18939245,fake,0
dataset/clips/images\fin_id\35\000199.jpg,fin_id,35,000199.jpg,0.9070448,genuine,1
dataset/clips/images\alb_id\41\000127.jpg,alb_id,41,000127.jpg,0.1844675,fake,0
dataset/clips/images\esp_id\72\000205.jpg,esp_id,72,000205.jpg,0.19826336,fake,0
dataset/clips/images\fin_id\57\000139.jpg,fin_id,57,000139.jpg,0.009236913,fake,0
dataset/clips/images\alb_id\18\000067.jpg,alb_id,18,000067.jpg,0.72854644,genuine,1
dataset/clips/images\fin_id\32\000121.jpg,fin_id,32,000121.jpg,0.5989858,genuine,1
dataset/clips/images\esp_id\53\000001.jpg,esp_id,53,000001.jpg,0.6936107,genuine,1
dataset/clips/images\alb_id\82\000325.jpg,alb_id,82,000325.jpg,0.49072418,fake,0
dataset/clips/images\esp_id\89\000205.jpg,esp_id,89,000205.jpg,0.18050906,fake,0
dataset/clips/images\svk_id\91\000157.jpg,svk_id,91,000157.jpg,0.76102734,genuine,1
dataset/clips/images\srb_passport\78\000445.jpg,srb_passport,78,000445.jpg,0.68896216,genuine,1
dataset/clips/images\svk_id\34\000247.jpg,svk_id,34,000247.jpg,0.5067805,genuine,1
dataset/clips/images\srb_passport\29\000301.jpg,srb_passport,29,000301.jpg,0.17951164,fake,0
dataset/clips/images\rus_internalpassport\06\000283.jpg,rus_internalpassport,06,000283.jpg,0.8754647,genuine,1
dataset/clips/images\rus_internalpassport\32\000271.jpg,rus_internalpassport,32,000271.jpg,0.7315812,genuine,1
dataset/clips/images\est_id\11\000043.jpg,est_id,11,000043.jpg,0.28609902,fake,0
dataset/clips/images\grc_passport\75\000079.jpg,grc_passport,75,000079.jpg,0.34169,fake,0
dataset/clips/images\rus_internalpassport\71\000043.jpg,rus_internalpassport,71,000043.jpg,0.9329271,genuine,1
dataset/clips/images\rus_internalpassport\45\000115.jpg,rus_internalpassport,45,000115.jpg,0.88619405,genuine,1
dataset/clips/images\aze_passport\14\000133.jpg,aze_passport,14,000133.jpg,0.1935285,fake,0
dataset/clips/images\lva_passport\94\000049.jpg,lva_passport,94,000049.jpg,0.39707312,fake,0
dataset/clips/images\esp_id\07\000079.jpg,esp_id,07,000079.jpg,0.96587896,genuine,1
dataset/clips/images\fin_id\28\000373.jpg,fin_id,28,000373.jpg,0.29103804,fake,0
dataset/clips/images\grc_passport\04\000295.jpg,grc_passport,04,000295.jpg,0.16285539,fake,0
dataset/clips/images\est_id\14\000157.jpg,est_id,14,000157.jpg,0.21179932,fake,0
dataset/clips/images\alb_id\43\000289.jpg,alb_id,43,000289.jpg,0.22490263,fake,0
dataset/clips/images\est_id\40\000049.jpg,est_id,40,000049.jpg,0.94479287,genuine,1
dataset/clips/images\aze_passport\15\000031.jpg,aze_passport,15,000031.jpg,0.62189794,genuine,1
dataset/clips/images\aze_passport\39\000103.jpg,aze_passport,39,000103.jpg,0.30321681,fake,0
dataset/clips/images\alb_id\34\000289.jpg,alb_id,34,000289.jpg,0.20365745,fake,0
dataset/clips/images\aze_passport\95\000319.jpg,aze_passport,95,000319.jpg,0.36620066,fake,0
dataset/clips/images\grc_passport\36\000235.jpg,grc_passport,36,000235.jpg,0.20287426,fake,0
dataset/clips/images\alb_id\81\000235.jpg,alb_id,81,000235.jpg,0.017569095,fake,0
dataset/clips/images\svk_id\78\000391.jpg,svk_id,78,000391.jpg,0.9026106,genuine,1
dataset/clips/images\srb_passport\37\000307.jpg,srb_passport,37,000307.jpg,0.8392616,genuine,1
dataset/clips/images\fin_id\66\000109.jpg,fin_id,66,000109.jpg,0.056745287,fake,0
dataset/clips/images\alb_id\08\000367.jpg,alb_id,08,000367.jpg,0.089748524,fake,0
dataset/clips/images\lva_passport\41\000307.jpg,lva_passport,41,000307.jpg,0.99472564,genuine,1
dataset/clips/images\esp_id\21\000217.jpg,esp_id,21,000217.jpg,0.11537965,fake,0
dataset/clips/images\srb_passport\57\000175.jpg,srb_passport,57,000175.jpg,0.30185536,fake,0
dataset/clips/images\srb_passport\73\000253.jpg,srb_passport,73,000253.jpg,0.23989856,fake,0
dataset/clips/images\esp_id\99\000199.jpg,esp_id,99,000199.jpg,0.7993933,genuine,1
dataset/clips/images\alb_id\26\000085.jpg,alb_id,26,000085.jpg,0.05073879,fake,0
dataset/clips/images\rus_internalpassport\21\000295.jpg,rus_internalpassport,21,000295.jpg,0.14296661,fake,0
dataset/clips/images\grc_passport\84\000229.jpg,grc_passport,84,000229.jpg,0.11773724,fake,0
dataset/clips/images\est_id\12\000355.jpg,est_id,12,000355.jpg,0.87006795,genuine,1
dataset/clips/images\grc_passport\22\000031.jpg,grc_passport,22,000031.jpg,0.43832573,fake,0
dataset/clips/images\aze_passport\81\000025.jpg,aze_passport,81,000025.jpg,0.52937,genuine,1
dataset/clips/images\esp_id\65\000109.jpg,esp_id,65,000109.jpg,0.16179204,fake,0
dataset/clips/images\esp_id\48\000331.jpg,esp_id,48,000331.jpg,0.11713637,fake,0
dataset/clips/images\fin_id\12\000043.jpg,fin_id,12,000043.jpg,0.8916821,genuine,1
dataset/clips/images\est_id\84\000535.jpg,est_id,84,000535.jpg,0.26954105,fake,0
dataset/clips/images\srb_passport\64\000109.jpg,srb_passport,64,000109.jpg,0.063849226,fake,0
dataset/clips/images\aze_passport\33\000343.jpg,aze_passport,33,000343.jpg,0.24404776,fake,0
dataset/clips/images\fin_id\23\000439.jpg,fin_id,23,000439.jpg,0.9504883,genuine,1
dataset/clips/images\lva_passport\59\000001.jpg,lva_passport,59,000001.jpg,0.687034,genuine,1
dataset/clips/images\srb_passport\80\000049.jpg,srb_passport,80,000049.jpg,0.41162774,fake,0
dataset/clips/images\alb_id\24\000181.jpg,alb_id,24,000181.jpg,0.5738374,genuine,1
dataset/clips/images\alb_id\17\000145.jpg,alb_id,17,000145.jpg,0.7974038,genuine,1
dataset/clips/images\rus_internalpassport\01\000187.jpg,rus_internalpassport,01,000187.jpg,0.59564894,genuine,1
dataset/clips/images\rus_internalpassport\04\000211.jpg,rus_internalpassport,04,000211.jpg,0.8370188,genuine,1
dataset/clips/images\lva_passport\39\000079.jpg,lva_passport,39,000079.jpg,0.69344676,genuine,1
dataset/clips/images\aze_passport\60\000343.jpg,aze_passport,60,000343.jpg,0.010948309,fake,0
dataset/clips/images\svk_id\45\000031.jpg,svk_id,45,000031.jpg,0.3764397,fake,0
dataset/clips/images\est_id\59\000181.jpg,est_id,59,000181.jpg,0.44150752,fake,0
dataset/clips/images\grc_passport\63\000157.jpg,grc_passport,63,000157.jpg,0.39167395,fake,0
dataset/clips/images\est_id\59\000307.jpg,est_id,59,000307.jpg,0.74447095,genuine,1
dataset/clips/images\srb_passport\30\000205.jpg,srb_passport,30,000205.jpg,0.43872193,fake,0
dataset/clips/images\rus_internalpassport\93\000091.jpg,rus_internalpassport,93,000091.jpg,0.8826157,genuine,1
dataset/clips/images\alb_id\20\000319.jpg,alb_id,20,000319.jpg,0.08710864,fake,0
dataset/clips/images\fin_id\17\000409.jpg,fin_id,17,000409.jpg,0.91308147,genuine,1
dataset/clips/images\srb_passport\02\000331.jpg,srb_passport,02,000331.jpg,0.944137,genuine,1
dataset/clips/images\rus_internalpassport\05\000037.jpg,rus_internalpassport,05,000037.jpg,0.83979094,genuine,1
dataset/clips/images\grc_passport\49\000307.jpg,grc_passport,49,000307.jpg,0.10513447,fake,0
dataset/clips/images\lva_passport\38\000043.jpg,lva_passport,38,000043.jpg,0.78259546,genuine,1
dataset/clips/images\fin_id\22\000253.jpg,fin_id,22,000253.jpg,0.40934023,fake,0
dataset/clips/images\grc_passport\83\000055.jpg,grc_passport,83,000055.jpg,0.4552224,fake,0
dataset/clips/images\esp_id\75\000571.jpg,esp_id,75,000571.jpg,0.63720727,genuine,1
dataset/clips/images\fin_id\62\000265.jpg,fin_id,62,000265.jpg,0.47410676,fake,0
dataset/clips/images\alb_id\07\000211.jpg,alb_id,07,000211.jpg,0.6157651,genuine,1
dataset/clips/images\srb_passport\23\000361.jpg,srb_passport,23,000361.jpg,0.28534123,fake,0
dataset/clips/images\svk_id\52\000301.jpg,svk_id,52,000301.jpg,0.8224668,genuine,1
dataset/clips/images\alb_id\06\000301.jpg,alb_id,06,000301.jpg,0.7846989,genuine,1
dataset/clips/images\est_id\62\000007.jpg,est_id,62,000007.jpg,0.31129938,fake,0
dataset/clips/images\aze_passport\94\000169.jpg,aze_passport,94,000169.jpg,0.36236307,fake,0
dataset/clips/images\esp_id\61\000193.jpg,esp_id,61,000193.jpg,0.3492184,fake,0
dataset/clips/images\fin_id\97\000115.jpg,fin_id,97,000115.jpg,0.39192253,fake,0
dataset/clips/images\rus_internalpassport\51\000553.jpg,rus_internalpassport,51,000553.jpg,0.3900276,fake,0
dataset/clips/images\svk_id\50\000043.jpg,svk_id,50,000043.jpg,0.039752983,fake,0
dataset/clips/images\lva_passport\19\000091.jpg,lva_passport,19,000091.jpg,0.85942125,genuine,1
dataset/clips/images\est_id\66\000085.jpg,est_id,66,000085.jpg,0.48161903,fake,0
dataset/clips/images\esp_id\22\000313.jpg,esp_id,22,000313.jpg,0.27948368,fake,0
dataset/clips/images\srb_passport\30\000115.jpg,srb_passport,30,000115.jpg,0.5332761,genuine,1
dataset/clips/images\rus_internalpassport\79\000457.jpg,rus_internalpassport,79,000457.jpg,0.76127934,genuine,1
dataset/clips/images\esp_id\64\000043.jpg,esp_id,64,000043.jpg,0.31532827,fake,0
dataset/clips/images\srb_passport\13\000277.jpg,srb_passport,13,000277.jpg,0.33619648,fake,0
dataset/clips/images\fin_id\81\000229.jpg,fin_id,81,000229.jpg,0.57731867,genuine,1
dataset/clips/images\fin_id\33\000019.jpg,fin_id,33,000019.jpg,0.72903246,genuine,1
dataset/clips/images\fin_id\74\000301.jpg,fin_id,74,000301.jpg,0.508091,genuine,1
dataset/clips/images\aze_passport\54\000235.jpg,aze_passport,54,000235.jpg,0.36725754,fake,0
dataset/clips/images\est_id\94\000037.jpg,est_id,94,000037.jpg,0.12511496,fake,0
dataset/clips/images\fin_id\80\000127.jpg,fin_id,80,000127.jpg,0.34878194,fake,0
dataset/clips/images\alb_id\09\000241.jpg,alb_id,09,000241.jpg,0.50897956,genuine,1
dataset/clips/images\aze_passport\22\000055.jpg,aze_passport,22,000055.jpg,0.024883816,fake,0
dataset/clips/images\esp_id\21\000283.jpg,esp_id,21,000283.jpg,0.5301464,genuine,1
dataset/clips/images\esp_id\47\000187.jpg,esp_id,47,000187.jpg,0.18457405,fake,0
dataset/clips/images\aze_passport\83\000169.jpg,aze_passport,83,000169.jpg,0.655498,genuine,1
dataset/clips/images\fin_id\60\000205.jpg,fin_id,60,000205.jpg,0.47468275,fake,0
dataset/clips/images\grc_passport\54\000205.jpg,grc_passport,54,000205.jpg,0.353271,fake,0
dataset/clips/images\lva_passport\67\000103.jpg,lva_passport,67,000103.jpg,0.10805014,fake,0
dataset/clips/images\srb_passport\10\000391.jpg,srb_passport,10,000391.jpg,0.75828516,genuine,1
dataset/clips/images\lva_passport\53\000013.jpg,lva_passport,53,000013.jpg,0.08000068,fake,0
dataset/clips/images\esp_id\15\000235.jpg,esp_id,15,000235.jpg,0.88973856,genuine,1
dataset/clips/images\srb_passport\50\000313.jpg,srb_passport,50,000313.jpg,0.76703644,genuine,1
dataset/clips/images\alb_id\63\000259.jpg,alb_id,63,000259.jpg,0.5324733,genuine,1
dataset/clips/images\lva_passport\42\000025.jpg,lva_passport,42,000025.jpg,0.06381555,fake,0
dataset/clips/images\rus_internalpassport\08\000379.jpg,rus_internalpassport,08,000379.jpg,0.83431333,genuine,1
dataset/clips/images\esp_id\77\000043.jpg,esp_id,77,000043.jpg,0.31298298,fake,0
dataset/clips/images\grc_passport\73\000163.jpg,grc_passport,73,000163.jpg,0.47139737,fake,0
dataset/clips/images\lva_passport\68\000253.jpg,lva_passport,68,000253.jpg,0.04691048,fake,0
dataset/clips/images\esp_id\24\000025.jpg,esp_id,24,000025.jpg,0.14729296,fake,0
dataset/clips/images\rus_internalpassport\72\000049.jpg,rus_internalpassport,72,000049.jpg,0.9660631,genuine,1
dataset/clips/images\srb_passport\60\000229.jpg,srb_passport,60,000229.jpg,0.08464496,fake,0
dataset/clips/images\rus_internalpassport\90\000301.jpg,rus_internalpassport,90,000301.jpg,0.19620731,fake,0
dataset/clips/images\rus_internalpassport\37\000103.jpg,rus_internalpassport,37,000103.jpg,0.621343,genuine,1
dataset/clips/images\est_id\85\000139.jpg,est_id,85,000139.jpg,0.28000683,fake,0
dataset/clips/images\grc_passport\86\000157.jpg,grc_passport,86,000157.jpg,0.8260033,genuine,1
dataset/clips/images\alb_id\26\000139.jpg,alb_id,26,000139.jpg,0.42132863,fake,0
dataset/clips/images\lva_passport\13\000109.jpg,lva_passport,13,000109.jpg,0.98946774,genuine,1
dataset/clips/images\alb_id\19\000349.jpg,alb_id,19,000349.jpg,0.97626346,genuine,1
dataset/clips/images\svk_id\41\000223.jpg,svk_id,41,000223.jpg,0.82410914,genuine,1
dataset/clips/images\grc_passport\00\000145.jpg,grc_passport,00,000145.jpg,0.7281344,genuine,1
dataset/clips/images\grc_passport\80\000253.jpg,grc_passport,80,000253.jpg,0.52675545,genuine,1
dataset/clips/images\fin_id\16\000079.jpg,fin_id,16,000079.jpg,0.8717605,genuine,1
dataset/clips/images\rus_internalpassport\62\000301.jpg,rus_internalpassport,62,000301.jpg,0.96567476,genuine,1
dataset/clips/images\rus_internalpassport\64\000277.jpg,rus_internalpassport,64,000277.jpg,0.7076597,genuine,1
dataset/clips/images\esp_id\52\000289.jpg,esp_id,52,000289.jpg,0.1466378,fake,0
dataset/clips/images\est_id\91\000217.jpg,est_id,91,000217.jpg,0.5034225,genuine,1
dataset/clips/images\rus_internalpassport\75\000367.jpg,rus_internalpassport,75,000367.jpg,0.886192,genuine,1
dataset/clips/images\rus_internalpassport\49\000187.jpg,rus_internalpassport,49,000187.jpg,0.027018907,fake,0
dataset/clips/images\grc_passport\86\000193.jpg,grc_passport,86,000193.jpg,0.87260437,genuine,1
dataset/clips/images\srb_passport\93\000169.jpg,srb_passport,93,000169.jpg,0.30005053,fake,0
dataset/clips/images\esp_id\46\000061.jpg,esp_id,46,000061.jpg,0.7845908,genuine,1
dataset/clips/images\alb_id\64\000319.jpg,alb_id,64,000319.jpg,0.22239837,fake,0
dataset/clips/images\est_id\47\000253.jpg,est_id,47,000253.jpg,0.17440069,fake,0
dataset/clips/images\rus_internalpassport\21\000385.jpg,rus_internalpassport,21,000385.jpg,0.03419917,fake,0
dataset/clips/images\esp_id\38\000211.jpg,esp_id,38,000211.jpg,0.42901465,fake,0
dataset/clips/images\est_id\28\000163.jpg,est_id,28,000163.jpg,0.57816577,genuine,1
dataset/clips/images\lva_passport\50\000157.jpg,lva_passport,50,000157.jpg,0.90953064,genuine,1
dataset/clips/images\lva_passport\03\000313.jpg,lva_passport,03,000313.jpg,0.7777728,genuine,1
dataset/clips/images\fin_id\03\000127.jpg,fin_id,03,000127.jpg,0.95045376,genuine,1
dataset/clips/images\svk_id\17\000271.jpg,svk_id,17,000271.jpg,0.93805474,genuine,1
dataset/clips/images\lva_passport\35\000145.jpg,lva_passport,35,000145.jpg,0.57029206,genuine,1
dataset/clips/images\est_id\59\000301.jpg,est_id,59,000301.jpg,0.39396578,fake,0
dataset/clips/images\grc_passport\59\000163.jpg,grc_passport,59,000163.jpg,0.8745845,genuine,1
dataset/clips/images\srb_passport\49\000013.jpg,srb_passport,49,000013.jpg,0.2256883,fake,0
dataset/clips/images\est_id\21\000127.jpg,est_id,21,000127.jpg,0.6725581,genuine,1
dataset/clips/images\aze_passport\22\000181.jpg,aze_passport,22,000181.jpg,0.4697432,fake,0
dataset/clips/images\srb_passport\70\000607.jpg,srb_passport,70,000607.jpg,0.42610106,fake,0
dataset/clips/images\srb_passport\72\000343.jpg,srb_passport,72,000343.jpg,0.22461888,fake,0
dataset/clips/images\esp_id\29\000115.jpg,esp_id,29,000115.jpg,0.17975873,fake,0
dataset/clips/images\fin_id\69\000307.jpg,fin_id,69,000307.jpg,0.33667493,fake,0
dataset/clips/images\aze_passport\50\000349.jpg,aze_passport,50,000349.jpg,0.26188514,fake,0
dataset/clips/images\svk_id\52\000091.jpg,svk_id,52,000091.jpg,0.2606464,fake,0
dataset/clips/images\est_id\75\000205.jpg,est_id,75,000205.jpg,0.8128128,genuine,1
dataset/clips/images\fin_id\67\000133.jpg,fin_id,67,000133.jpg,0.36433494,fake,0
dataset/clips/images\fin_id\66\000259.jpg,fin_id,66,000259.jpg,0.14876997,fake,0
dataset/clips/images\srb_passport\88\000229.jpg,srb_passport,88,000229.jpg,0.42364633,fake,0
dataset/clips/images\rus_internalpassport\69\000193.jpg,rus_internalpassport,69,000193.jpg,0.45812052,fake,0
dataset/clips/images\aze_passport\85\000037.jpg,aze_passport,85,000037.jpg,0.95775807,genuine,1
dataset/clips/images\srb_passport\89\000241.jpg,srb_passport,89,000241.jpg,0.036265213,fake,0
dataset/clips/images\alb_id\71\000283.jpg,alb_id,71,000283.jpg,0.21251282,fake,0
dataset/clips/images\esp_id\06\000001.jpg,esp_id,06,000001.jpg,0.77488494,genuine,1
dataset/clips/images\alb_id\62\000343.jpg,alb_id,62,000343.jpg,0.050337307,fake,0
dataset/clips/images\lva_passport\61\000295.jpg,lva_passport,61,000295.jpg,0.15926139,fake,0
dataset/clips/images\srb_passport\03\000385.jpg,srb_passport,03,000385.jpg,0.8810451,genuine,1
dataset/clips/images\esp_id\60\000151.jpg,esp_id,60,000151.jpg,0.019699335,fake,0
dataset/clips/images\lva_passport\14\000037.jpg,lva_passport,14,000037.jpg,0.5384021,genuine,1
dataset/clips/images\srb_passport\68\000061.jpg,srb_passport,68,000061.jpg,0.18486284,fake,0
dataset/clips/images\svk_id\02\000307.jpg,svk_id,02,000307.jpg,0.38958216,fake,0
dataset/clips/images\svk_id\21\000223.jpg,svk_id,21,000223.jpg,0.85446584,genuine,1
dataset/clips/images\lva_passport\96\000289.jpg,lva_passport,96,000289.jpg,0.42662567,fake,0
dataset/clips/images\alb_id\68\000145.jpg,alb_id,68,000145.jpg,0.109283514,fake,0
dataset/clips/images\srb_passport\65\000325.jpg,srb_passport,65,000325.jpg,0.018177183,fake,0
dataset/clips/images\aze_passport\62\000007.jpg,aze_passport,62,000007.jpg,0.011618408,fake,0
dataset/clips/images\alb_id\52\000007.jpg,alb_id,52,000007.jpg,0.66453624,genuine,1
dataset/clips/images\srb_passport\50\000115.jpg,srb_passport,50,000115.jpg,0.5078579,genuine,1
dataset/clips/images\grc_passport\87\000019.jpg,grc_passport,87,000019.jpg,0.46836844,fake,0
dataset/clips/images\est_id\79\000517.jpg,est_id,79,000517.jpg,0.78415227,genuine,1
dataset/clips/images\rus_internalpassport\19\000145.jpg,rus_internalpassport,19,000145.jpg,0.80238783,genuine,1
dataset/clips/images\rus_internalpassport\24\000247.jpg,rus_internalpassport,24,000247.jpg,0.4405487,fake,0
dataset/clips/images\lva_passport\31\000379.jpg,lva_passport,31,000379.jpg,0.86697155,genuine,1
dataset/clips/images\fin_id\03\000241.jpg,fin_id,03,000241.jpg,0.9519049,genuine,1
dataset/clips/images\est_id\86\000271.jpg,est_id,86,000271.jpg,0.82890147,genuine,1
dataset/clips/images\rus_internalpassport\92\000109.jpg,rus_internalpassport,92,000109.jpg,0.19334854,fake,0
dataset/clips/images\fin_id\94\000121.jpg,fin_id,94,000121.jpg,0.2990257,fake,0
dataset/clips/images\aze_passport\64\000037.jpg,aze_passport,64,000037.jpg,0.024882067,fake,0
dataset/clips/images\svk_id\09\000349.jpg,svk_id,09,000349.jpg,0.7019758,genuine,1
dataset/clips/images\svk_id\65\000223.jpg,svk_id,65,000223.jpg,0.60100436,genuine,1
dataset/clips/images\aze_passport\87\000223.jpg,aze_passport,87,000223.jpg,0.014184902,fake,0
dataset/clips/images\aze_passport\85\000157.jpg,aze_passport,85,000157.jpg,0.95781726,genuine,1
dataset/clips/images\rus_internalpassport\16\000073.jpg,rus_internalpassport,16,000073.jpg,0.60991734,genuine,1
dataset/clips/images\srb_passport\51\000073.jpg,srb_passport,51,000073.jpg,0.068764776,fake,0
dataset/clips/images\srb_passport\60\000349.jpg,srb_passport,60,000349.jpg,0.019249586,fake,0
dataset/clips/images\alb_id\13\000361.jpg,alb_id,13,000361.jpg,0.94626224,genuine,1
dataset/clips/images\svk_id\99\000307.jpg,svk_id,99,000307.jpg,0.900529,genuine,1
dataset/clips/images\srb_passport\88\000073.jpg,srb_passport,88,000073.jpg,0.1782916,fake,0
dataset/clips/images\est_id\38\000037.jpg,est_id,38,000037.jpg,0.6613627,genuine,1
dataset/clips/images\lva_passport\02\000253.jpg,lva_passport,02,000253.jpg,0.65928686,genuine,1
dataset/clips/images\fin_id\81\000343.jpg,fin_id,81,000343.jpg,0.18487409,fake,0
dataset/clips/images\esp_id\22\000331.jpg,esp_id,22,000331.jpg,0.57370377,genuine,1
dataset/clips/images\grc_passport\51\000175.jpg,grc_passport,51,000175.jpg,0.1907953,fake,0
dataset/clips/images\esp_id\08\000349.jpg,esp_id,08,000349.jpg,0.7996802,genuine,1
dataset/clips/images\aze_passport\10\000397.jpg,aze_passport,10,000397.jpg,0.48020476,fake,0
dataset/clips/images\rus_internalpassport\64\000265.jpg,rus_internalpassport,64,000265.jpg,0.6113761,genuine,1
dataset/clips/images\aze_passport\96\000049.jpg,aze_passport,96,000049.jpg,0.10152864,fake,0
dataset/clips/images\svk_id\08\000433.jpg,svk_id,08,000433.jpg,0.8831587,genuine,1
dataset/clips/images\est_id\01\000289.jpg,est_id,01,000289.jpg,0.3345358,fake,0
dataset/clips/images\grc_passport\05\000259.jpg,grc_passport,05,000259.jpg,0.6366894,genuine,1
dataset/clips/images\lva_passport\62\000133.jpg,lva_passport,62,000133.jpg,0.00771982,fake,0
dataset/clips/images\lva_passport\34\000457.jpg,lva_passport,34,000457.jpg,0.46804267,fake,0
dataset/clips/images\aze_passport\92\000013.jpg,aze_passport,92,000013.jpg,0.44099072,fake,0
dataset/clips/images\esp_id\19\000319.jpg,esp_id,19,000319.jpg,0.8959261,genuine,1
dataset/clips/images\svk_id\86\000025.jpg,svk_id,86,000025.jpg,0.47014725,fake,0
dataset/clips/images\grc_passport\84\000373.jpg,grc_passport,84,000373.jpg,0.16498889,fake,0
dataset/clips/images\lva_passport\18\000163.jpg,lva_passport,18,000163.jpg,0.8042581,genuine,1
dataset/clips/images\est_id\43\000097.jpg,est_id,43,000097.jpg,0.09340427,fake,0
dataset/clips/images\est_id\64\000085.jpg,est_id,64,000085.jpg,0.35825756,fake,0
dataset/clips/images\svk_id\54\000061.jpg,svk_id,54,000061.jpg,0.73606896,genuine,1
dataset/clips/images\fin_id\21\000151.jpg,fin_id,21,000151.jpg,0.44848758,fake,0
dataset/clips/images\aze_passport\99\000325.jpg,aze_passport,99,000325.jpg,0.213673,fake,0
dataset/clips/images\aze_passport\10\000007.jpg,aze_passport,10,000007.jpg,0.8511665,genuine,1
dataset/clips/images\rus_internalpassport\79\000325.jpg,rus_internalpassport,79,000325.jpg,0.8046962,genuine,1
dataset/clips/images\alb_id\16\000073.jpg,alb_id,16,000073.jpg,0.89791626,genuine,1
dataset/clips/images\est_id\85\000433.jpg,est_id,85,000433.jpg,0.56994057,genuine,1
dataset/clips/images\esp_id\20\000367.jpg,esp_id,20,000367.jpg,0.4661099,fake,0
dataset/clips/images\est_id\01\000079.jpg,est_id,01,000079.jpg,0.74352765,genuine,1
dataset/clips/images\alb_id\16\000355.jpg,alb_id,16,000355.jpg,0.6829438,genuine,1
dataset/clips/images\grc_passport\21\000025.jpg,grc_passport,21,000025.jpg,0.04184937,fake,0
dataset/clips/images\lva_passport\20\000187.jpg,lva_passport,20,000187.jpg,0.5802574,genuine,1
dataset/clips/images\svk_id\94\000283.jpg,svk_id,94,000283.jpg,0.83296156,genuine,1
dataset/clips/images\lva_passport\29\000169.jpg,lva_passport,29,000169.jpg,0.23107204,fake,0
dataset/clips/images\srb_passport\86\000403.jpg,srb_passport,86,000403.jpg,0.052199718,fake,0
dataset/clips/images\alb_id\78\000361.jpg,alb_id,78,000361.jpg,0.88128716,genuine,1
dataset/clips/images\svk_id\46\000139.jpg,svk_id,46,000139.jpg,0.2929133,fake,0
dataset/clips/images\aze_passport\78\000427.jpg,aze_passport,78,000427.jpg,0.7834128,genuine,1
dataset/clips/images\est_id\03\000199.jpg,est_id,03,000199.jpg,0.6979777,genuine,1
dataset/clips/images\aze_passport\56\000055.jpg,aze_passport,56,000055.jpg,0.43747512,fake,0
dataset/clips/images\svk_id\85\000271.jpg,svk_id,85,000271.jpg,0.30187473,fake,0
dataset/clips/images\rus_internalpassport\88\000019.jpg,rus_internalpassport,88,000019.jpg,0.6281789,genuine,1
dataset/clips/images\lva_passport\87\000229.jpg,lva_passport,87,000229.jpg,0.56239015,genuine,1
dataset/clips/images\grc_passport\08\000055.jpg,grc_passport,08,000055.jpg,0.89472175,genuine,1
dataset/clips/images\srb_passport\15\000007.jpg,srb_passport,15,000007.jpg,0.8244246,genuine,1
dataset/clips/images\lva_passport\68\000007.jpg,lva_passport,68,000007.jpg,0.05092059,fake,0
dataset/clips/images\lva_passport\07\000031.jpg,lva_passport,07,000031.jpg,0.77747977,genuine,1
dataset/clips/images\esp_id\62\000313.jpg,esp_id,62,000313.jpg,0.78300864,genuine,1
dataset/clips/images\esp_id\89\000037.jpg,esp_id,89,000037.jpg,0.17545436,fake,0
dataset/clips/images\alb_id\55\000073.jpg,alb_id,55,000073.jpg,0.36397,fake,0
dataset/clips/images\esp_id\27\000331.jpg,esp_id,27,000331.jpg,0.19318904,fake,0
dataset/clips/images\grc_passport\25\000043.jpg,grc_passport,25,000043.jpg,0.14338218,fake,0
dataset/clips/images\esp_id\57\000055.jpg,esp_id,57,000055.jpg,0.8016505,genuine,1
dataset/clips/images\est_id\46\000415.jpg,est_id,46,000415.jpg,0.030274222,fake,0
dataset/clips/images\grc_passport\40\000007.jpg,grc_passport,40,000007.jpg,0.83381057,genuine,1
dataset/clips/images\fin_id\85\000337.jpg,fin_id,85,000337.jpg,0.8221259,genuine,1
dataset/clips/images\svk_id\50\000007.jpg,svk_id,50,000007.jpg,0.23057708,fake,0
dataset/clips/images\grc_passport\69\000073.jpg,grc_passport,69,000073.jpg,0.026826242,fake,0
dataset/clips/images\aze_passport\33\000217.jpg,aze_passport,33,000217.jpg,0.40581846,fake,0
dataset/clips/images\lva_passport\70\000235.jpg,lva_passport,70,000235.jpg,0.40508795,fake,0
dataset/clips/images\fin_id\06\000289.jpg,fin_id,06,000289.jpg,0.6073376,genuine,1
dataset/clips/images\aze_passport\51\000313.jpg,aze_passport,51,000313.jpg,0.36635256,fake,0
dataset/clips/images\esp_id\83\000121.jpg,esp_id,83,000121.jpg,0.9465674,genuine,1
dataset/clips/images\lva_passport\68\000301.jpg,lva_passport,68,000301.jpg,0.083393306,fake,0
dataset/clips/images\aze_passport\76\000193.jpg,aze_passport,76,000193.jpg,0.8357861,genuine,1
dataset/clips/images\alb_id\00\000247.jpg,alb_id,00,000247.jpg,0.30940536,fake,0
dataset/clips/images\alb_id\84\000439.jpg,alb_id,84,000439.jpg,0.11617368,fake,0
dataset/clips/images\srb_passport\73\000163.jpg,srb_passport,73,000163.jpg,0.2076192,fake,0
dataset/clips/images\lva_passport\84\000055.jpg,lva_passport,84,000055.jpg,0.35805365,fake,0
dataset/clips/images\grc_passport\30\000169.jpg,grc_passport,30,000169.jpg,0.4850223,fake,0
dataset/clips/images\aze_passport\29\000019.jpg,aze_passport,29,000019.jpg,0.10814622,fake,0
dataset/clips/images\esp_id\72\000355.jpg,esp_id,72,000355.jpg,0.1717878,fake,0
dataset/clips/images\fin_id\34\000091.jpg,fin_id,34,000091.jpg,0.61450857,genuine,1
dataset/clips/images\rus_internalpassport\43\000361.jpg,rus_internalpassport,43,000361.jpg,0.39238563,fake,0
dataset/clips/images\srb_passport\35\000061.jpg,srb_passport,35,000061.jpg,0.69224334,genuine,1
dataset/clips/images\grc_passport\28\000049.jpg,grc_passport,28,000049.jpg,0.48441806,fake,0
dataset/clips/images\alb_id\30\000187.jpg,alb_id,30,000187.jpg,0.4042162,fake,0
dataset/clips/images\grc_passport\11\000277.jpg,grc_passport,11,000277.jpg,0.81127405,genuine,1
dataset/clips/images\fin_id\27\000241.jpg,fin_id,27,000241.jpg,0.5741192,genuine,1
dataset/clips/images\lva_passport\56\000043.jpg,lva_passport,56,000043.jpg,0.092313595,fake,0
dataset/clips/images\esp_id\15\000349.jpg,esp_id,15,000349.jpg,0.8391457,genuine,1
dataset/clips/images\grc_passport\25\000103.jpg,grc_passport,25,000103.jpg,0.19563715,fake,0
dataset/clips/images\aze_passport\37\000211.jpg,aze_passport,37,000211.jpg,0.61350584,genuine,1
dataset/clips/images\aze_passport\85\000451.jpg,aze_passport,85,000451.jpg,0.9549981,genuine,1
dataset/clips/images\alb_id\71\000301.jpg,alb_id,71,000301.jpg,0.35773218,fake,0
dataset/clips/images\esp_id\12\000229.jpg,esp_id,12,000229.jpg,0.8357388,genuine,1
dataset/clips/images\fin_id\78\000583.jpg,fin_id,78,000583.jpg,0.55177605,genuine,1
dataset/clips/images\aze_passport\09\000007.jpg,aze_passport,09,000007.jpg,0.68496156,genuine,1
dataset/clips/images\svk_id\78\000193.jpg,svk_id,78,000193.jpg,0.8868179,genuine,1
dataset/clips/images\lva_passport\83\000175.jpg,lva_passport,83,000175.jpg,0.3015952,fake,0
dataset/clips/images\rus_internalpassport\42\000253.jpg,rus_internalpassport,42,000253.jpg,0.98825705,genuine,1
dataset/clips/images\srb_passport\03\000265.jpg,srb_passport,03,000265.jpg,0.94703645,genuine,1
dataset/clips/images\lva_passport\16\000277.jpg,lva_passport,16,000277.jpg,0.9810646,genuine,1
dataset/clips/images\alb_id\50\000223.jpg,alb_id,50,000223.jpg,0.66189086,genuine,1
dataset/clips/images\fin_id\81\000187.jpg,fin_id,81,000187.jpg,0.12376836,fake,0
dataset/clips/images\alb_id\14\000067.jpg,alb_id,14,000067.jpg,0.7146851,genuine,1
dataset/clips/images\grc_passport\29\000073.jpg,grc_passport,29,000073.jpg,0.071764104,fake,0
dataset/clips/images\srb_passport\26\000403.jpg,srb_passport,26,000403.jpg,0.2350223,fake,0
dataset/clips/images\alb_id\94\000217.jpg,alb_id,94,000217.jpg,0.54970056,genuine,1
dataset/clips/images\alb_id\65\000031.jpg,alb_id,65,000031.jpg,0.63460267,genuine,1
dataset/clips/images\fin_id\40\000061.jpg,fin_id,40,000061.jpg,0.4791165,fake,0
dataset/clips/images\grc_passport\11\000475.jpg,grc_passport,11,000475.jpg,0.74456084,genuine,1
dataset/clips/images\est_id\52\000013.jpg,est_id,52,000013.jpg,0.24270691,fake,0
dataset/clips/images\aze_passport\24\000325.jpg,aze_passport,24,000325.jpg,0.033039916,fake,0
dataset/clips/images\grc_passport\03\000223.jpg,grc_passport,03,000223.jpg,0.8978515,genuine,1
dataset/clips/images\srb_passport\55\000283.jpg,srb_passport,55,000283.jpg,0.8888465,genuine,1
dataset/clips/images\aze_passport\18\000217.jpg,aze_passport,18,000217.jpg,0.2830331,fake,0
dataset/clips/images\esp_id\20\000103.jpg,esp_id,20,000103.jpg,0.6167913,genuine,1
dataset/clips/images\lva_passport\17\000211.jpg,lva_passport,17,000211.jpg,0.36659205,fake,0
dataset/clips/images\est_id\24\000241.jpg,est_id,24,000241.jpg,0.63453466,genuine,1
dataset/clips/images\srb_passport\54\000241.jpg,srb_passport,54,000241.jpg,0.13959464,fake,0
dataset/clips/images\esp_id\13\000055.jpg,esp_id,13,000055.jpg,0.86842144,genuine,1
dataset/clips/images\svk_id\09\000049.jpg,svk_id,09,000049.jpg,0.89103436,genuine,1
dataset/clips/images\aze_passport\24\000247.jpg,aze_passport,24,000247.jpg,0.35239658,fake,0
dataset/clips/images\srb_passport\23\000331.jpg,srb_passport,23,000331.jpg,0.18914029,fake,0
dataset/clips/images\aze_passport\17\000277.jpg,aze_passport,17,000277.jpg,0.42509615,fake,0
dataset/clips/images\esp_id\45\000265.jpg,esp_id,45,000265.jpg,0.99376607,genuine,1
dataset/clips/images\lva_passport\59\000289.jpg,lva_passport,59,000289.jpg,0.7988562,genuine,1
dataset/clips/images\alb_id\71\000061.jpg,alb_id,71,000061.jpg,0.040738214,fake,0
dataset/clips/images\esp_id\74\000223.jpg,esp_id,74,000223.jpg,0.8166105,genuine,1
dataset/clips/images\grc_passport\70\000127.jpg,grc_passport,70,000127.jpg,0.7898512,genuine,1
dataset/clips/images\lva_passport\04\000289.jpg,lva_passport,04,000289.jpg,0.77501786,genuine,1
dataset/clips/images\lva_passport\24\000313.jpg,lva_passport,24,000313.jpg,0.33791208,fake,0
dataset/clips/images\lva_passport\06\000211.jpg,lva_passport,06,000211.jpg,0.8718326,genuine,1
dataset/clips/images\srb_passport\08\000109.jpg,srb_passport,08,000109.jpg,0.6956355,genuine,1
dataset/clips/images\srb_passport\10\000193.jpg,srb_passport,10,000193.jpg,0.6374507,genuine,1
dataset/clips/images\esp_id\06\000397.jpg,esp_id,06,000397.jpg,0.80141884,genuine,1
dataset/clips/images\svk_id\10\000091.jpg,svk_id,10,000091.jpg,0.8107758,genuine,1
dataset/clips/images\aze_passport\87\000361.jpg,aze_passport,87,000361.jpg,0.03731093,fake,0
dataset/clips/images\lva_passport\88\000283.jpg,lva_passport,88,000283.jpg,0.5547154,genuine,1
dataset/clips/images\svk_id\56\000049.jpg,svk_id,56,000049.jpg,0.8862539,genuine,1
dataset/clips/images\grc_passport\49\000091.jpg,grc_passport,49,000091.jpg,0.00684009,fake,0
dataset/clips/images\est_id\00\000409.jpg,est_id,00,000409.jpg,0.10805182,fake,0
dataset/clips/images\est_id\57\000037.jpg,est_id,57,000037.jpg,0.06252787,fake,0
dataset/clips/images\est_id\18\000085.jpg,est_id,18,000085.jpg,0.82632446,genuine,1
dataset/clips/images\aze_passport\86\000349.jpg,aze_passport,86,000349.jpg,0.026291855,fake,0
dataset/clips/images\srb_passport\50\000355.jpg,srb_passport,50,000355.jpg,0.5070604,genuine,1
dataset/clips/images\fin_id\12\000013.jpg,fin_id,12,000013.jpg,0.89379215,genuine,1
dataset/clips/images\alb_id\72\000271.jpg,alb_id,72,000271.jpg,0.37406445,fake,0
dataset/clips/images\alb_id\64\000301.jpg,alb_id,64,000301.jpg,0.12324848,fake,0
dataset/clips/images\aze_passport\61\000271.jpg,aze_passport,61,000271.jpg,0.15603201,fake,0
dataset/clips/images\grc_passport\02\000091.jpg,grc_passport,02,000091.jpg,0.85157686,genuine,1
dataset/clips/images\srb_passport\88\000025.jpg,srb_passport,88,000025.jpg,0.6839634,genuine,1
dataset/clips/images\svk_id\66\000217.jpg,svk_id,66,000217.jpg,0.5775323,genuine,1
dataset/clips/images\svk_id\69\000199.jpg,svk_id,69,000199.jpg,0.41779363,fake,0
dataset/clips/images\est_id\70\000493.jpg,est_id,70,000493.jpg,0.46433204,fake,0
dataset/clips/images\alb_id\93\000241.jpg,alb_id,93,000241.jpg,0.77385783,genuine,1
dataset/clips/images\grc_passport\00\000007.jpg,grc_passport,00,000007.jpg,0.6865251,genuine,1
dataset/clips/images\est_id\85\000235.jpg,est_id,85,000235.jpg,0.5034418,genuine,1
dataset/clips/images\rus_internalpassport\65\000247.jpg,rus_internalpassport,65,000247.jpg,0.71636724,genuine,1
dataset/clips/images\alb_id\38\000061.jpg,alb_id,38,000061.jpg,0.8284301,genuine,1
dataset/clips/images\rus_internalpassport\58\000337.jpg,rus_internalpassport,58,000337.jpg,0.10241277,fake,0
dataset/clips/images\aze_passport\14\000247.jpg,aze_passport,14,000247.jpg,0.05215325,fake,0
dataset/clips/images\lva_passport\20\000025.jpg,lva_passport,20,000025.jpg,0.26545453,fake,0
dataset/clips/images\est_id\02\000271.jpg,est_id,02,000271.jpg,0.5871624,genuine,1
dataset/clips/images\esp_id\28\000205.jpg,esp_id,28,000205.jpg,0.18425204,fake,0
dataset/clips/images\esp_id\66\000217.jpg,esp_id,66,000217.jpg,0.681695,genuine,1
dataset/clips/images\alb_id\57\000409.jpg,alb_id,57,000409.jpg,0.67739654,genuine,1
dataset/clips/images\srb_passport\87\000277.jpg,srb_passport,87,000277.jpg,0.47293586,fake,0
dataset/clips/images\aze_passport\34\000229.jpg,aze_passport,34,000229.jpg,0.53573406,genuine,1
dataset/clips/images\esp_id\31\000133.jpg,esp_id,31,000133.jpg,0.6449344,genuine,1
dataset/clips/images\aze_passport\55\000127.jpg,aze_passport,55,000127.jpg,0.41483477,fake,0
dataset/clips/images\est_id\75\000301.jpg,est_id,75,000301.jpg,0.7801057,genuine,1
dataset/clips/images\esp_id\32\000187.jpg,esp_id,32,000187.jpg,0.048856165,fake,0
dataset/clips/images\rus_internalpassport\40\000259.jpg,rus_internalpassport,40,000259.jpg,0.7859004,genuine,1
dataset/clips/images\est_id\79\000349.jpg,est_id,79,000349.jpg,0.40537167,fake,0
dataset/clips/images\grc_passport\14\000169.jpg,grc_passport,14,000169.jpg,0.5978978,genuine,1
dataset/clips/images\rus_internalpassport\77\000211.jpg,rus_internalpassport,77,000211.jpg,0.5721394,genuine,1
dataset/clips/images\alb_id\04\000283.jpg,alb_id,04,000283.jpg,0.7726173,genuine,1
dataset/clips/images\svk_id\19\000409.jpg,svk_id,19,000409.jpg,0.4022398,fake,0
dataset/clips/images\grc_passport\15\000001.jpg,grc_passport,15,000001.jpg,0.7682906,genuine,1
dataset/clips/images\esp_id\72\000241.jpg,esp_id,72,000241.jpg,0.38690296,fake,0
dataset/clips/images\aze_passport\37\000379.jpg,aze_passport,37,000379.jpg,0.343423,fake,0
dataset/clips/images\srb_passport\38\000241.jpg,srb_passport,38,000241.jpg,0.7543965,genuine,1
dataset/clips/images\est_id\66\000061.jpg,est_id,66,000061.jpg,0.4324935,fake,0
dataset/clips/images\grc_passport\60\000301.jpg,grc_passport,60,000301.jpg,0.10546622,fake,0
dataset/clips/images\grc_passport\62\000319.jpg,grc_passport,62,000319.jpg,0.068494014,fake,0
dataset/clips/images\grc_passport\46\000121.jpg,grc_passport,46,000121.jpg,0.46085945,fake,0
dataset/clips/images\alb_id\75\000325.jpg,alb_id,75,000325.jpg,0.33581874,fake,0
dataset/clips/images\est_id\13\000241.jpg,est_id,13,000241.jpg,0.65672565,genuine,1
dataset/clips/images\alb_id\33\000265.jpg,alb_id,33,000265.jpg,0.51403815,genuine,1
dataset/clips/images\svk_id\10\000379.jpg,svk_id,10,000379.jpg,0.7684087,genuine,1
dataset/clips/images\est_id\34\000361.jpg,est_id,34,000361.jpg,0.7623437,genuine,1
dataset/clips/images\est_id\09\000301.jpg,est_id,09,000301.jpg,0.6918905,genuine,1
dataset/clips/images\alb_id\78\000115.jpg,alb_id,78,000115.jpg,0.33536947,fake,0
dataset/clips/images\aze_passport\07\000259.jpg,aze_passport,07,000259.jpg,0.2491202,fake,0
dataset/clips/images\fin_id\47\000121.jpg,fin_id,47,000121.jpg,0.056979343,fake,0
dataset/clips/images\lva_passport\39\000469.jpg,lva_passport,39,000469.jpg,0.50182515,genuine,1
dataset/clips/images\grc_passport\01\000157.jpg,grc_passport,01,000157.jpg,0.36140746,fake,0
dataset/clips/images\est_id\72\000163.jpg,est_id,72,000163.jpg,0.36933586,fake,0
dataset/clips/images\aze_passport\38\000229.jpg,aze_passport,38,000229.jpg,0.32808852,fake,0
dataset/clips/images\fin_id\27\000055.jpg,fin_id,27,000055.jpg,0.07441461,fake,0
dataset/clips/images\alb_id\43\000307.jpg,alb_id,43,000307.jpg,0.07245943,fake,0
dataset/clips/images\grc_passport\11\000163.jpg,grc_passport,11,000163.jpg,0.65879834,genuine,1
dataset/clips/images\svk_id\64\000031.jpg,svk_id,64,000031.jpg,0.06483332,fake,0
dataset/clips/images\grc_passport\33\000313.jpg,grc_passport,33,000313.jpg,0.68157244,genuine,1
dataset/clips/images\grc_passport\21\000277.jpg,grc_passport,21,000277.jpg,0.3524337,fake,0
dataset/clips/images\aze_passport\20\000319.jpg,aze_passport,20,000319.jpg,0.16217788,fake,0
dataset/clips/images\aze_passport\50\000271.jpg,aze_passport,50,000271.jpg,0.16367424,fake,0
dataset/clips/images\est_id\74\000241.jpg,est_id,74,000241.jpg,0.2360334,fake,0
dataset/clips/images\aze_passport\92\000199.jpg,aze_passport,92,000199.jpg,0.5062245,genuine,1
dataset/clips/images\svk_id\34\000031.jpg,svk_id,34,000031.jpg,0.07485865,fake,0
dataset/clips/images\aze_passport\54\000091.jpg,aze_passport,54,000091.jpg,0.17133068,fake,0
dataset/clips/images\esp_id\98\000031.jpg,esp_id,98,000031.jpg,0.30003592,fake,0
dataset/clips/images\aze_passport\47\000331.jpg,aze_passport,47,000331.jpg,0.062229123,fake,0
dataset/clips/images\lva_passport\08\000151.jpg,lva_passport,08,000151.jpg,0.77977574,genuine,1
dataset/clips/images\srb_passport\35\000073.jpg,srb_passport,35,000073.jpg,0.76269007,genuine,1
dataset/clips/images\srb_passport\29\000205.jpg,srb_passport,29,000205.jpg,0.006513723,fake,0
dataset/clips/images\aze_passport\86\000283.jpg,aze_passport,86,000283.jpg,0.10406356,fake,0
dataset/clips/images\alb_id\72\000349.jpg,alb_id,72,000349.jpg,0.39470327,fake,0
dataset/clips/images\aze_passport\02\000127.jpg,aze_passport,02,000127.jpg,0.4108458,fake,0
dataset/clips/images\rus_internalpassport\62\000265.jpg,rus_internalpassport,62,000265.jpg,0.6673916,genuine,1
dataset/clips/images\fin_id\78\000343.jpg,fin_id,78,000343.jpg,0.66882753,genuine,1
dataset/clips/images\grc_passport\29\000067.jpg,grc_passport,29,000067.jpg,0.08134478,fake,0
dataset/clips/images\esp_id\62\000181.jpg,esp_id,62,000181.jpg,0.6544554,genuine,1
dataset/clips/images\grc_passport\79\000265.jpg,grc_passport,79,000265.jpg,0.41713452,fake,0
dataset/clips/images\fin_id\72\000013.jpg,fin_id,72,000013.jpg,0.092194356,fake,0
dataset/clips/images\grc_passport\17\000049.jpg,grc_passport,17,000049.jpg,0.2762663,fake,0
dataset/clips/images\aze_passport\95\000085.jpg,aze_passport,95,000085.jpg,0.32091472,fake,0
dataset/clips/images\esp_id\87\000247.jpg,esp_id,87,000247.jpg,0.20533939,fake,0
dataset/clips/images\alb_id\75\000571.jpg,alb_id,75,000571.jpg,0.02430274,fake,0
dataset/clips/images\lva_passport\33\000079.jpg,lva_passport,33,000079.jpg,0.575382,genuine,1
dataset/clips/images\srb_passport\99\000109.jpg,srb_passport,99,000109.jpg,0.1089263,fake,0
dataset/clips/images\srb_passport\66\000097.jpg,srb_passport,66,000097.jpg,0.083209485,fake,0
dataset/clips/images\esp_id\60\000205.jpg,esp_id,60,000205.jpg,0.36472043,fake,0
dataset/clips/images\rus_internalpassport\78\000181.jpg,rus_internalpassport,78,000181.jpg,0.18847895,fake,0
dataset/clips/images\lva_passport\00\000355.jpg,lva_passport,00,000355.jpg,0.8261565,genuine,1
dataset/clips/images\srb_passport\28\000169.jpg,srb_passport,28,000169.jpg,0.060668763,fake,0
dataset/clips/images\grc_passport\83\000379.jpg,grc_passport,83,000379.jpg,0.055380046,fake,0
dataset/clips/images\srb_passport\67\000001.jpg,srb_passport,67,000001.jpg,0.14464259,fake,0
dataset/clips/images\svk_id\17\000223.jpg,svk_id,17,000223.jpg,0.9445171,genuine,1
dataset/clips/images\rus_internalpassport\11\000331.jpg,rus_internalpassport,11,000331.jpg,0.50792307,genuine,1
dataset/clips/images\alb_id\65\000307.jpg,alb_id,65,000307.jpg,0.30471873,fake,0
dataset/clips/images\rus_internalpassport\29\000109.jpg,rus_internalpassport,29,000109.jpg,0.36264762,fake,0
dataset/clips/images\aze_passport\29\000253.jpg,aze_passport,29,000253.jpg,0.6345744,genuine,1
dataset/clips/images\est_id\59\000445.jpg,est_id,59,000445.jpg,0.041892312,fake,0
dataset/clips/images\rus_internalpassport\91\000199.jpg,rus_internalpassport,91,000199.jpg,0.1652133,fake,0
dataset/clips/images\lva_passport\40\000091.jpg,lva_passport,40,000091.jpg,0.9891584,genuine,1
dataset/clips/images\aze_passport\42\000313.jpg,aze_passport,42,000313.jpg,0.544183,genuine,1
dataset/clips/images\srb_passport\88\000097.jpg,srb_passport,88,000097.jpg,0.10584806,fake,0
dataset/clips/images\fin_id\87\000379.jpg,fin_id,87,000379.jpg,0.26648128,fake,0
dataset/clips/images\esp_id\45\000301.jpg,esp_id,45,000301.jpg,0.96830845,genuine,1
dataset/clips/images\rus_internalpassport\78\000565.jpg,rus_internalpassport,78,000565.jpg,0.1916257,fake,0
dataset/clips/images\esp_id\92\000283.jpg,esp_id,92,000283.jpg,0.08039728,fake,0
dataset/clips/images\svk_id\89\000229.jpg,svk_id,89,000229.jpg,0.73079515,genuine,1
dataset/clips/images\fin_id\72\000001.jpg,fin_id,72,000001.jpg,0.19359711,fake,0
dataset/clips/images\est_id\33\000289.jpg,est_id,33,000289.jpg,0.8079679,genuine,1
dataset/clips/images\rus_internalpassport\37\000061.jpg,rus_internalpassport,37,000061.jpg,0.30702746,fake,0
dataset/clips/images\est_id\16\000067.jpg,est_id,16,000067.jpg,0.5953241,genuine,1
dataset/clips/images\svk_id\83\000103.jpg,svk_id,83,000103.jpg,0.9167736,genuine,1
dataset/clips/images\alb_id\48\000127.jpg,alb_id,48,000127.jpg,0.11936581,fake,0
dataset/clips/images\svk_id\02\000067.jpg,svk_id,02,000067.jpg,0.8559859,genuine,1
dataset/clips/images\lva_passport\91\000049.jpg,lva_passport,91,000049.jpg,0.73985744,genuine,1
dataset/clips/images\fin_id\10\000301.jpg,fin_id,10,000301.jpg,0.6421833,genuine,1
dataset/clips/images\srb_passport\96\000091.jpg,srb_passport,96,000091.jpg,0.07868408,fake,0
dataset/clips/images\srb_passport\36\000229.jpg,srb_passport,36,000229.jpg,0.8532114,genuine,1
dataset/clips/images\srb_passport\18\000241.jpg,srb_passport,18,000241.jpg,0.7643429,genuine,1
dataset/clips/images\grc_passport\78\000397.jpg,grc_passport,78,000397.jpg,0.033265147,fake,0
dataset/clips/images\esp_id\90\000145.jpg,esp_id,90,000145.jpg,0.7351523,genuine,1
dataset/clips/images\est_id\11\000205.jpg,est_id,11,000205.jpg,0.79874206,genuine,1
dataset/clips/images\aze_passport\74\000373.jpg,aze_passport,74,000373.jpg,0.6339614,genuine,1
dataset/clips/images\grc_passport\72\000625.jpg,grc_passport,72,000625.jpg,0.94505614,genuine,1
dataset/clips/images\srb_passport\03\000373.jpg,srb_passport,03,000373.jpg,0.89240444,genuine,1
dataset/clips/images\rus_internalpassport\02\000181.jpg,rus_internalpassport,02,000181.jpg,0.6680728,genuine,1
dataset/clips/images\aze_passport\45\000301.jpg,aze_passport,45,000301.jpg,0.45675045,fake,0
dataset/clips/images\svk_id\60\000313.jpg,svk_id,60,000313.jpg,0.16894181,fake,0
dataset/clips/images\esp_id\68\000325.jpg,esp_id,68,000325.jpg,0.33702454,fake,0
dataset/clips/images\fin_id\52\000085.jpg,fin_id,52,000085.jpg,0.62229836,genuine,1
dataset/clips/images\svk_id\55\000235.jpg,svk_id,55,000235.jpg,0.856671,genuine,1
dataset/clips/images\svk_id\05\000211.jpg,svk_id,05,000211.jpg,0.9005383,genuine,1
dataset/clips/images\srb_passport\47\000079.jpg,srb_passport,47,000079.jpg,0.09973594,fake,0
dataset/clips/images\esp_id\19\000283.jpg,esp_id,19,000283.jpg,0.8633785,genuine,1
dataset/clips/images\est_id\96\000145.jpg,est_id,96,000145.jpg,0.39781833,fake,0
dataset/clips/images\est_id\40\000271.jpg,est_id,40,000271.jpg,0.8864775,genuine,1
dataset/clips/images\fin_id\02\000175.jpg,fin_id,02,000175.jpg,0.89373827,genuine,1
dataset/clips/images\grc_passport\82\000193.jpg,grc_passport,82,000193.jpg,0.1352134,fake,0
dataset/clips/images\esp_id\44\000091.jpg,esp_id,44,000091.jpg,0.92321813,genuine,1
dataset/clips/images\grc_passport\73\000037.jpg,grc_passport,73,000037.jpg,0.23905182,fake,0
dataset/clips/images\rus_internalpassport\03\000391.jpg,rus_internalpassport,03,000391.jpg,0.7705134,genuine,1
dataset/clips/images\svk_id\10\000181.jpg,svk_id,10,000181.jpg,0.8181858,genuine,1
dataset/clips/images\lva_passport\33\000229.jpg,lva_passport,33,000229.jpg,0.688292,genuine,1
dataset/clips/images\lva_passport\12\000127.jpg,lva_passport,12,000127.jpg,0.9113592,genuine,1
dataset/clips/images\alb_id\57\000181.jpg,alb_id,57,000181.jpg,0.6728624,genuine,1
dataset/clips/images\rus_internalpassport\48\000325.jpg,rus_internalpassport,48,000325.jpg,0.02294201,fake,0
dataset/clips/images\srb_passport\53\000199.jpg,srb_passport,53,000199.jpg,0.725412,genuine,1
dataset/clips/images\rus_internalpassport\37\000349.jpg,rus_internalpassport,37,000349.jpg,0.09742565,fake,0
dataset/clips/images\est_id\08\000385.jpg,est_id,08,000385.jpg,0.72536063,genuine,1
dataset/clips/images\grc_passport\32\000277.jpg,grc_passport,32,000277.jpg,0.5298512,genuine,1
dataset/clips/images\fin_id\80\000067.jpg,fin_id,80,000067.jpg,0.24623452,fake,0
dataset/clips/images\est_id\10\000073.jpg,est_id,10,000073.jpg,0.92132056,genuine,1
dataset/clips/images\aze_passport\24\000097.jpg,aze_passport,24,000097.jpg,0.12056493,fake,0
dataset/clips/images\esp_id\08\000355.jpg,esp_id,08,000355.jpg,0.88490653,genuine,1
dataset/clips/images\fin_id\30\000175.jpg,fin_id,30,000175.jpg,0.8157929,genuine,1
dataset/clips/images\esp_id\26\000139.jpg,esp_id,26,000139.jpg,0.3753653,fake,0
dataset/clips/images\rus_internalpassport\29\000055.jpg,rus_internalpassport,29,000055.jpg,0.25031868,fake,0
dataset/clips/images\alb_id\99\000277.jpg,alb_id,99,000277.jpg,0.40097365,fake,0
dataset/clips/images\fin_id\19\000439.jpg,fin_id,19,000439.jpg,0.7365592,genuine,1
dataset/clips/images\lva_passport\84\000205.jpg,lva_passport,84,000205.jpg,0.13647395,fake,0
dataset/clips/images\aze_passport\75\000235.jpg,aze_passport,75,000235.jpg,0.6717938,genuine,1
dataset/clips/images\grc_passport\71\000475.jpg,grc_passport,71,000475.jpg,0.22739479,fake,0
dataset/clips/images\fin_id\46\000151.jpg,fin_id,46,000151.jpg,0.06940924,fake,0
dataset/clips/images\lva_passport\95\000151.jpg,lva_passport,95,000151.jpg,0.912257,genuine,1
dataset/clips/images\svk_id\37\000175.jpg,svk_id,37,000175.jpg,0.06276981,fake,0
dataset/clips/images\srb_passport\63\000157.jpg,srb_passport,63,000157.jpg,0.06910305,fake,0
dataset/clips/images\alb_id\13\000145.jpg,alb_id,13,000145.jpg,0.60554063,genuine,1
dataset/clips/images\srb_passport\20\000301.jpg,srb_passport,20,000301.jpg,0.28984627,fake,0
dataset/clips/images\esp_id\52\000211.jpg,esp_id,52,000211.jpg,0.83642924,genuine,1
dataset/clips/images\svk_id\90\000247.jpg,svk_id,90,000247.jpg,0.9257647,genuine,1
dataset/clips/images\alb_id\07\000145.jpg,alb_id,07,000145.jpg,0.17870058,fake,0
dataset/clips/images\alb_id\33\000325.jpg,alb_id,33,000325.jpg,0.708285,genuine,1
dataset/clips/images\svk_id\48\000433.jpg,svk_id,48,000433.jpg,0.21430959,fake,0
dataset/clips/images\fin_id\13\000169.jpg,fin_id,13,000169.jpg,0.88813096,genuine,1
dataset/clips/images\rus_internalpassport\02\000043.jpg,rus_internalpassport,02,000043.jpg,0.82362354,genuine,1
dataset/clips/images\srb_passport\86\000235.jpg,srb_passport,86,000235.jpg,0.016117543,fake,0
dataset/clips/images\rus_internalpassport\58\000067.jpg,rus_internalpassport,58,000067.jpg,0.08710417,fake,0
dataset/clips/images\lva_passport\98\000013.jpg,lva_passport,98,000013.jpg,0.092376284,fake,0
dataset/clips/images\srb_passport\48\000199.jpg,srb_passport,48,000199.jpg,0.15181111,fake,0
dataset/clips/images\lva_passport\30\000253.jpg,lva_passport,30,000253.jpg,0.51111966,genuine,1
dataset/clips/images\est_id\80\000037.jpg,est_id,80,000037.jpg,0.14326334,fake,0
dataset/clips/images\lva_passport\43\000055.jpg,lva_passport,43,000055.jpg,0.2727603,fake,0
dataset/clips/images\esp_id\85\000103.jpg,esp_id,85,000103.jpg,0.48029226,fake,0
dataset/clips/images\aze_passport\97\000079.jpg,aze_passport,97,000079.jpg,0.17281994,fake,0
dataset/clips/images\srb_passport\13\000223.jpg,srb_passport,13,000223.jpg,0.2792288,fake,0
dataset/clips/images\srb_passport\23\000337.jpg,srb_passport,23,000337.jpg,0.26116118,fake,0
dataset/clips/images\srb_passport\67\000511.jpg,srb_passport,67,000511.jpg,0.12522618,fake,0
dataset/clips/images\esp_id\03\000097.jpg,esp_id,03,000097.jpg,0.8790725,genuine,1
dataset/clips/images\fin_id\89\000175.jpg,fin_id,89,000175.jpg,0.13768591,fake,0
dataset/clips/images\alb_id\68\000349.jpg,alb_id,68,000349.jpg,0.18964472,fake,0
dataset/clips/images\grc_passport\70\000511.jpg,grc_passport,70,000511.jpg,0.5310315,genuine,1
dataset/clips/images\rus_internalpassport\14\000367.jpg,rus_internalpassport,14,000367.jpg,0.7138706,genuine,1
dataset/clips/images\rus_internalpassport\25\000049.jpg,rus_internalpassport,25,000049.jpg,0.122346066,fake,0
dataset/clips/images\rus_internalpassport\08\000025.jpg,rus_internalpassport,08,000025.jpg,0.9913102,genuine,1
dataset/clips/images\alb_id\95\000109.jpg,alb_id,95,000109.jpg,0.24220948,fake,0
dataset/clips/images\rus_internalpassport\51\000397.jpg,rus_internalpassport,51,000397.jpg,0.84045255,genuine,1
dataset/clips/images\aze_passport\96\000253.jpg,aze_passport,96,000253.jpg,0.2908999,fake,0
dataset/clips/images\grc_passport\99\000025.jpg,grc_passport,99,000025.jpg,0.095029615,fake,0
dataset/clips/images\alb_id\81\000103.jpg,alb_id,81,000103.jpg,0.06911254,fake,0
dataset/clips/images\rus_internalpassport\99\000319.jpg,rus_internalpassport,99,000319.jpg,0.052226715,fake,0
dataset/clips/images\lva_passport\05\000079.jpg,lva_passport,05,000079.jpg,0.47962743,fake,0
dataset/clips/images\alb_id\20\000061.jpg,alb_id,20,000061.jpg,0.033093244,fake,0
dataset/clips/images\svk_id\50\000229.jpg,svk_id,50,000229.jpg,0.5888394,genuine,1
dataset/clips/images\srb_passport\69\000259.jpg,srb_passport,69,000259.jpg,0.12025728,fake,0
dataset/clips/images\rus_internalpassport\09\000265.jpg,rus_internalpassport,09,000265.jpg,0.6599447,genuine,1
dataset/clips/images\fin_id\87\000019.jpg,fin_id,87,000019.jpg,0.63914645,genuine,1
dataset/clips/images\aze_passport\04\000067.jpg,aze_passport,04,000067.jpg,0.21664639,fake,0
dataset/clips/images\fin_id\60\000391.jpg,fin_id,60,000391.jpg,0.18923923,fake,0
dataset/clips/images\srb_passport\26\000397.jpg,srb_passport,26,000397.jpg,0.28999558,fake,0
dataset/clips/images\alb_id\33\000079.jpg,alb_id,33,000079.jpg,0.7999092,genuine,1
dataset/clips/images\rus_internalpassport\54\000349.jpg,rus_internalpassport,54,000349.jpg,0.5354376,genuine,1
dataset/clips/images\esp_id\15\000217.jpg,esp_id,15,000217.jpg,0.9289379,genuine,1
dataset/clips/images\srb_passport\34\000205.jpg,srb_passport,34,000205.jpg,0.72190315,genuine,1
dataset/clips/images\alb_id\23\000127.jpg,alb_id,23,000127.jpg,0.4025977,fake,0
dataset/clips/images\alb_id\53\000307.jpg,alb_id,53,000307.jpg,0.38704997,fake,0
dataset/clips/images\alb_id\28\000205.jpg,alb_id,28,000205.jpg,0.14634089,fake,0
dataset/clips/images\lva_passport\60\000379.jpg,lva_passport,60,000379.jpg,0.00585038,fake,0
dataset/clips/images\esp_id\25\000331.jpg,esp_id,25,000331.jpg,0.11123671,fake,0
dataset/clips/images\alb_id\02\000091.jpg,alb_id,02,000091.jpg,0.47747573,fake,0
dataset/clips/images\alb_id\57\000301.jpg,alb_id,57,000301.jpg,0.06608294,fake,0
dataset/clips/images\srb_passport\32\000007.jpg,srb_passport,32,000007.jpg,0.5883852,genuine,1
dataset/clips/images\rus_internalpassport\98\000055.jpg,rus_internalpassport,98,000055.jpg,0.9356278,genuine,1
dataset/clips/images\srb_passport\86\000439.jpg,srb_passport,86,000439.jpg,0.22774152,fake,0
dataset/clips/images\alb_id\27\000001.jpg,alb_id,27,000001.jpg,0.03219727,fake,0
dataset/clips/images\fin_id\37\000151.jpg,fin_id,37,000151.jpg,0.8719249,genuine,1
dataset/clips/images\est_id\94\000289.jpg,est_id,94,000289.jpg,0.46880725,fake,0
dataset/clips/images\alb_id\78\000589.jpg,alb_id,78,000589.jpg,0.5869825,genuine,1
dataset/clips/images\est_id\24\000259.jpg,est_id,24,000259.jpg,0.770878,genuine,1
dataset/clips/images\grc_passport\00\000085.jpg,grc_passport,00,000085.jpg,0.6507171,genuine,1
dataset/clips/images\alb_id\45\000121.jpg,alb_id,45,000121.jpg,0.31795633,fake,0
dataset/clips/images\est_id\36\000025.jpg,est_id,36,000025.jpg,0.8371054,genuine,1
dataset/clips/images\grc_passport\33\000247.jpg,grc_passport,33,000247.jpg,0.15663317,fake,0
dataset/clips/images\alb_id\22\000001.jpg,alb_id,22,000001.jpg,0.24149019,fake,0
dataset/clips/images\lva_passport\52\000301.jpg,lva_passport,52,000301.jpg,0.22242823,fake,0
dataset/clips/images\grc_passport\01\000007.jpg,grc_passport,01,000007.jpg,0.26779565,fake,0
dataset/clips/images\rus_internalpassport\61\000205.jpg,rus_internalpassport,61,000205.jpg,0.42529094,fake,0
dataset/clips/images\lva_passport\22\000325.jpg,lva_passport,22,000325.jpg,0.5570744,genuine,1
dataset/clips/images\lva_passport\53\000151.jpg,lva_passport,53,000151.jpg,0.09651483,fake,0
dataset/clips/images\rus_internalpassport\44\000223.jpg,rus_internalpassport,44,000223.jpg,0.28628144,fake,0
dataset/clips/images\alb_id\76\000295.jpg,alb_id,76,000295.jpg,0.11420627,fake,0
dataset/clips/images\grc_passport\81\000355.jpg,grc_passport,81,000355.jpg,0.008751057,fake,0
dataset/clips/images\lva_passport\94\000115.jpg,lva_passport,94,000115.jpg,0.45736527,fake,0
dataset/clips/images\est_id\54\000271.jpg,est_id,54,000271.jpg,0.55963075,genuine,1
dataset/clips/images\srb_passport\50\000049.jpg,srb_passport,50,000049.jpg,0.5991677,genuine,1
dataset/clips/images\alb_id\83\000271.jpg,alb_id,83,000271.jpg,0.3137701,fake,0
dataset/clips/images\fin_id\69\000001.jpg,fin_id,69,000001.jpg,0.39482167,fake,0
dataset/clips/images\lva_passport\18\000091.jpg,lva_passport,18,000091.jpg,0.91931784,genuine,1
dataset/clips/images\lva_passport\86\000331.jpg,lva_passport,86,000331.jpg,0.27497196,fake,0
dataset/clips/images\srb_passport\74\000127.jpg,srb_passport,74,000127.jpg,0.77638793,genuine,1
dataset/clips/images\svk_id\49\000187.jpg,svk_id,49,000187.jpg,0.99104404,genuine,1
dataset/clips/images\srb_passport\03\000187.jpg,srb_passport,03,000187.jpg,0.9268963,genuine,1
dataset/clips/images\aze_passport\76\000367.jpg,aze_passport,76,000367.jpg,0.079750426,fake,0
dataset/clips/images\est_id\29\000145.jpg,est_id,29,000145.jpg,0.5404489,genuine,1
dataset/clips/images\aze_passport\46\000079.jpg,aze_passport,46,000079.jpg,0.09882474,fake,0
dataset/clips/images\aze_passport\55\000109.jpg,aze_passport,55,000109.jpg,0.5282537,genuine,1
dataset/clips/images\srb_passport\60\000235.jpg,srb_passport,60,000235.jpg,0.075646274,fake,0
dataset/clips/images\lva_passport\88\000253.jpg,lva_passport,88,000253.jpg,0.43218344,fake,0
dataset/clips/images\aze_passport\30\000157.jpg,aze_passport,30,000157.jpg,0.12028029,fake,0
dataset/clips/images\rus_internalpassport\95\000181.jpg,rus_internalpassport,95,000181.jpg,0.48238012,fake,0
dataset/clips/images\esp_id\22\000103.jpg,esp_id,22,000103.jpg,0.34824973,fake,0
dataset/clips/images\grc_passport\17\000223.jpg,grc_passport,17,000223.jpg,0.7048498,genuine,1
dataset/clips/images\lva_passport\41\000055.jpg,lva_passport,41,000055.jpg,0.99214286,genuine,1
dataset/clips/images\esp_id\12\000355.jpg,esp_id,12,000355.jpg,0.86296725,genuine,1
dataset/clips/images\esp_id\77\000511.jpg,esp_id,77,000511.jpg,0.7746755,genuine,1
dataset/clips/images\fin_id\57\000313.jpg,fin_id,57,000313.jpg,0.030533832,fake,0
dataset/clips/images\alb_id\56\000415.jpg,alb_id,56,000415.jpg,0.59219706,genuine,1
dataset/clips/images\srb_passport\39\000097.jpg,srb_passport,39,000097.jpg,0.7548274,genuine,1
dataset/clips/images\srb_passport\86\000451.jpg,srb_passport,86,000451.jpg,0.15857469,fake,0
dataset/clips/images\lva_passport\30\000025.jpg,lva_passport,30,000025.jpg,0.5307983,genuine,1
dataset/clips/images\rus_internalpassport\18\000277.jpg,rus_internalpassport,18,000277.jpg,0.7689975,genuine,1
dataset/clips/images\aze_passport\22\000283.jpg,aze_passport,22,000283.jpg,0.022293823,fake,0
dataset/clips/images\aze_passport\92\000031.jpg,aze_passport,92,000031.jpg,0.42674893,fake,0
dataset/clips/images\srb_passport\77\000193.jpg,srb_passport,77,000193.jpg,0.85025233,genuine,1
dataset/clips/images\aze_passport\87\000037.jpg,aze_passport,87,000037.jpg,0.008801015,fake,0
dataset/clips/images\aze_passport\28\000151.jpg,aze_passport,28,000151.jpg,0.119428925,fake,0
dataset/clips/images\svk_id\95\000277.jpg,svk_id,95,000277.jpg,0.14877287,fake,0
dataset/clips/images\aze_passport\79\000133.jpg,aze_passport,79,000133.jpg,0.85533816,genuine,1
dataset/clips/images\est_id\79\000253.jpg,est_id,79,000253.jpg,0.9240592,genuine,1
dataset/clips/images\svk_id\04\000469.jpg,svk_id,04,000469.jpg,0.59294045,genuine,1
dataset/clips/images\fin_id\50\000241.jpg,fin_id,50,000241.jpg,0.5445461,genuine,1
dataset/clips/images\rus_internalpassport\74\000361.jpg,rus_internalpassport,74,000361.jpg,0.418522,fake,0
dataset/clips/images\lva_passport\86\000355.jpg,lva_passport,86,000355.jpg,0.12534969,fake,0
dataset/clips/images\aze_passport\55\000025.jpg,aze_passport,55,000025.jpg,0.032449227,fake,0
dataset/clips/images\rus_internalpassport\57\000103.jpg,rus_internalpassport,57,000103.jpg,0.3834184,fake,0
dataset/clips/images\esp_id\57\000193.jpg,esp_id,57,000193.jpg,0.18344985,fake,0
dataset/clips/images\rus_internalpassport\70\000121.jpg,rus_internalpassport,70,000121.jpg,0.63413364,genuine,1
dataset/clips/images\lva_passport\28\000205.jpg,lva_passport,28,000205.jpg,0.28593585,fake,0
dataset/clips/images\rus_internalpassport\90\000283.jpg,rus_internalpassport,90,000283.jpg,0.26586697,fake,0
dataset/clips/images\est_id\10\000091.jpg,est_id,10,000091.jpg,0.84343827,genuine,1
dataset/clips/images\alb_id\64\000253.jpg,alb_id,64,000253.jpg,0.14098476,fake,0
dataset/clips/images\grc_passport\11\000193.jpg,grc_passport,11,000193.jpg,0.6547245,genuine,1
dataset/clips/images\grc_passport\98\000139.jpg,grc_passport,98,000139.jpg,0.6089031,genuine,1
dataset/clips/images\alb_id\08\000103.jpg,alb_id,08,000103.jpg,0.09627423,fake,0
dataset/clips/images\fin_id\84\000247.jpg,fin_id,84,000247.jpg,0.41960216,fake,0
dataset/clips/images\fin_id\21\000001.jpg,fin_id,21,000001.jpg,0.4620213,fake,0
dataset/clips/images\aze_passport\62\000265.jpg,aze_passport,62,000265.jpg,0.018205976,fake,0
dataset/clips/images\esp_id\96\000007.jpg,esp_id,96,000007.jpg,0.62715197,genuine,1
dataset/clips/images\lva_passport\43\000187.jpg,lva_passport,43,000187.jpg,0.14473477,fake,0
dataset/clips/images\grc_passport\18\000397.jpg,grc_passport,18,000397.jpg,0.71636295,genuine,1
dataset/clips/images\rus_internalpassport\72\000247.jpg,rus_internalpassport,72,000247.jpg,0.97585845,genuine,1
dataset/clips/images\aze_passport\10\000313.jpg,aze_passport,10,000313.jpg,0.65718937,genuine,1
dataset/clips/images\srb_passport\93\000415.jpg,srb_passport,93,000415.jpg,0.32610404,fake,0
dataset/clips/images\fin_id\25\000151.jpg,fin_id,25,000151.jpg,0.38864955,fake,0
dataset/clips/images\svk_id\71\000331.jpg,svk_id,71,000331.jpg,0.7243662,genuine,1
dataset/clips/images\grc_passport\06\000421.jpg,grc_passport,06,000421.jpg,0.70246947,genuine,1
dataset/clips/images\aze_passport\18\000235.jpg,aze_passport,18,000235.jpg,0.29161614,fake,0
dataset/clips/images\rus_internalpassport\11\000115.jpg,rus_internalpassport,11,000115.jpg,0.43320918,fake,0
dataset/clips/images\aze_passport\76\000427.jpg,aze_passport,76,000427.jpg,0.6571084,genuine,1
dataset/clips/images\alb_id\48\000313.jpg,alb_id,48,000313.jpg,0.4022258,fake,0
dataset/clips/images\fin_id\58\000019.jpg,fin_id,58,000019.jpg,0.04693763,fake,0
dataset/clips/images\esp_id\79\000253.jpg,esp_id,79,000253.jpg,0.8715266,genuine,1
dataset/clips/images\esp_id\29\000067.jpg,esp_id,29,000067.jpg,0.061649144,fake,0
dataset/clips/images\grc_passport\41\000073.jpg,grc_passport,41,000073.jpg,0.98660535,genuine,1
dataset/clips/images\esp_id\05\000217.jpg,esp_id,05,000217.jpg,0.83719647,genuine,1
dataset/clips/images\esp_id\33\000361.jpg,esp_id,33,000361.jpg,0.19524364,fake,0
dataset/clips/images\grc_passport\18\000469.jpg,grc_passport,18,000469.jpg,0.5955956,genuine,1
dataset/clips/images\est_id\40\000277.jpg,est_id,40,000277.jpg,0.81638265,genuine,1
dataset/clips/images\fin_id\06\000133.jpg,fin_id,06,000133.jpg,0.4694296,fake,0
dataset/clips/images\alb_id\17\000397.jpg,alb_id,17,000397.jpg,0.7083238,genuine,1
dataset/clips/images\grc_passport\42\000043.jpg,grc_passport,42,000043.jpg,0.0069564455,fake,0
dataset/clips/images\rus_internalpassport\56\000283.jpg,rus_internalpassport,56,000283.jpg,0.16007555,fake,0
dataset/clips/images\est_id\13\000313.jpg,est_id,13,000313.jpg,0.33442345,fake,0
dataset/clips/images\rus_internalpassport\93\000307.jpg,rus_internalpassport,93,000307.jpg,0.76257503,genuine,1
dataset/clips/images\rus_internalpassport\51\000115.jpg,rus_internalpassport,51,000115.jpg,0.9746936,genuine,1
dataset/clips/images\est_id\71\000265.jpg,est_id,71,000265.jpg,0.50607085,genuine,1
dataset/clips/images\esp_id\24\000169.jpg,esp_id,24,000169.jpg,0.29130477,fake,0
dataset/clips/images\esp_id\21\000049.jpg,esp_id,21,000049.jpg,0.32749063,fake,0
dataset/clips/images\svk_id\00\000313.jpg,svk_id,00,000313.jpg,0.93115425,genuine,1
dataset/clips/images\est_id\82\000043.jpg,est_id,82,000043.jpg,0.9226974,genuine,1
dataset/clips/images\aze_passport\02\000289.jpg,aze_passport,02,000289.jpg,0.7369895,genuine,1
dataset/clips/images\rus_internalpassport\82\000037.jpg,rus_internalpassport,82,000037.jpg,0.8178371,genuine,1
dataset/clips/images\srb_passport\25\000043.jpg,srb_passport,25,000043.jpg,0.017710298,fake,0
dataset/clips/images\rus_internalpassport\81\000079.jpg,rus_internalpassport,81,000079.jpg,0.625129,genuine,1
dataset/clips/images\fin_id\39\000229.jpg,fin_id,39,000229.jpg,0.89809275,genuine,1
dataset/clips/images\fin_id\78\000703.jpg,fin_id,78,000703.jpg,0.61412287,genuine,1
dataset/clips/images\rus_internalpassport\25\000055.jpg,rus_internalpassport,25,000055.jpg,0.13686568,fake,0
dataset/clips/images\grc_passport\89\000037.jpg,grc_passport,89,000037.jpg,0.66442585,genuine,1
dataset/clips/images\svk_id\18\000013.jpg,svk_id,18,000013.jpg,0.80861276,genuine,1
dataset/clips/images\rus_internalpassport\51\000355.jpg,rus_internalpassport,51,000355.jpg,0.7405774,genuine,1
dataset/clips/images\esp_id\47\000055.jpg,esp_id,47,000055.jpg,0.16091408,fake,0
dataset/clips/images\est_id\18\000103.jpg,est_id,18,000103.jpg,0.56134915,genuine,1
dataset/clips/images\lva_passport\59\000235.jpg,lva_passport,59,000235.jpg,0.86159396,genuine,1
dataset/clips/images\grc_passport\60\000289.jpg,grc_passport,60,000289.jpg,0.22513537,fake,0
dataset/clips/images\svk_id\66\000259.jpg,svk_id,66,000259.jpg,0.4575319,fake,0
dataset/clips/images\esp_id\68\000079.jpg,esp_id,68,000079.jpg,0.047809307,fake,0
dataset/clips/images\aze_passport\33\000151.jpg,aze_passport,33,000151.jpg,0.082518816,fake,0
dataset/clips/images\fin_id\51\000187.jpg,fin_id,51,000187.jpg,0.5681952,genuine,1
dataset/clips/images\lva_passport\41\000031.jpg,lva_passport,41,000031.jpg,0.99798936,genuine,1
dataset/clips/images\esp_id\23\000073.jpg,esp_id,23,000073.jpg,0.44778213,fake,0
dataset/clips/images\esp_id\59\000013.jpg,esp_id,59,000013.jpg,0.41040468,fake,0
dataset/clips/images\grc_passport\93\000349.jpg,grc_passport,93,000349.jpg,0.1337092,fake,0
dataset/clips/images\aze_passport\57\000223.jpg,aze_passport,57,000223.jpg,0.0140676405,fake,0
dataset/clips/images\alb_id\47\000211.jpg,alb_id,47,000211.jpg,0.06715743,fake,0
dataset/clips/images\aze_passport\91\000205.jpg,aze_passport,91,000205.jpg,0.024858672,fake,0
dataset/clips/images\alb_id\53\000199.jpg,alb_id,53,000199.jpg,0.8771399,genuine,1
dataset/clips/images\rus_internalpassport\07\000343.jpg,rus_internalpassport,07,000343.jpg,0.69425964,genuine,1
dataset/clips/images\fin_id\78\000313.jpg,fin_id,78,000313.jpg,0.80249107,genuine,1
dataset/clips/images\grc_passport\54\000133.jpg,grc_passport,54,000133.jpg,0.37415865,fake,0
dataset/clips/images\lva_passport\77\000523.jpg,lva_passport,77,000523.jpg,0.6465359,genuine,1
dataset/clips/images\svk_id\36\000073.jpg,svk_id,36,000073.jpg,0.09803957,fake,0
dataset/clips/images\aze_passport\34\000295.jpg,aze_passport,34,000295.jpg,0.5101912,genuine,1
dataset/clips/images\est_id\61\000163.jpg,est_id,61,000163.jpg,0.34854704,fake,0
dataset/clips/images\grc_passport\85\000169.jpg,grc_passport,85,000169.jpg,0.033530958,fake,0
dataset/clips/images\aze_passport\14\000241.jpg,aze_passport,14,000241.jpg,0.0785641,fake,0
dataset/clips/images\svk_id\11\000109.jpg,svk_id,11,000109.jpg,0.892402,genuine,1
dataset/clips/images\svk_id\49\000121.jpg,svk_id,49,000121.jpg,0.99322146,genuine,1
dataset/clips/images\srb_passport\06\000013.jpg,srb_passport,06,000013.jpg,0.7708817,genuine,1
dataset/clips/images\alb_id\07\000361.jpg,alb_id,07,000361.jpg,0.12814625,fake,0
dataset/clips/images\fin_id\72\000481.jpg,fin_id,72,000481.jpg,0.033858072,fake,0
dataset/clips/images\lva_passport\04\000031.jpg,lva_passport,04,000031.jpg,0.9000509,genuine,1
dataset/clips/images\svk_id\59\000187.jpg,svk_id,59,000187.jpg,0.07600981,fake,0
dataset/clips/images\est_id\12\000271.jpg,est_id,12,000271.jpg,0.72113264,genuine,1
dataset/clips/images\alb_id\68\000187.jpg,alb_id,68,000187.jpg,0.0562491,fake,0
dataset/clips/images\est_id\29\000001.jpg,est_id,29,000001.jpg,0.40208223,fake,0
dataset/clips/images\rus_internalpassport\16\000403.jpg,rus_internalpassport,16,000403.jpg,0.7673179,genuine,1
dataset/clips/images\aze_passport\12\000073.jpg,aze_passport,12,000073.jpg,0.6164553,genuine,1
dataset/clips/images\grc_passport\60\000223.jpg,grc_passport,60,000223.jpg,0.28085724,fake,0
dataset/clips/images\esp_id\57\000163.jpg,esp_id,57,000163.jpg,0.043709066,fake,0
dataset/clips/images\fin_id\77\000259.jpg,fin_id,77,000259.jpg,0.9263805,genuine,1
dataset/clips/images\alb_id\45\000151.jpg,alb_id,45,000151.jpg,0.45491904,fake,0
dataset/clips/images\esp_id\96\000037.jpg,esp_id,96,000037.jpg,0.5934864,genuine,1
dataset/clips/images\est_id\10\000253.jpg,est_id,10,000253.jpg,0.8091948,genuine,1
dataset/clips/images\esp_id\21\000187.jpg,esp_id,21,000187.jpg,0.4591274,fake,0
dataset/clips/images\fin_id\78\000151.jpg,fin_id,78,000151.jpg,0.37351084,fake,0
dataset/clips/images\esp_id\82\000229.jpg,esp_id,82,000229.jpg,0.23615122,fake,0
dataset/clips/images\fin_id\51\000025.jpg,fin_id,51,000025.jpg,0.8177876,genuine,1
dataset/clips/images\svk_id\33\000193.jpg,svk_id,33,000193.jpg,0.26369646,fake,0
dataset/clips/images\svk_id\49\000331.jpg,svk_id,49,000331.jpg,0.991837,genuine,1
dataset/clips/images\svk_id\17\000121.jpg,svk_id,17,000121.jpg,0.97817624,genuine,1
dataset/clips/images\srb_passport\89\000181.jpg,srb_passport,89,000181.jpg,0.012730777,fake,0
dataset/clips/images\lva_passport\19\000079.jpg,lva_passport,19,000079.jpg,0.7257781,genuine,1
dataset/clips/images\rus_internalpassport\21\000325.jpg,rus_internalpassport,21,000325.jpg,0.14963432,fake,0
dataset/clips/images\fin_id\74\000445.jpg,fin_id,74,000445.jpg,0.05037271,fake,0
dataset/clips/images\aze_passport\61\000031.jpg,aze_passport,61,000031.jpg,0.050580338,fake,0
dataset/clips/images\alb_id\68\000271.jpg,alb_id,68,000271.jpg,0.24434476,fake,0
dataset/clips/images\srb_passport\49\000205.jpg,srb_passport,49,000205.jpg,0.27779654,fake,0
dataset/clips/images\lva_passport\36\000313.jpg,lva_passport,36,000313.jpg,0.61757857,genuine,1
dataset/clips/images\fin_id\02\000241.jpg,fin_id,02,000241.jpg,0.8006706,genuine,1
dataset/clips/images\svk_id\39\000313.jpg,svk_id,39,000313.jpg,0.45181867,fake,0
dataset/clips/images\rus_internalpassport\00\000175.jpg,rus_internalpassport,00,000175.jpg,0.8470665,genuine,1
dataset/clips/images\lva_passport\85\000367.jpg,lva_passport,85,000367.jpg,0.7907047,genuine,1
dataset/clips/images\srb_passport\20\000265.jpg,srb_passport,20,000265.jpg,0.5904683,genuine,1
dataset/clips/images\lva_passport\34\000325.jpg,lva_passport,34,000325.jpg,0.55818963,genuine,1
dataset/clips/images\svk_id\55\000169.jpg,svk_id,55,000169.jpg,0.11573391,fake,0
dataset/clips/images\est_id\25\000307.jpg,est_id,25,000307.jpg,0.8040725,genuine,1
dataset/clips/images\svk_id\61\000157.jpg,svk_id,61,000157.jpg,0.27298215,fake,0
dataset/clips/images\svk_id\10\000133.jpg,svk_id,10,000133.jpg,0.91838586,genuine,1
dataset/clips/images\esp_id\93\000067.jpg,esp_id,93,000067.jpg,0.7743842,genuine,1
dataset/clips/images\rus_internalpassport\60\000277.jpg,rus_internalpassport,60,000277.jpg,0.31051496,fake,0
dataset/clips/images\rus_internalpassport\20\000361.jpg,rus_internalpassport,20,000361.jpg,0.43588063,fake,0
dataset/clips/images\est_id\58\000241.jpg,est_id,58,000241.jpg,0.93093985,genuine,1
dataset/clips/images\grc_passport\51\000079.jpg,grc_passport,51,000079.jpg,0.6716044,genuine,1
dataset/clips/images\svk_id\11\000283.jpg,svk_id,11,000283.jpg,0.747334,genuine,1
dataset/clips/images\srb_passport\37\000079.jpg,srb_passport,37,000079.jpg,0.75893474,genuine,1
dataset/clips/images\grc_passport\96\000169.jpg,grc_passport,96,000169.jpg,0.6400271,genuine,1
dataset/clips/images\svk_id\53\000295.jpg,svk_id,53,000295.jpg,0.7893375,genuine,1
dataset/clips/images\fin_id\08\000073.jpg,fin_id,08,000073.jpg,0.34838024,fake,0
dataset/clips/images\srb_passport\88\000031.jpg,srb_passport,88,000031.jpg,0.2764595,fake,0
dataset/clips/images\svk_id\76\000067.jpg,svk_id,76,000067.jpg,0.8881724,genuine,1
dataset/clips/images\alb_id\04\000241.jpg,alb_id,04,000241.jpg,0.61293006,genuine,1
dataset/clips/images\fin_id\62\000031.jpg,fin_id,62,000031.jpg,0.56097174,genuine,1
dataset/clips/images\grc_passport\67\000223.jpg,grc_passport,67,000223.jpg,0.0143134985,fake,0
dataset/clips/images\rus_internalpassport\95\000085.jpg,rus_internalpassport,95,000085.jpg,0.818978,genuine,1
dataset/clips/images\lva_passport\43\000301.jpg,lva_passport,43,000301.jpg,0.27690628,fake,0
dataset/clips/images\rus_internalpassport\31\000217.jpg,rus_internalpassport,31,000217.jpg,0.88778824,genuine,1
dataset/clips/images\fin_id\74\000337.jpg,fin_id,74,000337.jpg,0.14460044,fake,0
dataset/clips/images\alb_id\72\000295.jpg,alb_id,72,000295.jpg,0.5744705,genuine,1
dataset/clips/images\grc_passport\27\000037.jpg,grc_passport,27,000037.jpg,0.49272093,fake,0
dataset/clips/images\grc_passport\98\000373.jpg,grc_passport,98,000373.jpg,0.56614184,genuine,1
dataset/clips/images\grc_passport\98\000109.jpg,grc_passport,98,000109.jpg,0.539701,genuine,1
dataset/clips/images\lva_passport\07\000331.jpg,lva_passport,07,000331.jpg,0.7861438,genuine,1
dataset/clips/images\rus_internalpassport\38\000289.jpg,rus_internalpassport,38,000289.jpg,0.21856256,fake,0
dataset/clips/images\grc_passport\32\000007.jpg,grc_passport,32,000007.jpg,0.5934359,genuine,1
dataset/clips/images\srb_passport\45\000337.jpg,srb_passport,45,000337.jpg,0.32617402,fake,0
dataset/clips/images\est_id\08\000181.jpg,est_id,08,000181.jpg,0.77777594,genuine,1
dataset/clips/images\srb_passport\83\000127.jpg,srb_passport,83,000127.jpg,0.19948645,fake,0
dataset/clips/images\alb_id\33\000283.jpg,alb_id,33,000283.jpg,0.66044486,genuine,1
dataset/clips/images\fin_id\58\000133.jpg,fin_id,58,000133.jpg,0.13588718,fake,0
dataset/clips/images\lva_passport\32\000229.jpg,lva_passport,32,000229.jpg,0.4094714,fake,0
dataset/clips/images\alb_id\70\000061.jpg,alb_id,70,000061.jpg,0.22775942,fake,0
dataset/clips/images\srb_passport\17\000103.jpg,srb_passport,17,000103.jpg,0.018287146,fake,0
dataset/clips/images\lva_passport\11\000313.jpg,lva_passport,11,000313.jpg,0.8410567,genuine,1
dataset/clips/images\fin_id\68\000085.jpg,fin_id,68,000085.jpg,0.041532192,fake,0
dataset/clips/images\aze_passport\47\000037.jpg,aze_passport,47,000037.jpg,0.044619072,fake,0
dataset/clips/images\lva_passport\89\000307.jpg,lva_passport,89,000307.jpg,0.40571648,fake,0
dataset/clips/images\esp_id\78\000151.jpg,esp_id,78,000151.jpg,0.95340115,genuine,1
dataset/clips/images\alb_id\52\000121.jpg,alb_id,52,000121.jpg,0.59238875,genuine,1
dataset/clips/images\lva_passport\56\000343.jpg,lva_passport,56,000343.jpg,0.11617903,fake,0
dataset/clips/images\esp_id\04\000061.jpg,esp_id,04,000061.jpg,0.8701135,genuine,1
dataset/clips/images\esp_id\67\000307.jpg,esp_id,67,000307.jpg,0.3276233,fake,0
dataset/clips/images\alb_id\98\000193.jpg,alb_id,98,000193.jpg,0.2145943,fake,0
dataset/clips/images\aze_passport\71\000151.jpg,aze_passport,71,000151.jpg,0.44686514,fake,0
dataset/clips/images\lva_passport\92\000019.jpg,lva_passport,92,000019.jpg,0.08320508,fake,0
dataset/clips/images\esp_id\99\000025.jpg,esp_id,99,000025.jpg,0.94034314,genuine,1
dataset/clips/images\est_id\79\000541.jpg,est_id,79,000541.jpg,0.66397077,genuine,1
dataset/clips/images\grc_passport\94\000109.jpg,grc_passport,94,000109.jpg,0.044160206,fake,0
dataset/clips/images\esp_id\75\000289.jpg,esp_id,75,000289.jpg,0.03351133,fake,0
dataset/clips/images\alb_id\77\000667.jpg,alb_id,77,000667.jpg,0.64305675,genuine,1
dataset/clips/images\fin_id\18\000445.jpg,fin_id,18,000445.jpg,0.9636167,genuine,1
dataset/clips/images\grc_passport\51\000145.jpg,grc_passport,51,000145.jpg,0.55869454,genuine,1
dataset/clips/images\esp_id\84\000451.jpg,esp_id,84,000451.jpg,0.8668389,genuine,1
dataset/clips/images\srb_passport\56\000199.jpg,srb_passport,56,000199.jpg,0.8203036,genuine,1
dataset/clips/images\alb_id\07\000253.jpg,alb_id,07,000253.jpg,0.7346265,genuine,1
dataset/clips/images\rus_internalpassport\46\000115.jpg,rus_internalpassport,46,000115.jpg,0.865761,genuine,1
dataset/clips/images\esp_id\16\000169.jpg,esp_id,16,000169.jpg,0.8049338,genuine,1
dataset/clips/images\esp_id\67\000139.jpg,esp_id,67,000139.jpg,0.12283493,fake,0
dataset/clips/images\grc_passport\18\000535.jpg,grc_passport,18,000535.jpg,0.8265791,genuine,1
dataset/clips/images\grc_passport\33\000133.jpg,grc_passport,33,000133.jpg,0.19943541,fake,0
dataset/clips/images\esp_id\77\000379.jpg,esp_id,77,000379.jpg,0.817307,genuine,1
dataset/clips/images\esp_id\02\000031.jpg,esp_id,02,000031.jpg,0.892428,genuine,1
dataset/clips/images\srb_passport\91\000157.jpg,srb_passport,91,000157.jpg,0.111418135,fake,0
dataset/clips/images\svk_id\67\000205.jpg,svk_id,67,000205.jpg,0.9248886,genuine,1
dataset/clips/images\alb_id\41\000067.jpg,alb_id,41,000067.jpg,0.37842628,fake,0
dataset/clips/images\rus_internalpassport\10\000277.jpg,rus_internalpassport,10,000277.jpg,0.8108314,genuine,1
dataset/clips/images\alb_id\41\000223.jpg,alb_id,41,000223.jpg,0.45896128,fake,0
dataset/clips/images\fin_id\94\000073.jpg,fin_id,94,000073.jpg,0.32742947,fake,0
dataset/clips/images\est_id\36\000283.jpg,est_id,36,000283.jpg,0.9667484,genuine,1
dataset/clips/images\rus_internalpassport\51\000193.jpg,rus_internalpassport,51,000193.jpg,0.9817504,genuine,1
dataset/clips/images\esp_id\79\000049.jpg,esp_id,79,000049.jpg,0.83077246,genuine,1
dataset/clips/images\lva_passport\35\000301.jpg,lva_passport,35,000301.jpg,0.7430992,genuine,1
dataset/clips/images\est_id\78\000313.jpg,est_id,78,000313.jpg,0.94240105,genuine,1
dataset/clips/images\est_id\44\000055.jpg,est_id,44,000055.jpg,0.27301136,fake,0
dataset/clips/images\rus_internalpassport\50\000085.jpg,rus_internalpassport,50,000085.jpg,0.6806035,genuine,1
dataset/clips/images\rus_internalpassport\85\000253.jpg,rus_internalpassport,85,000253.jpg,0.9057356,genuine,1
dataset/clips/images\grc_passport\76\000259.jpg,grc_passport,76,000259.jpg,0.34723467,fake,0
dataset/clips/images\grc_passport\85\000265.jpg,grc_passport,85,000265.jpg,0.024636973,fake,0
dataset/clips/images\alb_id\80\000091.jpg,alb_id,80,000091.jpg,0.30629376,fake,0
dataset/clips/images\aze_passport\74\000481.jpg,aze_passport,74,000481.jpg,0.93625027,genuine,1
dataset/clips/images\alb_id\22\000031.jpg,alb_id,22,000031.jpg,0.29686615,fake,0
dataset/clips/images\lva_passport\43\000013.jpg,lva_passport,43,000013.jpg,0.238777,fake,0
dataset/clips/images\rus_internalpassport\78\000217.jpg,rus_internalpassport,78,000217.jpg,0.63253134,genuine,1
dataset/clips/images\lva_passport\99\000325.jpg,lva_passport,99,000325.jpg,0.026359273,fake,0
dataset/clips/images\rus_internalpassport\84\000487.jpg,rus_internalpassport,84,000487.jpg,0.026272042,fake,0
dataset/clips/images\aze_passport\24\000079.jpg,aze_passport,24,000079.jpg,0.1467721,fake,0
dataset/clips/images\rus_internalpassport\79\000205.jpg,rus_internalpassport,79,000205.jpg,0.6513194,genuine,1
dataset/clips/images\aze_passport\37\000367.jpg,aze_passport,37,000367.jpg,0.35822093,fake,0
dataset/clips/images\lva_passport\96\000121.jpg,lva_passport,96,000121.jpg,0.30704254,fake,0
dataset/clips/images\alb_id\88\000319.jpg,alb_id,88,000319.jpg,0.67383087,genuine,1
dataset/clips/images\alb_id\97\000289.jpg,alb_id,97,000289.jpg,0.7057015,genuine,1
dataset/clips/images\esp_id\44\000229.jpg,esp_id,44,000229.jpg,0.2586695,fake,0
dataset/clips/images\svk_id\94\000295.jpg,svk_id,94,000295.jpg,0.85526997,genuine,1
dataset/clips/images\est_id\31\000139.jpg,est_id,31,000139.jpg,0.49882665,fake,0
dataset/clips/images\srb_passport\66\000499.jpg,srb_passport,66,000499.jpg,0.2838424,fake,0
dataset/clips/images\lva_passport\43\000349.jpg,lva_passport,43,000349.jpg,0.19942681,fake,0
dataset/clips/images\alb_id\64\000193.jpg,alb_id,64,000193.jpg,0.11666798,fake,0
dataset/clips/images\alb_id\44\000187.jpg,alb_id,44,000187.jpg,0.42926374,fake,0
dataset/clips/images\svk_id\07\000157.jpg,svk_id,07,000157.jpg,0.9827676,genuine,1
dataset/clips/images\svk_id\13\000379.jpg,svk_id,13,000379.jpg,0.9625281,genuine,1
dataset/clips/images\grc_passport\94\000193.jpg,grc_passport,94,000193.jpg,0.28453043,fake,0
dataset/clips/images\alb_id\41\000007.jpg,alb_id,41,000007.jpg,0.29529136,fake,0
dataset/clips/images\rus_internalpassport\38\000259.jpg,rus_internalpassport,38,000259.jpg,0.4633289,fake,0
dataset/clips/images\lva_passport\81\000037.jpg,lva_passport,81,000037.jpg,0.19855705,fake,0
dataset/clips/images\esp_id\65\000229.jpg,esp_id,65,000229.jpg,0.11658331,fake,0
dataset/clips/images\aze_passport\72\000325.jpg,aze_passport,72,000325.jpg,0.65770423,genuine,1
dataset/clips/images\fin_id\48\000067.jpg,fin_id,48,000067.jpg,0.89093333,genuine,1
dataset/clips/images\grc_passport\21\000067.jpg,grc_passport,21,000067.jpg,0.24698614,fake,0
dataset/clips/images\srb_passport\16\000055.jpg,srb_passport,16,000055.jpg,0.7487228,genuine,1
dataset/clips/images\fin_id\80\000085.jpg,fin_id,80,000085.jpg,0.2391695,fake,0
dataset/clips/images\est_id\37\000253.jpg,est_id,37,000253.jpg,0.781855,genuine,1
dataset/clips/images\fin_id\14\000391.jpg,fin_id,14,000391.jpg,0.9100254,genuine,1
dataset/clips/images\fin_id\28\000217.jpg,fin_id,28,000217.jpg,0.43991384,fake,0
dataset/clips/images\fin_id\66\000271.jpg,fin_id,66,000271.jpg,0.066621155,fake,0
dataset/clips/images\grc_passport\55\000331.jpg,grc_passport,55,000331.jpg,0.41726345,fake,0
dataset/clips/images\alb_id\73\000265.jpg,alb_id,73,000265.jpg,0.352293,fake,0
dataset/clips/images\esp_id\59\000277.jpg,esp_id,59,000277.jpg,0.20718634,fake,0
dataset/clips/images\lva_passport\18\000121.jpg,lva_passport,18,000121.jpg,0.7292023,genuine,1
dataset/clips/images\alb_id\19\000235.jpg,alb_id,19,000235.jpg,0.761906,genuine,1
dataset/clips/images\fin_id\82\000313.jpg,fin_id,82,000313.jpg,0.37268552,fake,0
dataset/clips/images\fin_id\75\000481.jpg,fin_id,75,000481.jpg,0.82396215,genuine,1
dataset/clips/images\rus_internalpassport\23\000265.jpg,rus_internalpassport,23,000265.jpg,0.56760764,genuine,1
dataset/clips/images\aze_passport\11\000283.jpg,aze_passport,11,000283.jpg,0.09157795,fake,0
dataset/clips/images\srb_passport\02\000103.jpg,srb_passport,02,000103.jpg,0.84871733,genuine,1
dataset/clips/images\alb_id\92\000427.jpg,alb_id,92,000427.jpg,0.9250958,genuine,1
dataset/clips/images\esp_id\80\000127.jpg,esp_id,80,000127.jpg,0.9349076,genuine,1
dataset/clips/images\svk_id\85\000073.jpg,svk_id,85,000073.jpg,0.8766821,genuine,1
dataset/clips/images\fin_id\35\000265.jpg,fin_id,35,000265.jpg,0.7514145,genuine,1
dataset/clips/images\fin_id\43\000061.jpg,fin_id,43,000061.jpg,0.9613992,genuine,1
dataset/clips/images\fin_id\07\000337.jpg,fin_id,07,000337.jpg,0.7374586,genuine,1
dataset/clips/images\esp_id\66\000025.jpg,esp_id,66,000025.jpg,0.21110794,fake,0
dataset/clips/images\est_id\96\000451.jpg,est_id,96,000451.jpg,0.5294747,genuine,1
dataset/clips/images\grc_passport\34\000313.jpg,grc_passport,34,000313.jpg,0.46840358,fake,0
dataset/clips/images\rus_internalpassport\99\000121.jpg,rus_internalpassport,99,000121.jpg,0.3213247,fake,0
dataset/clips/images\rus_internalpassport\41\000217.jpg,rus_internalpassport,41,000217.jpg,0.9461899,genuine,1
dataset/clips/images\svk_id\46\000067.jpg,svk_id,46,000067.jpg,0.1021166,fake,0
dataset/clips/images\srb_passport\55\000133.jpg,srb_passport,55,000133.jpg,0.46704686,fake,0
dataset/clips/images\lva_passport\29\000109.jpg,lva_passport,29,000109.jpg,0.22802618,fake,0
dataset/clips/images\est_id\56\000157.jpg,est_id,56,000157.jpg,0.56333554,genuine,1
dataset/clips/images\grc_passport\82\000379.jpg,grc_passport,82,000379.jpg,0.14631377,fake,0
dataset/clips/images\aze_passport\15\000409.jpg,aze_passport,15,000409.jpg,0.45005086,fake,0
dataset/clips/images\alb_id\27\000403.jpg,alb_id,27,000403.jpg,0.30686966,fake,0
dataset/clips/images\fin_id\77\000019.jpg,fin_id,77,000019.jpg,0.52688605,genuine,1
dataset/clips/images\fin_id\74\000001.jpg,fin_id,74,000001.jpg,0.44223514,fake,0
dataset/clips/images\svk_id\15\000409.jpg,svk_id,15,000409.jpg,0.98915565,genuine,1
dataset/clips/images\aze_passport\77\000253.jpg,aze_passport,77,000253.jpg,0.8438002,genuine,1
dataset/clips/images\grc_passport\73\000523.jpg,grc_passport,73,000523.jpg,0.7269571,genuine,1
dataset/clips/images\rus_internalpassport\00\000289.jpg,rus_internalpassport,00,000289.jpg,0.7403147,genuine,1
dataset/clips/images\rus_internalpassport\58\000187.jpg,rus_internalpassport,58,000187.jpg,0.41821337,fake,0
dataset/clips/images\alb_id\84\000349.jpg,alb_id,84,000349.jpg,0.4126895,fake,0
dataset/clips/images\fin_id\74\000493.jpg,fin_id,74,000493.jpg,0.7640796,genuine,1
dataset/clips/images\svk_id\78\000103.jpg,svk_id,78,000103.jpg,0.66070914,genuine,1
dataset/clips/images\est_id\02\000133.jpg,est_id,02,000133.jpg,0.9077888,genuine,1
dataset/clips/images\aze_passport\41\000223.jpg,aze_passport,41,000223.jpg,0.90833676,genuine,1
dataset/clips/images\aze_passport\25\000199.jpg,aze_passport,25,000199.jpg,0.32141402,fake,0
dataset/clips/images\lva_passport\35\000151.jpg,lva_passport,35,000151.jpg,0.89755416,genuine,1
dataset/clips/images\svk_id\74\000301.jpg,svk_id,74,000301.jpg,0.4750605,fake,0
dataset/clips/images\rus_internalpassport\98\000145.jpg,rus_internalpassport,98,000145.jpg,0.9237976,genuine,1
dataset/clips/images\rus_internalpassport\43\000331.jpg,rus_internalpassport,43,000331.jpg,0.4012629,fake,0
dataset/clips/images\srb_passport\93\000139.jpg,srb_passport,93,000139.jpg,0.20665279,fake,0
dataset/clips/images\svk_id\60\000001.jpg,svk_id,60,000001.jpg,0.17120005,fake,0
dataset/clips/images\esp_id\36\000121.jpg,esp_id,36,000121.jpg,0.054574285,fake,0
dataset/clips/images\svk_id\47\000133.jpg,svk_id,47,000133.jpg,0.61202896,genuine,1
dataset/clips/images\srb_passport\00\000289.jpg,srb_passport,00,000289.jpg,0.76922864,genuine,1
dataset/clips/images\lva_passport\78\000199.jpg,lva_passport,78,000199.jpg,0.5479463,genuine,1
dataset/clips/images\rus_internalpassport\38\000025.jpg,rus_internalpassport,38,000025.jpg,0.22285889,fake,0
dataset/clips/images\svk_id\43\000007.jpg,svk_id,43,000007.jpg,0.9865008,genuine,1
dataset/clips/images\grc_passport\13\000427.jpg,grc_passport,13,000427.jpg,0.3108255,fake,0
dataset/clips/images\est_id\11\000283.jpg,est_id,11,000283.jpg,0.808826,genuine,1
dataset/clips/images\grc_passport\75\000037.jpg,grc_passport,75,000037.jpg,0.6003581,genuine,1
dataset/clips/images\aze_passport\48\000085.jpg,aze_passport,48,000085.jpg,0.024833605,fake,0
dataset/clips/images\lva_passport\87\000103.jpg,lva_passport,87,000103.jpg,0.40022138,fake,0
dataset/clips/images\grc_passport\43\000367.jpg,grc_passport,43,000367.jpg,0.25904825,fake,0
dataset/clips/images\svk_id\97\000307.jpg,svk_id,97,000307.jpg,0.6134064,genuine,1
dataset/clips/images\grc_passport\55\000403.jpg,grc_passport,55,000403.jpg,0.14862213,fake,0
dataset/clips/images\svk_id\88\000349.jpg,svk_id,88,000349.jpg,0.75559276,genuine,1
dataset/clips/images\fin_id\39\000193.jpg,fin_id,39,000193.jpg,0.8951874,genuine,1
dataset/clips/images\esp_id\94\000145.jpg,esp_id,94,000145.jpg,0.20003124,fake,0
dataset/clips/images\lva_passport\71\000139.jpg,lva_passport,71,000139.jpg,0.6449434,genuine,1
dataset/clips/images\svk_id\25\000085.jpg,svk_id,25,000085.jpg,0.74044335,genuine,1
dataset/clips/images\srb_passport\73\000031.jpg,srb_passport,73,000031.jpg,0.66625535,genuine,1
dataset/clips/images\svk_id\65\000205.jpg,svk_id,65,000205.jpg,0.7066607,genuine,1
dataset/clips/images\alb_id\61\000337.jpg,alb_id,61,000337.jpg,0.33210567,fake,0
dataset/clips/images\lva_passport\88\000541.jpg,lva_passport,88,000541.jpg,0.009283082,fake,0
dataset/clips/images\srb_passport\93\000427.jpg,srb_passport,93,000427.jpg,0.1244628,fake,0
dataset/clips/images\fin_id\74\000403.jpg,fin_id,74,000403.jpg,0.1343872,fake,0
dataset/clips/images\svk_id\52\000109.jpg,svk_id,52,000109.jpg,0.10969974,fake,0
dataset/clips/images\lva_passport\72\000043.jpg,lva_passport,72,000043.jpg,0.11802741,fake,0
dataset/clips/images\alb_id\29\000199.jpg,alb_id,29,000199.jpg,0.36591676,fake,0
dataset/clips/images\svk_id\91\000301.jpg,svk_id,91,000301.jpg,0.39047563,fake,0
dataset/clips/images\svk_id\25\000223.jpg,svk_id,25,000223.jpg,0.78292096,genuine,1
dataset/clips/images\grc_passport\19\000019.jpg,grc_passport,19,000019.jpg,0.7050171,genuine,1
dataset/clips/images\srb_passport\07\000229.jpg,srb_passport,07,000229.jpg,0.95629895,genuine,1
dataset/clips/images\rus_internalpassport\99\000517.jpg,rus_internalpassport,99,000517.jpg,0.04754267,fake,0
dataset/clips/images\grc_passport\12\000133.jpg,grc_passport,12,000133.jpg,0.6471809,genuine,1
dataset/clips/images\srb_passport\08\000205.jpg,srb_passport,08,000205.jpg,0.8722112,genuine,1
dataset/clips/images\fin_id\40\000115.jpg,fin_id,40,000115.jpg,0.93135595,genuine,1
dataset/clips/images\grc_passport\18\000235.jpg,grc_passport,18,000235.jpg,0.8102904,genuine,1
dataset/clips/images\alb_id\04\000193.jpg,alb_id,04,000193.jpg,0.237325,fake,0
dataset/clips/images\svk_id\15\000001.jpg,svk_id,15,000001.jpg,0.98112386,genuine,1
dataset/clips/images\est_id\39\000091.jpg,est_id,39,000091.jpg,0.73530304,genuine,1
dataset/clips/images\lva_passport\69\000211.jpg,lva_passport,69,000211.jpg,0.34970132,fake,0
dataset/clips/images\lva_passport\83\000055.jpg,lva_passport,83,000055.jpg,0.39265212,fake,0
dataset/clips/images\srb_passport\29\000067.jpg,srb_passport,29,000067.jpg,0.1264924,fake,0
dataset/clips/images\esp_id\63\000115.jpg,esp_id,63,000115.jpg,0.14223778,fake,0
dataset/clips/images\srb_passport\71\000115.jpg,srb_passport,71,000115.jpg,0.8596508,genuine,1
dataset/clips/images\aze_passport\60\000121.jpg,aze_passport,60,000121.jpg,0.013328357,fake,0
dataset/clips/images\grc_passport\58\000013.jpg,grc_passport,58,000013.jpg,0.051947773,fake,0
dataset/clips/images\rus_internalpassport\63\000265.jpg,rus_internalpassport,63,000265.jpg,0.7621939,genuine,1
dataset/clips/images\aze_passport\51\000073.jpg,aze_passport,51,000073.jpg,0.35158157,fake,0
dataset/clips/images\rus_internalpassport\60\000253.jpg,rus_internalpassport,60,000253.jpg,0.23828214,fake,0
dataset/clips/images\rus_internalpassport\64\000235.jpg,rus_internalpassport,64,000235.jpg,0.37300566,fake,0
dataset/clips/images\svk_id\40\000217.jpg,svk_id,40,000217.jpg,0.9703339,genuine,1
dataset/clips/images\rus_internalpassport\59\000079.jpg,rus_internalpassport,59,000079.jpg,0.078863114,fake,0
dataset/clips/images\rus_internalpassport\43\000073.jpg,rus_internalpassport,43,000073.jpg,0.27751228,fake,0
dataset/clips/images\rus_internalpassport\34\000187.jpg,rus_internalpassport,34,000187.jpg,0.7549845,genuine,1
dataset/clips/images\esp_id\59\000151.jpg,esp_id,59,000151.jpg,0.03709666,fake,0
dataset/clips/images\est_id\26\000043.jpg,est_id,26,000043.jpg,0.23433527,fake,0
dataset/clips/images\esp_id\28\000337.jpg,esp_id,28,000337.jpg,0.3223022,fake,0
dataset/clips/images\rus_internalpassport\53\000211.jpg,rus_internalpassport,53,000211.jpg,0.53361845,genuine,1
dataset/clips/images\aze_passport\06\000001.jpg,aze_passport,06,000001.jpg,0.7451205,genuine,1
dataset/clips/images\alb_id\28\000091.jpg,alb_id,28,000091.jpg,0.62123245,genuine,1
dataset/clips/images\srb_passport\49\000007.jpg,srb_passport,49,000007.jpg,0.26127154,fake,0
dataset/clips/images\alb_id\12\000391.jpg,alb_id,12,000391.jpg,0.90868115,genuine,1
dataset/clips/images\svk_id\33\000301.jpg,svk_id,33,000301.jpg,0.24999978,fake,0
dataset/clips/images\svk_id\39\000115.jpg,svk_id,39,000115.jpg,0.09369025,fake,0
dataset/clips/images\est_id\64\000157.jpg,est_id,64,000157.jpg,0.19599374,fake,0
dataset/clips/images\est_id\04\000175.jpg,est_id,04,000175.jpg,0.48643205,fake,0
dataset/clips/images\est_id\25\000199.jpg,est_id,25,000199.jpg,0.6536311,genuine,1
dataset/clips/images\lva_passport\79\000193.jpg,lva_passport,79,000193.jpg,0.3583601,fake,0
dataset/clips/images\srb_passport\99\000247.jpg,srb_passport,99,000247.jpg,0.2581245,fake,0
dataset/clips/images\esp_id\50\000187.jpg,esp_id,50,000187.jpg,0.22859663,fake,0
dataset/clips/images\esp_id\87\000451.jpg,esp_id,87,000451.jpg,0.07565414,fake,0
dataset/clips/images\alb_id\70\000151.jpg,alb_id,70,000151.jpg,0.676848,genuine,1
dataset/clips/images\est_id\67\000061.jpg,est_id,67,000061.jpg,0.3560084,fake,0
dataset/clips/images\esp_id\52\000361.jpg,esp_id,52,000361.jpg,0.19431421,fake,0
dataset/clips/images\fin_id\83\000241.jpg,fin_id,83,000241.jpg,0.23757459,fake,0
dataset/clips/images\alb_id\67\000283.jpg,alb_id,67,000283.jpg,0.17081794,fake,0
dataset/clips/images\svk_id\01\000331.jpg,svk_id,01,000331.jpg,0.8358503,genuine,1
dataset/clips/images\grc_passport\32\000295.jpg,grc_passport,32,000295.jpg,0.3094306,fake,0
dataset/clips/images\aze_passport\62\000193.jpg,aze_passport,62,000193.jpg,0.011121814,fake,0
dataset/clips/images\rus_internalpassport\59\000001.jpg,rus_internalpassport,59,000001.jpg,0.8199381,genuine,1
dataset/clips/images\grc_passport\05\000433.jpg,grc_passport,05,000433.jpg,0.5430685,genuine,1
dataset/clips/images\lva_passport\99\000085.jpg,lva_passport,99,000085.jpg,0.107561566,fake,0
dataset/clips/images\esp_id\07\000247.jpg,esp_id,07,000247.jpg,0.90992725,genuine,1
dataset/clips/images\lva_passport\96\000181.jpg,lva_passport,96,000181.jpg,0.16540469,fake,0
dataset/clips/images\fin_id\17\000193.jpg,fin_id,17,000193.jpg,0.82749283,genuine,1
dataset/clips/images\esp_id\57\000283.jpg,esp_id,57,000283.jpg,0.5824781,genuine,1
dataset/clips/images\svk_id\07\000013.jpg,svk_id,07,000013.jpg,0.8843729,genuine,1
dataset/clips/images\grc_passport\65\000253.jpg,grc_passport,65,000253.jpg,0.054999646,fake,0
dataset/clips/images\grc_passport\42\000103.jpg,grc_passport,42,000103.jpg,0.032506898,fake,0
dataset/clips/images\fin_id\12\000139.jpg,fin_id,12,000139.jpg,0.90525985,genuine,1
dataset/clips/images\lva_passport\57\000025.jpg,lva_passport,57,000025.jpg,0.015849875,fake,0
dataset/clips/images\rus_internalpassport\89\000283.jpg,rus_internalpassport,89,000283.jpg,0.7068875,genuine,1
dataset/clips/images\fin_id\69\000097.jpg,fin_id,69,000097.jpg,0.29854944,fake,0
dataset/clips/images\srb_passport\21\000217.jpg,srb_passport,21,000217.jpg,0.12642433,fake,0
dataset/clips/images\rus_internalpassport\72\000409.jpg,rus_internalpassport,72,000409.jpg,0.17791086,fake,0
dataset/clips/images\lva_passport\46\000205.jpg,lva_passport,46,000205.jpg,0.6422391,genuine,1
dataset/clips/images\fin_id\65\000229.jpg,fin_id,65,000229.jpg,0.2409064,fake,0
dataset/clips/images\grc_passport\58\000469.jpg,grc_passport,58,000469.jpg,0.15284736,fake,0
dataset/clips/images\grc_passport\61\000325.jpg,grc_passport,61,000325.jpg,0.16435987,fake,0
dataset/clips/images\esp_id\36\000319.jpg,esp_id,36,000319.jpg,0.6281488,genuine,1
dataset/clips/images\rus_internalpassport\76\000067.jpg,rus_internalpassport,76,000067.jpg,0.30019528,fake,0
dataset/clips/images\srb_passport\26\000139.jpg,srb_passport,26,000139.jpg,0.20470795,fake,0
dataset/clips/images\lva_passport\44\000217.jpg,lva_passport,44,000217.jpg,0.4918605,fake,0
dataset/clips/images\svk_id\15\000451.jpg,svk_id,15,000451.jpg,0.9757633,genuine,1
dataset/clips/images\fin_id\36\000325.jpg,fin_id,36,000325.jpg,0.8939448,genuine,1
dataset/clips/images\svk_id\75\000463.jpg,svk_id,75,000463.jpg,0.94252,genuine,1
dataset/clips/images\fin_id\22\000163.jpg,fin_id,22,000163.jpg,0.3557566,fake,0
dataset/clips/images\rus_internalpassport\60\000139.jpg,rus_internalpassport,60,000139.jpg,0.87473893,genuine,1
dataset/clips/images\svk_id\92\000367.jpg,svk_id,92,000367.jpg,0.9499148,genuine,1
dataset/clips/images\srb_passport\01\000355.jpg,srb_passport,01,000355.jpg,0.7261298,genuine,1
dataset/clips/images\aze_passport\53\000013.jpg,aze_passport,53,000013.jpg,0.011794811,fake,0
dataset/clips/images\aze_passport\22\000265.jpg,aze_passport,22,000265.jpg,0.023924218,fake,0
dataset/clips/images\lva_passport\90\000037.jpg,lva_passport,90,000037.jpg,0.4868583,fake,0
dataset/clips/images\esp_id\25\000205.jpg,esp_id,25,000205.jpg,0.47735927,fake,0
dataset/clips/images\esp_id\30\000313.jpg,esp_id,30,000313.jpg,0.53421724,genuine,1
dataset/clips/images\aze_passport\06\000055.jpg,aze_passport,06,000055.jpg,0.6130862,genuine,1
dataset/clips/images\srb_passport\82\000295.jpg,srb_passport,82,000295.jpg,0.097113796,fake,0
dataset/clips/images\alb_id\64\000217.jpg,alb_id,64,000217.jpg,0.06877258,fake,0
dataset/clips/images\grc_passport\30\000037.jpg,grc_passport,30,000037.jpg,0.607368,genuine,1
dataset/clips/images\fin_id\47\000313.jpg,fin_id,47,000313.jpg,0.0034630927,fake,0
dataset/clips/images\aze_passport\18\000151.jpg,aze_passport,18,000151.jpg,0.6175424,genuine,1
dataset/clips/images\esp_id\57\000313.jpg,esp_id,57,000313.jpg,0.22211231,fake,0
dataset/clips/images\esp_id\82\000385.jpg,esp_id,82,000385.jpg,0.21564719,fake,0
dataset/clips/images\fin_id\22\000235.jpg,fin_id,22,000235.jpg,0.58288133,genuine,1
dataset/clips/images\fin_id\57\000007.jpg,fin_id,57,000007.jpg,0.086629055,fake,0
dataset/clips/images\lva_passport\46\000313.jpg,lva_passport,46,000313.jpg,0.28082263,fake,0
dataset/clips/images\fin_id\64\000169.jpg,fin_id,64,000169.jpg,0.17815106,fake,0
dataset/clips/images\rus_internalpassport\88\000127.jpg,rus_internalpassport,88,000127.jpg,0.39389744,fake,0
dataset/clips/images\srb_passport\43\000211.jpg,srb_passport,43,000211.jpg,0.71901774,genuine,1
dataset/clips/images\esp_id\12\000067.jpg,esp_id,12,000067.jpg,0.8362472,genuine,1
dataset/clips/images\est_id\99\000379.jpg,est_id,99,000379.jpg,0.41605783,fake,0
dataset/clips/images\grc_passport\46\000223.jpg,grc_passport,46,000223.jpg,0.7258963,genuine,1
dataset/clips/images\alb_id\30\000301.jpg,alb_id,30,000301.jpg,0.45941025,fake,0
dataset/clips/images\lva_passport\36\000067.jpg,lva_passport,36,000067.jpg,0.7546688,genuine,1
dataset/clips/images\esp_id\36\000277.jpg,esp_id,36,000277.jpg,0.76265895,genuine,1
dataset/clips/images\lva_passport\00\000151.jpg,lva_passport,00,000151.jpg,0.85052955,genuine,1
dataset/clips/images\alb_id\03\000037.jpg,alb_id,03,000037.jpg,0.63673174,genuine,1
dataset/clips/images\svk_id\34\000019.jpg,svk_id,34,000019.jpg,0.1278486,fake,0
dataset/clips/images\alb_id\42\000253.jpg,alb_id,42,000253.jpg,0.44072562,fake,0
dataset/clips/images\svk_id\45\000397.jpg,svk_id,45,000397.jpg,0.8975573,genuine,1
dataset/clips/images\grc_passport\22\000367.jpg,grc_passport,22,000367.jpg,0.6402283,genuine,1
dataset/clips/images\srb_passport\73\000373.jpg,srb_passport,73,000373.jpg,0.50627244,genuine,1
dataset/clips/images\grc_passport\87\000421.jpg,grc_passport,87,000421.jpg,0.50104445,genuine,1
dataset/clips/images\aze_passport\00\000073.jpg,aze_passport,00,000073.jpg,0.4960279,fake,0
dataset/clips/images\aze_passport\48\000385.jpg,aze_passport,48,000385.jpg,0.013657766,fake,0
dataset/clips/images\srb_passport\66\000439.jpg,srb_passport,66,000439.jpg,0.09156397,fake,0
dataset/clips/images\est_id\62\000187.jpg,est_id,62,000187.jpg,0.5969248,genuine,1
dataset/clips/images\srb_passport\04\000109.jpg,srb_passport,04,000109.jpg,0.88577557,genuine,1
dataset/clips/images\est_id\19\000013.jpg,est_id,19,000013.jpg,0.67242765,genuine,1
dataset/clips/images\srb_passport\38\000133.jpg,srb_passport,38,000133.jpg,0.7888029,genuine,1
dataset/clips/images\grc_passport\05\000337.jpg,grc_passport,05,000337.jpg,0.1898948,fake,0
dataset/clips/images\grc_passport\07\000109.jpg,grc_passport,07,000109.jpg,0.785949,genuine,1
dataset/clips/images\srb_passport\88\000397.jpg,srb_passport,88,000397.jpg,0.5472325,genuine,1
dataset/clips/images\fin_id\33\000259.jpg,fin_id,33,000259.jpg,0.7392829,genuine,1
dataset/clips/images\alb_id\97\000085.jpg,alb_id,97,000085.jpg,0.3269002,fake,0
dataset/clips/images\fin_id\17\000223.jpg,fin_id,17,000223.jpg,0.86069524,genuine,1
dataset/clips/images\svk_id\77\000457.jpg,svk_id,77,000457.jpg,0.960631,genuine,1
dataset/clips/images\rus_internalpassport\21\000133.jpg,rus_internalpassport,21,000133.jpg,0.5905864,genuine,1
dataset/clips/images\aze_passport\90\000301.jpg,aze_passport,90,000301.jpg,0.07547811,fake,0
dataset/clips/images\srb_passport\02\000121.jpg,srb_passport,02,000121.jpg,0.82483435,genuine,1
dataset/clips/images\srb_passport\11\000349.jpg,srb_passport,11,000349.jpg,0.8471117,genuine,1
dataset/clips/images\lva_passport\84\000277.jpg,lva_passport,84,000277.jpg,0.08405877,fake,0
dataset/clips/images\lva_passport\45\000121.jpg,lva_passport,45,000121.jpg,0.7572061,genuine,1
dataset/clips/images\lva_passport\85\000163.jpg,lva_passport,85,000163.jpg,0.9189638,genuine,1
dataset/clips/images\fin_id\48\000205.jpg,fin_id,48,000205.jpg,0.98257935,genuine,1
dataset/clips/images\svk_id\03\000379.jpg,svk_id,03,000379.jpg,0.9792743,genuine,1
dataset/clips/images\alb_id\27\000073.jpg,alb_id,27,000073.jpg,0.3656056,fake,0
dataset/clips/images\fin_id\82\000193.jpg,fin_id,82,000193.jpg,0.4372049,fake,0
dataset/clips/images\lva_passport\39\000055.jpg,lva_passport,39,000055.jpg,0.84021395,genuine,1
dataset/clips/images\srb_passport\13\000073.jpg,srb_passport,13,000073.jpg,0.5314605,genuine,1
dataset/clips/images\aze_passport\63\000151.jpg,aze_passport,63,000151.jpg,0.505124,genuine,1
dataset/clips/images\lva_passport\64\000331.jpg,lva_passport,64,000331.jpg,0.114047185,fake,0
dataset/clips/images\srb_passport\51\000145.jpg,srb_passport,51,000145.jpg,0.44861194,fake,0
dataset/clips/images\srb_passport\10\000439.jpg,srb_passport,10,000439.jpg,0.61732906,genuine,1
dataset/clips/images\est_id\19\000271.jpg,est_id,19,000271.jpg,0.4666891,fake,0
dataset/clips/images\srb_passport\84\000265.jpg,srb_passport,84,000265.jpg,0.22922112,fake,0
dataset/clips/images\grc_passport\97\000043.jpg,grc_passport,97,000043.jpg,0.5602703,genuine,1
dataset/clips/images\aze_passport\50\000025.jpg,aze_passport,50,000025.jpg,0.0676885,fake,0
dataset/clips/images\srb_passport\67\000217.jpg,srb_passport,67,000217.jpg,0.10449323,fake,0
dataset/clips/images\esp_id\74\000457.jpg,esp_id,74,000457.jpg,0.92354095,genuine,1
dataset/clips/images\esp_id\40\000253.jpg,esp_id,40,000253.jpg,0.99428767,genuine,1
dataset/clips/images\fin_id\90\000067.jpg,fin_id,90,000067.jpg,0.1622287,fake,0
dataset/clips/images\grc_passport\00\000403.jpg,grc_passport,00,000403.jpg,0.5004797,genuine,1
dataset/clips/images\esp_id\98\000115.jpg,esp_id,98,000115.jpg,0.3381008,fake,0
dataset/clips/images\esp_id\93\000043.jpg,esp_id,93,000043.jpg,0.7372271,genuine,1
dataset/clips/images\grc_passport\24\000247.jpg,grc_passport,24,000247.jpg,0.67747355,genuine,1
dataset/clips/images\alb_id\27\000097.jpg,alb_id,27,000097.jpg,0.45136318,fake,0
dataset/clips/images\aze_passport\13\000139.jpg,aze_passport,13,000139.jpg,0.32885367,fake,0
dataset/clips/images\rus_internalpassport\68\000289.jpg,rus_internalpassport,68,000289.jpg,0.43242344,fake,0
dataset/clips/images\svk_id\98\000061.jpg,svk_id,98,000061.jpg,0.3033717,fake,0
dataset/clips/images\rus_internalpassport\00\000007.jpg,rus_internalpassport,00,000007.jpg,0.7125127,genuine,1
dataset/clips/images\rus_internalpassport\34\000181.jpg,rus_internalpassport,34,000181.jpg,0.6612565,genuine,1
dataset/clips/images\rus_internalpassport\81\000403.jpg,rus_internalpassport,81,000403.jpg,0.5429213,genuine,1
dataset/clips/images\est_id\84\000307.jpg,est_id,84,000307.jpg,0.59761155,genuine,1
dataset/clips/images\fin_id\40\000001.jpg,fin_id,40,000001.jpg,0.7942418,genuine,1
dataset/clips/images\grc_passport\21\000361.jpg,grc_passport,21,000361.jpg,0.27294013,fake,0
dataset/clips/images\alb_id\56\000001.jpg,alb_id,56,000001.jpg,0.84461296,genuine,1
dataset/clips/images\esp_id\69\000403.jpg,esp_id,69,000403.jpg,0.96288705,genuine,1
dataset/clips/images\srb_passport\30\000265.jpg,srb_passport,30,000265.jpg,0.5345166,genuine,1
dataset/clips/images\rus_internalpassport\39\000187.jpg,rus_internalpassport,39,000187.jpg,0.48736632,fake,0
dataset/clips/images\aze_passport\09\000397.jpg,aze_passport,09,000397.jpg,0.8566485,genuine,1
dataset/clips/images\est_id\57\000301.jpg,est_id,57,000301.jpg,0.4200955,fake,0
dataset/clips/images\grc_passport\10\000127.jpg,grc_passport,10,000127.jpg,0.7517848,genuine,1
dataset/clips/images\esp_id\61\000049.jpg,esp_id,61,000049.jpg,0.7470261,genuine,1
dataset/clips/images\alb_id\63\000223.jpg,alb_id,63,000223.jpg,0.26874015,fake,0
dataset/clips/images\rus_internalpassport\09\000175.jpg,rus_internalpassport,09,000175.jpg,0.6849576,genuine,1
dataset/clips/images\svk_id\23\000145.jpg,svk_id,23,000145.jpg,0.86173695,genuine,1
dataset/clips/images\esp_id\10\000067.jpg,esp_id,10,000067.jpg,0.8939219,genuine,1
dataset/clips/images\est_id\86\000175.jpg,est_id,86,000175.jpg,0.16329522,fake,0
dataset/clips/images\svk_id\50\000019.jpg,svk_id,50,000019.jpg,0.006132803,fake,0
dataset/clips/images\grc_passport\08\000475.jpg,grc_passport,08,000475.jpg,0.9284977,genuine,1
dataset/clips/images\lva_passport\40\000259.jpg,lva_passport,40,000259.jpg,0.99135375,genuine,1
dataset/clips/images\grc_passport\15\000271.jpg,grc_passport,15,000271.jpg,0.5787502,genuine,1
dataset/clips/images\fin_id\42\000283.jpg,fin_id,42,000283.jpg,0.5550965,genuine,1
dataset/clips/images\alb_id\99\000181.jpg,alb_id,99,000181.jpg,0.5209454,genuine,1
dataset/clips/images\aze_passport\45\000325.jpg,aze_passport,45,000325.jpg,0.6876414,genuine,1
dataset/clips/images\fin_id\08\000625.jpg,fin_id,08,000625.jpg,0.9563608,genuine,1
dataset/clips/images\fin_id\63\000139.jpg,fin_id,63,000139.jpg,0.3676529,fake,0
dataset/clips/images\esp_id\62\000295.jpg,esp_id,62,000295.jpg,0.6762699,genuine,1
dataset/clips/images\grc_passport\33\000205.jpg,grc_passport,33,000205.jpg,0.59216106,genuine,1
dataset/clips/images\aze_passport\99\000103.jpg,aze_passport,99,000103.jpg,0.034648687,fake,0
dataset/clips/images\fin_id\89\000439.jpg,fin_id,89,000439.jpg,0.5201998,genuine,1
dataset/clips/images\est_id\87\000007.jpg,est_id,87,000007.jpg,0.84210366,genuine,1
dataset/clips/images\aze_passport\50\000013.jpg,aze_passport,50,000013.jpg,0.42121667,fake,0
dataset/clips/images\aze_passport\34\000403.jpg,aze_passport,34,000403.jpg,0.39181125,fake,0
dataset/clips/images\alb_id\59\000265.jpg,alb_id,59,000265.jpg,0.080940194,fake,0
dataset/clips/images\svk_id\01\000055.jpg,svk_id,01,000055.jpg,0.96379495,genuine,1
dataset/clips/images\rus_internalpassport\44\000025.jpg,rus_internalpassport,44,000025.jpg,0.40498245,fake,0
dataset/clips/images\srb_passport\73\000451.jpg,srb_passport,73,000451.jpg,0.49429077,fake,0
dataset/clips/images\grc_passport\91\000217.jpg,grc_passport,91,000217.jpg,0.08393065,fake,0
dataset/clips/images\svk_id\27\000229.jpg,svk_id,27,000229.jpg,0.50681657,genuine,1
dataset/clips/images\lva_passport\06\000085.jpg,lva_passport,06,000085.jpg,0.868605,genuine,1
dataset/clips/images\lva_passport\45\000175.jpg,lva_passport,45,000175.jpg,0.37976438,fake,0
dataset/clips/images\svk_id\18\000253.jpg,svk_id,18,000253.jpg,0.9666375,genuine,1
dataset/clips/images\rus_internalpassport\88\000241.jpg,rus_internalpassport,88,000241.jpg,0.7445246,genuine,1
dataset/clips/images\rus_internalpassport\82\000373.jpg,rus_internalpassport,82,000373.jpg,0.56932884,genuine,1
dataset/clips/images\grc_passport\90\000079.jpg,grc_passport,90,000079.jpg,0.07753931,fake,0
dataset/clips/images\fin_id\74\000373.jpg,fin_id,74,000373.jpg,0.3317958,fake,0
dataset/clips/images\fin_id\16\000043.jpg,fin_id,16,000043.jpg,0.6139902,genuine,1
dataset/clips/images\est_id\42\000001.jpg,est_id,42,000001.jpg,0.08691262,fake,0
dataset/clips/images\lva_passport\16\000301.jpg,lva_passport,16,000301.jpg,0.8574494,genuine,1
dataset/clips/images\srb_passport\61\000247.jpg,srb_passport,61,000247.jpg,0.05332592,fake,0
dataset/clips/images\grc_passport\84\000157.jpg,grc_passport,84,000157.jpg,0.31074318,fake,0
dataset/clips/images\rus_internalpassport\23\000091.jpg,rus_internalpassport,23,000091.jpg,0.47222188,fake,0
dataset/clips/images\alb_id\85\000295.jpg,alb_id,85,000295.jpg,0.80436414,genuine,1
dataset/clips/images\fin_id\84\000433.jpg,fin_id,84,000433.jpg,0.03391371,fake,0
dataset/clips/images\esp_id\59\000025.jpg,esp_id,59,000025.jpg,0.73702574,genuine,1
dataset/clips/images\svk_id\13\000109.jpg,svk_id,13,000109.jpg,0.95985603,genuine,1
dataset/clips/images\grc_passport\46\000259.jpg,grc_passport,46,000259.jpg,0.4993165,fake,0
dataset/clips/images\rus_internalpassport\75\000439.jpg,rus_internalpassport,75,000439.jpg,0.724502,genuine,1
dataset/clips/images\svk_id\77\000151.jpg,svk_id,77,000151.jpg,0.83187187,genuine,1
dataset/clips/images\lva_passport\60\000109.jpg,lva_passport,60,000109.jpg,0.105305836,fake,0
dataset/clips/images\svk_id\28\000013.jpg,svk_id,28,000013.jpg,0.8092654,genuine,1
dataset/clips/images\rus_internalpassport\59\000211.jpg,rus_internalpassport,59,000211.jpg,0.060446758,fake,0
dataset/clips/images\aze_passport\72\000331.jpg,aze_passport,72,000331.jpg,0.61399823,genuine,1
dataset/clips/images\lva_passport\34\000103.jpg,lva_passport,34,000103.jpg,0.63638246,genuine,1
dataset/clips/images\aze_passport\45\000277.jpg,aze_passport,45,000277.jpg,0.14337364,fake,0
dataset/clips/images\grc_passport\89\000289.jpg,grc_passport,89,000289.jpg,0.64552754,genuine,1
dataset/clips/images\aze_passport\76\000385.jpg,aze_passport,76,000385.jpg,0.27562526,fake,0
dataset/clips/images\svk_id\21\000259.jpg,svk_id,21,000259.jpg,0.86720043,genuine,1
dataset/clips/images\aze_passport\44\000211.jpg,aze_passport,44,000211.jpg,0.10906625,fake,0
dataset/clips/images\srb_passport\09\000019.jpg,srb_passport,09,000019.jpg,0.8164325,genuine,1
dataset/clips/images\srb_passport\62\000283.jpg,srb_passport,62,000283.jpg,0.07974963,fake,0
dataset/clips/images\aze_passport\83\000175.jpg,aze_passport,83,000175.jpg,0.58429074,genuine,1
dataset/clips/images\grc_passport\02\000385.jpg,grc_passport,02,000385.jpg,0.4837224,fake,0
dataset/clips/images\fin_id\11\000289.jpg,fin_id,11,000289.jpg,0.81365514,genuine,1
dataset/clips/images\aze_passport\77\000235.jpg,aze_passport,77,000235.jpg,0.90040624,genuine,1
dataset/clips/images\svk_id\26\000253.jpg,svk_id,26,000253.jpg,0.9208085,genuine,1
dataset/clips/images\grc_passport\37\000181.jpg,grc_passport,37,000181.jpg,0.019462444,fake,0
dataset/clips/images\alb_id\67\000025.jpg,alb_id,67,000025.jpg,0.5467658,genuine,1
dataset/clips/images\fin_id\90\000283.jpg,fin_id,90,000283.jpg,0.22805598,fake,0
dataset/clips/images\alb_id\23\000151.jpg,alb_id,23,000151.jpg,0.4585727,fake,0
dataset/clips/images\rus_internalpassport\35\000277.jpg,rus_internalpassport,35,000277.jpg,0.45220444,fake,0
dataset/clips/images\alb_id\04\000325.jpg,alb_id,04,000325.jpg,0.7479037,genuine,1
dataset/clips/images\lva_passport\13\000121.jpg,lva_passport,13,000121.jpg,0.96416795,genuine,1
dataset/clips/images\grc_passport\94\000313.jpg,grc_passport,94,000313.jpg,0.054788407,fake,0
dataset/clips/images\aze_passport\78\000151.jpg,aze_passport,78,000151.jpg,0.953771,genuine,1
dataset/clips/images\aze_passport\02\000331.jpg,aze_passport,02,000331.jpg,0.6537553,genuine,1
dataset/clips/images\aze_passport\21\000151.jpg,aze_passport,21,000151.jpg,0.13365999,fake,0
dataset/clips/images\est_id\80\000193.jpg,est_id,80,000193.jpg,0.11662921,fake,0
dataset/clips/images\est_id\22\000331.jpg,est_id,22,000331.jpg,0.83386165,genuine,1
dataset/clips/images\srb_passport\43\000313.jpg,srb_passport,43,000313.jpg,0.75416917,genuine,1
dataset/clips/images\esp_id\44\000199.jpg,esp_id,44,000199.jpg,0.57851446,genuine,1
dataset/clips/images\aze_passport\55\000079.jpg,aze_passport,55,000079.jpg,0.07229062,fake,0
dataset/clips/images\lva_passport\96\000151.jpg,lva_passport,96,000151.jpg,0.4437159,fake,0
dataset/clips/images\srb_passport\25\000061.jpg,srb_passport,25,000061.jpg,0.1063999,fake,0
dataset/clips/images\est_id\70\000277.jpg,est_id,70,000277.jpg,0.44063565,fake,0
dataset/clips/images\rus_internalpassport\95\000103.jpg,rus_internalpassport,95,000103.jpg,0.85670376,genuine,1
dataset/clips/images\esp_id\49\000067.jpg,esp_id,49,000067.jpg,0.080689415,fake,0
dataset/clips/images\grc_passport\72\000709.jpg,grc_passport,72,000709.jpg,0.51839185,genuine,1
dataset/clips/images\srb_passport\01\000079.jpg,srb_passport,01,000079.jpg,0.91555506,genuine,1
dataset/clips/images\svk_id\80\000319.jpg,svk_id,80,000319.jpg,0.6757132,genuine,1
dataset/clips/images\aze_passport\12\000421.jpg,aze_passport,12,000421.jpg,0.5553983,genuine,1
dataset/clips/images\srb_passport\11\000121.jpg,srb_passport,11,000121.jpg,0.85219896,genuine,1
dataset/clips/images\alb_id\15\000085.jpg,alb_id,15,000085.jpg,0.6429242,genuine,1
dataset/clips/images\aze_passport\87\000403.jpg,aze_passport,87,000403.jpg,0.017010527,fake,0
dataset/clips/images\svk_id\05\000181.jpg,svk_id,05,000181.jpg,0.6907574,genuine,1
dataset/clips/images\aze_passport\70\000319.jpg,aze_passport,70,000319.jpg,0.7148226,genuine,1
dataset/clips/images\svk_id\80\000061.jpg,svk_id,80,000061.jpg,0.88220763,genuine,1
dataset/clips/images\lva_passport\88\000211.jpg,lva_passport,88,000211.jpg,0.62037945,genuine,1
dataset/clips/images\lva_passport\83\000253.jpg,lva_passport,83,000253.jpg,0.2521063,fake,0
dataset/clips/images\est_id\86\000073.jpg,est_id,86,000073.jpg,0.25768688,fake,0
dataset/clips/images\lva_passport\15\000121.jpg,lva_passport,15,000121.jpg,0.85738397,genuine,1
dataset/clips/images\aze_passport\24\000253.jpg,aze_passport,24,000253.jpg,0.4197696,fake,0
dataset/clips/images\rus_internalpassport\94\000079.jpg,rus_internalpassport,94,000079.jpg,0.92397344,genuine,1
dataset/clips/images\srb_passport\95\000163.jpg,srb_passport,95,000163.jpg,0.41167808,fake,0
dataset/clips/images\aze_passport\39\000049.jpg,aze_passport,39,000049.jpg,0.14397542,fake,0
dataset/clips/images\svk_id\92\000277.jpg,svk_id,92,000277.jpg,0.82341725,genuine,1
dataset/clips/images\alb_id\24\000073.jpg,alb_id,24,000073.jpg,0.56940436,genuine,1
dataset/clips/images\grc_passport\05\000385.jpg,grc_passport,05,000385.jpg,0.39545986,fake,0
dataset/clips/images\aze_passport\39\000097.jpg,aze_passport,39,000097.jpg,0.29055253,fake,0
dataset/clips/images\svk_id\97\000241.jpg,svk_id,97,000241.jpg,0.34951976,fake,0
dataset/clips/images\esp_id\64\000013.jpg,esp_id,64,000013.jpg,0.36574623,fake,0
dataset/clips/images\svk_id\63\000205.jpg,svk_id,63,000205.jpg,0.07881336,fake,0
dataset/clips/images\fin_id\22\000259.jpg,fin_id,22,000259.jpg,0.7092402,genuine,1
dataset/clips/images\grc_passport\07\000049.jpg,grc_passport,07,000049.jpg,0.43071494,fake,0
dataset/clips/images\est_id\95\000301.jpg,est_id,95,000301.jpg,0.66330844,genuine,1
dataset/clips/images\esp_id\73\000517.jpg,esp_id,73,000517.jpg,0.68933433,genuine,1
dataset/clips/images\grc_passport\72\000379.jpg,grc_passport,72,000379.jpg,0.5004174,genuine,1
dataset/clips/images\rus_internalpassport\48\000319.jpg,rus_internalpassport,48,000319.jpg,0.04800077,fake,0
dataset/clips/images\fin_id\72\000187.jpg,fin_id,72,000187.jpg,0.35906494,fake,0
dataset/clips/images\lva_passport\27\000199.jpg,lva_passport,27,000199.jpg,0.47763512,fake,0
dataset/clips/images\aze_passport\60\000151.jpg,aze_passport,60,000151.jpg,0.01272124,fake,0
dataset/clips/images\fin_id\79\000295.jpg,fin_id,79,000295.jpg,0.7130705,genuine,1
dataset/clips/images\lva_passport\96\000001.jpg,lva_passport,96,000001.jpg,0.2557417,fake,0
dataset/clips/images\rus_internalpassport\37\000067.jpg,rus_internalpassport,37,000067.jpg,0.24998285,fake,0
dataset/clips/images\lva_passport\62\000037.jpg,lva_passport,62,000037.jpg,0.0563518,fake,0
dataset/clips/images\est_id\55\000193.jpg,est_id,55,000193.jpg,0.28512537,fake,0
dataset/clips/images\est_id\56\000199.jpg,est_id,56,000199.jpg,0.6250576,genuine,1
dataset/clips/images\srb_passport\54\000109.jpg,srb_passport,54,000109.jpg,0.30938628,fake,0
dataset/clips/images\srb_passport\92\000337.jpg,srb_passport,92,000337.jpg,0.2029312,fake,0
dataset/clips/images\fin_id\77\000211.jpg,fin_id,77,000211.jpg,0.82616687,genuine,1
dataset/clips/images\alb_id\19\000343.jpg,alb_id,19,000343.jpg,0.964994,genuine,1
dataset/clips/images\alb_id\54\000145.jpg,alb_id,54,000145.jpg,0.17994225,fake,0
dataset/clips/images\srb_passport\64\000331.jpg,srb_passport,64,000331.jpg,0.034582727,fake,0
dataset/clips/images\esp_id\06\000061.jpg,esp_id,06,000061.jpg,0.8334545,genuine,1
dataset/clips/images\lva_passport\66\000283.jpg,lva_passport,66,000283.jpg,0.07970673,fake,0
dataset/clips/images\fin_id\48\000313.jpg,fin_id,48,000313.jpg,0.8827127,genuine,1
dataset/clips/images\esp_id\38\000235.jpg,esp_id,38,000235.jpg,0.06380555,fake,0
dataset/clips/images\svk_id\36\000199.jpg,svk_id,36,000199.jpg,0.81702167,genuine,1
dataset/clips/images\esp_id\99\000289.jpg,esp_id,99,000289.jpg,0.8672494,genuine,1
dataset/clips/images\grc_passport\28\000043.jpg,grc_passport,28,000043.jpg,0.43856797,fake,0
dataset/clips/images\alb_id\53\000247.jpg,alb_id,53,000247.jpg,0.9937097,genuine,1
dataset/clips/images\esp_id\89\000019.jpg,esp_id,89,000019.jpg,0.21879955,fake,0
dataset/clips/images\aze_passport\93\000349.jpg,aze_passport,93,000349.jpg,0.43160725,fake,0
dataset/clips/images\svk_id\01\000079.jpg,svk_id,01,000079.jpg,0.8614269,genuine,1
dataset/clips/images\lva_passport\72\000091.jpg,lva_passport,72,000091.jpg,0.3764487,fake,0
dataset/clips/images\alb_id\71\000445.jpg,alb_id,71,000445.jpg,0.29501814,fake,0
dataset/clips/images\fin_id\22\000097.jpg,fin_id,22,000097.jpg,0.45379785,fake,0
dataset/clips/images\srb_passport\10\000133.jpg,srb_passport,10,000133.jpg,0.6562693,genuine,1
dataset/clips/images\rus_internalpassport\38\000157.jpg,rus_internalpassport,38,000157.jpg,0.5472749,genuine,1
dataset/clips/images\aze_passport\20\000247.jpg,aze_passport,20,000247.jpg,0.07191396,fake,0
dataset/clips/images\fin_id\38\000127.jpg,fin_id,38,000127.jpg,0.82589275,genuine,1
dataset/clips/images\srb_passport\85\000043.jpg,srb_passport,85,000043.jpg,0.24387646,fake,0
dataset/clips/images\aze_passport\73\000361.jpg,aze_passport,73,000361.jpg,0.38792235,fake,0
dataset/clips/images\grc_passport\42\000037.jpg,grc_passport,42,000037.jpg,0.011076751,fake,0
dataset/clips/images\est_id\00\000283.jpg,est_id,00,000283.jpg,0.040530495,fake,0
dataset/clips/images\est_id\57\000217.jpg,est_id,57,000217.jpg,0.6282551,genuine,1
dataset/clips/images\aze_passport\44\000343.jpg,aze_passport,44,000343.jpg,0.5268231,genuine,1
dataset/clips/images\rus_internalpassport\19\000121.jpg,rus_internalpassport,19,000121.jpg,0.70750713,genuine,1
dataset/clips/images\alb_id\77\000361.jpg,alb_id,77,000361.jpg,0.92444545,genuine,1
dataset/clips/images\svk_id\23\000043.jpg,svk_id,23,000043.jpg,0.7957939,genuine,1
dataset/clips/images\esp_id\18\000079.jpg,esp_id,18,000079.jpg,0.88676375,genuine,1
dataset/clips/images\fin_id\26\000115.jpg,fin_id,26,000115.jpg,0.31025395,fake,0
dataset/clips/images\esp_id\67\000037.jpg,esp_id,67,000037.jpg,0.4344725,fake,0
dataset/clips/images\est_id\99\000301.jpg,est_id,99,000301.jpg,0.41504562,fake,0
dataset/clips/images\aze_passport\13\000007.jpg,aze_passport,13,000007.jpg,0.82989186,genuine,1
dataset/clips/images\grc_passport\17\000289.jpg,grc_passport,17,000289.jpg,0.7085668,genuine,1
dataset/clips/images\est_id\60\000133.jpg,est_id,60,000133.jpg,0.10146041,fake,0
dataset/clips/images\grc_passport\86\000385.jpg,grc_passport,86,000385.jpg,0.19562222,fake,0
dataset/clips/images\esp_id\94\000091.jpg,esp_id,94,000091.jpg,0.26941633,fake,0
dataset/clips/images\rus_internalpassport\93\000331.jpg,rus_internalpassport,93,000331.jpg,0.6888617,genuine,1
dataset/clips/images\srb_passport\71\000415.jpg,srb_passport,71,000415.jpg,0.88337684,genuine,1
dataset/clips/images\svk_id\39\000091.jpg,svk_id,39,000091.jpg,0.074685454,fake,0
dataset/clips/images\srb_passport\72\000331.jpg,srb_passport,72,000331.jpg,0.5132296,genuine,1
dataset/clips/images\srb_passport\87\000331.jpg,srb_passport,87,000331.jpg,0.021703556,fake,0
dataset/clips/images\fin_id\75\000091.jpg,fin_id,75,000091.jpg,0.9704379,genuine,1
dataset/clips/images\rus_internalpassport\09\000337.jpg,rus_internalpassport,09,000337.jpg,0.56357133,genuine,1
dataset/clips/images\fin_id\29\000355.jpg,fin_id,29,000355.jpg,0.2193457,fake,0
dataset/clips/images\esp_id\83\000025.jpg,esp_id,83,000025.jpg,0.9861953,genuine,1
dataset/clips/images\est_id\35\000295.jpg,est_id,35,000295.jpg,0.80079496,genuine,1
dataset/clips/images\lva_passport\88\000085.jpg,lva_passport,88,000085.jpg,0.49017954,fake,0
dataset/clips/images\est_id\17\000217.jpg,est_id,17,000217.jpg,0.69988483,genuine,1
dataset/clips/images\aze_passport\87\000193.jpg,aze_passport,87,000193.jpg,0.012245917,fake,0
dataset/clips/images\grc_passport\55\000133.jpg,grc_passport,55,000133.jpg,0.16710506,fake,0
dataset/clips/images\srb_passport\23\000391.jpg,srb_passport,23,000391.jpg,0.13145012,fake,0
dataset/clips/images\rus_internalpassport\68\000085.jpg,rus_internalpassport,68,000085.jpg,0.5360559,genuine,1
dataset/clips/images\esp_id\93\000253.jpg,esp_id,93,000253.jpg,0.2764882,fake,0
dataset/clips/images\fin_id\12\000073.jpg,fin_id,12,000073.jpg,0.92186016,genuine,1
dataset/clips/images\aze_passport\63\000139.jpg,aze_passport,63,000139.jpg,0.39422387,fake,0
dataset/clips/images\aze_passport\95\000133.jpg,aze_passport,95,000133.jpg,0.07826879,fake,0
dataset/clips/images\fin_id\15\000361.jpg,fin_id,15,000361.jpg,0.8803956,genuine,1
dataset/clips/images\esp_id\54\000151.jpg,esp_id,54,000151.jpg,0.42973903,fake,0
dataset/clips/images\aze_passport\63\000013.jpg,aze_passport,63,000013.jpg,0.012449602,fake,0
dataset/clips/images\aze_passport\86\000013.jpg,aze_passport,86,000013.jpg,0.19919236,fake,0
dataset/clips/images\aze_passport\81\000295.jpg,aze_passport,81,000295.jpg,0.7411132,genuine,1
dataset/clips/images\rus_internalpassport\48\000349.jpg,rus_internalpassport,48,000349.jpg,0.09173296,fake,0
dataset/clips/images\svk_id\16\000109.jpg,svk_id,16,000109.jpg,0.8329656,genuine,1
dataset/clips/images\lva_passport\32\000115.jpg,lva_passport,32,000115.jpg,0.5725008,genuine,1
dataset/clips/images\rus_internalpassport\93\000169.jpg,rus_internalpassport,93,000169.jpg,0.7657126,genuine,1
dataset/clips/images\svk_id\52\000283.jpg,svk_id,52,000283.jpg,0.8713748,genuine,1
dataset/clips/images\grc_passport\84\000175.jpg,grc_passport,84,000175.jpg,0.37348467,fake,0
dataset/clips/images\fin_id\50\000001.jpg,fin_id,50,000001.jpg,0.8129961,genuine,1
dataset/clips/images\fin_id\17\000439.jpg,fin_id,17,000439.jpg,0.84596545,genuine,1
dataset/clips/images\srb_passport\60\000109.jpg,srb_passport,60,000109.jpg,0.11862419,fake,0
dataset/clips/images\srb_passport\93\000205.jpg,srb_passport,93,000205.jpg,0.3259017,fake,0
dataset/clips/images\esp_id\63\000055.jpg,esp_id,63,000055.jpg,0.40132827,fake,0
dataset/clips/images\lva_passport\99\000079.jpg,lva_passport,99,000079.jpg,0.058479525,fake,0
dataset/clips/images\svk_id\81\000145.jpg,svk_id,81,000145.jpg,0.93705046,genuine,1
dataset/clips/images\alb_id\79\000541.jpg,alb_id,79,000541.jpg,0.2659355,fake,0
dataset/clips/images\esp_id\52\000133.jpg,esp_id,52,000133.jpg,0.2018084,fake,0
dataset/clips/images\aze_passport\53\000337.jpg,aze_passport,53,000337.jpg,0.6670835,genuine,1
dataset/clips/images\grc_passport\54\000289.jpg,grc_passport,54,000289.jpg,0.123518266,fake,0
dataset/clips/images\lva_passport\78\000451.jpg,lva_passport,78,000451.jpg,0.16488135,fake,0
dataset/clips/images\aze_passport\48\000139.jpg,aze_passport,48,000139.jpg,0.013077447,fake,0
dataset/clips/images\lva_passport\36\000277.jpg,lva_passport,36,000277.jpg,0.5552132,genuine,1
dataset/clips/images\fin_id\10\000367.jpg,fin_id,10,000367.jpg,0.7454231,genuine,1
dataset/clips/images\est_id\98\000235.jpg,est_id,98,000235.jpg,0.6384932,genuine,1
dataset/clips/images\alb_id\85\000355.jpg,alb_id,85,000355.jpg,0.26186684,fake,0
dataset/clips/images\rus_internalpassport\83\000247.jpg,rus_internalpassport,83,000247.jpg,0.24855559,fake,0
dataset/clips/images\est_id\73\000355.jpg,est_id,73,000355.jpg,0.85793036,genuine,1
dataset/clips/images\alb_id\21\000271.jpg,alb_id,21,000271.jpg,0.40643844,fake,0
dataset/clips/images\rus_internalpassport\90\000373.jpg,rus_internalpassport,90,000373.jpg,0.056824032,fake,0
dataset/clips/images\esp_id\55\000271.jpg,esp_id,55,000271.jpg,0.035932172,fake,0
dataset/clips/images\est_id\81\000463.jpg,est_id,81,000463.jpg,0.7248485,genuine,1
dataset/clips/images\lva_passport\68\000385.jpg,lva_passport,68,000385.jpg,0.29342696,fake,0
dataset/clips/images\fin_id\92\000295.jpg,fin_id,92,000295.jpg,0.9118388,genuine,1
dataset/clips/images\svk_id\53\000289.jpg,svk_id,53,000289.jpg,0.93712103,genuine,1
dataset/clips/images\srb_passport\51\000325.jpg,srb_passport,51,000325.jpg,0.5932194,genuine,1
dataset/clips/images\alb_id\01\000307.jpg,alb_id,01,000307.jpg,0.29863805,fake,0
dataset/clips/images\fin_id\74\000535.jpg,fin_id,74,000535.jpg,0.44571805,fake,0
dataset/clips/images\svk_id\71\000475.jpg,svk_id,71,000475.jpg,0.5495032,genuine,1
dataset/clips/images\rus_internalpassport\63\000331.jpg,rus_internalpassport,63,000331.jpg,0.4054446,fake,0
dataset/clips/images\grc_passport\28\000109.jpg,grc_passport,28,000109.jpg,0.4885043,fake,0
dataset/clips/images\alb_id\86\000271.jpg,alb_id,86,000271.jpg,0.7290426,genuine,1
dataset/clips/images\grc_passport\85\000397.jpg,grc_passport,85,000397.jpg,0.017526243,fake,0
dataset/clips/images\svk_id\39\000349.jpg,svk_id,39,000349.jpg,0.6250961,genuine,1
dataset/clips/images\est_id\87\000043.jpg,est_id,87,000043.jpg,0.6491263,genuine,1
dataset/clips/images\srb_passport\95\000199.jpg,srb_passport,95,000199.jpg,0.1566345,fake,0
dataset/clips/images\est_id\89\000379.jpg,est_id,89,000379.jpg,0.038092352,fake,0
dataset/clips/images\srb_passport\47\000061.jpg,srb_passport,47,000061.jpg,0.15929279,fake,0
dataset/clips/images\alb_id\48\000151.jpg,alb_id,48,000151.jpg,0.29407734,fake,0
dataset/clips/images\esp_id\64\000145.jpg,esp_id,64,000145.jpg,0.15839122,fake,0
dataset/clips/images\fin_id\67\000373.jpg,fin_id,67,000373.jpg,0.039252378,fake,0
dataset/clips/images\aze_passport\74\000595.jpg,aze_passport,74,000595.jpg,0.570524,genuine,1
dataset/clips/images\svk_id\44\000013.jpg,svk_id,44,000013.jpg,0.9802784,genuine,1
dataset/clips/images\svk_id\19\000511.jpg,svk_id,19,000511.jpg,0.8183403,genuine,1
dataset/clips/images\fin_id\72\000151.jpg,fin_id,72,000151.jpg,0.4613693,fake,0
dataset/clips/images\est_id\76\000145.jpg,est_id,76,000145.jpg,0.45155868,fake,0
dataset/clips/images\grc_passport\13\000475.jpg,grc_passport,13,000475.jpg,0.24863687,fake,0
dataset/clips/images\grc_passport\70\000361.jpg,grc_passport,70,000361.jpg,0.90234315,genuine,1
dataset/clips/images\srb_passport\76\000397.jpg,srb_passport,76,000397.jpg,0.56305736,genuine,1
dataset/clips/images\svk_id\19\000361.jpg,svk_id,19,000361.jpg,0.61070955,genuine,1
dataset/clips/images\svk_id\88\000235.jpg,svk_id,88,000235.jpg,0.76172537,genuine,1
dataset/clips/images\grc_passport\11\000151.jpg,grc_passport,11,000151.jpg,0.68027496,genuine,1
dataset/clips/images\lva_passport\60\000265.jpg,lva_passport,60,000265.jpg,0.011962587,fake,0
dataset/clips/images\srb_passport\16\000373.jpg,srb_passport,16,000373.jpg,0.31949782,fake,0
dataset/clips/images\srb_passport\01\000049.jpg,srb_passport,01,000049.jpg,0.8059999,genuine,1
dataset/clips/images\alb_id\62\000235.jpg,alb_id,62,000235.jpg,0.05267499,fake,0
dataset/clips/images\esp_id\62\000253.jpg,esp_id,62,000253.jpg,0.25398892,fake,0
dataset/clips/images\rus_internalpassport\53\000325.jpg,rus_internalpassport,53,000325.jpg,0.3369797,fake,0
dataset/clips/images\esp_id\72\000289.jpg,esp_id,72,000289.jpg,0.68591243,genuine,1
dataset/clips/images\esp_id\58\000157.jpg,esp_id,58,000157.jpg,0.29343542,fake,0
dataset/clips/images\fin_id\99\000301.jpg,fin_id,99,000301.jpg,0.48751593,fake,0
dataset/clips/images\srb_passport\25\000067.jpg,srb_passport,25,000067.jpg,0.39782792,fake,0
dataset/clips/images\lva_passport\73\000187.jpg,lva_passport,73,000187.jpg,0.3182242,fake,0
dataset/clips/images\aze_passport\38\000259.jpg,aze_passport,38,000259.jpg,0.4768397,fake,0
dataset/clips/images\fin_id\03\000205.jpg,fin_id,03,000205.jpg,0.9784743,genuine,1
dataset/clips/images\lva_passport\39\000331.jpg,lva_passport,39,000331.jpg,0.7827436,genuine,1
dataset/clips/images\fin_id\37\000013.jpg,fin_id,37,000013.jpg,0.9159052,genuine,1
dataset/clips/images\esp_id\37\000133.jpg,esp_id,37,000133.jpg,0.8371274,genuine,1
dataset/clips/images\alb_id\52\000193.jpg,alb_id,52,000193.jpg,0.6113944,genuine,1
dataset/clips/images\rus_internalpassport\25\000157.jpg,rus_internalpassport,25,000157.jpg,0.5677229,genuine,1
dataset/clips/images\grc_passport\76\000385.jpg,grc_passport,76,000385.jpg,0.43924448,fake,0
dataset/clips/images\grc_passport\93\000283.jpg,grc_passport,93,000283.jpg,0.14045563,fake,0
dataset/clips/images\svk_id\67\000127.jpg,svk_id,67,000127.jpg,0.62668234,genuine,1
dataset/clips/images\srb_passport\01\000265.jpg,srb_passport,01,000265.jpg,0.7535577,genuine,1
dataset/clips/images\svk_id\49\000073.jpg,svk_id,49,000073.jpg,0.98199534,genuine,1
dataset/clips/images\lva_passport\76\000241.jpg,lva_passport,76,000241.jpg,0.41561654,fake,0
dataset/clips/images\alb_id\15\000379.jpg,alb_id,15,000379.jpg,0.94509554,genuine,1
dataset/clips/images\rus_internalpassport\96\000049.jpg,rus_internalpassport,96,000049.jpg,0.060051043,fake,0
dataset/clips/images\esp_id\08\000121.jpg,esp_id,08,000121.jpg,0.8068943,genuine,1
dataset/clips/images\grc_passport\09\000283.jpg,grc_passport,09,000283.jpg,0.94142896,genuine,1
dataset/clips/images\srb_passport\97\000145.jpg,srb_passport,97,000145.jpg,0.10080634,fake,0
dataset/clips/images\est_id\83\000463.jpg,est_id,83,000463.jpg,0.34497768,fake,0
dataset/clips/images\esp_id\82\000001.jpg,esp_id,82,000001.jpg,0.020206546,fake,0
dataset/clips/images\svk_id\75\000199.jpg,svk_id,75,000199.jpg,0.9539299,genuine,1
dataset/clips/images\lva_passport\15\000223.jpg,lva_passport,15,000223.jpg,0.7558927,genuine,1
dataset/clips/images\esp_id\61\000001.jpg,esp_id,61,000001.jpg,0.3820316,fake,0
dataset/clips/images\esp_id\12\000247.jpg,esp_id,12,000247.jpg,0.8061228,genuine,1
dataset/clips/images\aze_passport\68\000373.jpg,aze_passport,68,000373.jpg,0.05272246,fake,0
dataset/clips/images\est_id\74\000379.jpg,est_id,74,000379.jpg,0.45841148,fake,0
dataset/clips/images\esp_id\02\000175.jpg,esp_id,02,000175.jpg,0.9109979,genuine,1
dataset/clips/images\est_id\66\000313.jpg,est_id,66,000313.jpg,0.33202726,fake,0
dataset/clips/images\est_id\38\000373.jpg,est_id,38,000373.jpg,0.5390892,genuine,1
dataset/clips/images\alb_id\25\000259.jpg,alb_id,25,000259.jpg,0.17518802,fake,0
dataset/clips/images\rus_internalpassport\15\000109.jpg,rus_internalpassport,15,000109.jpg,0.6100522,genuine,1
dataset/clips/images\est_id\37\000259.jpg,est_id,37,000259.jpg,0.70054287,genuine,1
dataset/clips/images\esp_id\00\000337.jpg,esp_id,00,000337.jpg,0.9673373,genuine,1
dataset/clips/images\rus_internalpassport\51\000061.jpg,rus_internalpassport,51,000061.jpg,0.9222282,genuine,1
dataset/clips/images\srb_passport\86\000205.jpg,srb_passport,86,000205.jpg,0.06851303,fake,0
dataset/clips/images\rus_internalpassport\34\000283.jpg,rus_internalpassport,34,000283.jpg,0.80069613,genuine,1
dataset/clips/images\fin_id\11\000145.jpg,fin_id,11,000145.jpg,0.89645404,genuine,1
dataset/clips/images\lva_passport\44\000025.jpg,lva_passport,44,000025.jpg,0.80359113,genuine,1
dataset/clips/images\srb_passport\17\000331.jpg,srb_passport,17,000331.jpg,0.09723336,fake,0
dataset/clips/images\rus_internalpassport\71\000265.jpg,rus_internalpassport,71,000265.jpg,0.47823963,fake,0
dataset/clips/images\lva_passport\24\000283.jpg,lva_passport,24,000283.jpg,0.49509114,fake,0
dataset/clips/images\grc_passport\41\000097.jpg,grc_passport,41,000097.jpg,0.99532324,genuine,1
dataset/clips/images\lva_passport\77\000397.jpg,lva_passport,77,000397.jpg,0.5057704,genuine,1
dataset/clips/images\esp_id\68\000109.jpg,esp_id,68,000109.jpg,0.14779031,fake,0
dataset/clips/images\aze_passport\55\000307.jpg,aze_passport,55,000307.jpg,0.45562732,fake,0
dataset/clips/images\lva_passport\38\000073.jpg,lva_passport,38,000073.jpg,0.7921222,genuine,1
dataset/clips/images\alb_id\13\000307.jpg,alb_id,13,000307.jpg,0.42199197,fake,0
dataset/clips/images\est_id\24\000181.jpg,est_id,24,000181.jpg,0.5929092,genuine,1
dataset/clips/images\svk_id\52\000127.jpg,svk_id,52,000127.jpg,0.25578782,fake,0
dataset/clips/images\srb_passport\19\000241.jpg,srb_passport,19,000241.jpg,0.7646785,genuine,1
dataset/clips/images\esp_id\43\000289.jpg,esp_id,43,000289.jpg,0.030488905,fake,0
dataset/clips/images\srb_passport\36\000091.jpg,srb_passport,36,000091.jpg,0.8715273,genuine,1
dataset/clips/images\aze_passport\04\000097.jpg,aze_passport,04,000097.jpg,0.62680835,genuine,1
dataset/clips/images\aze_passport\68\000343.jpg,aze_passport,68,000343.jpg,0.031778157,fake,0
dataset/clips/images\fin_id\74\000031.jpg,fin_id,74,000031.jpg,0.23399867,fake,0
dataset/clips/images\svk_id\83\000469.jpg,svk_id,83,000469.jpg,0.8734467,genuine,1
dataset/clips/images\fin_id\18\000211.jpg,fin_id,18,000211.jpg,0.9538462,genuine,1
dataset/clips/images\svk_id\18\000241.jpg,svk_id,18,000241.jpg,0.963733,genuine,1
dataset/clips/images\srb_passport\29\000073.jpg,srb_passport,29,000073.jpg,0.041398052,fake,0
dataset/clips/images\alb_id\84\000289.jpg,alb_id,84,000289.jpg,0.2839577,fake,0
dataset/clips/images\lva_passport\05\000037.jpg,lva_passport,05,000037.jpg,0.49567893,fake,0
dataset/clips/images\lva_passport\28\000049.jpg,lva_passport,28,000049.jpg,0.33810937,fake,0
dataset/clips/images\lva_passport\19\000061.jpg,lva_passport,19,000061.jpg,0.7590707,genuine,1
dataset/clips/images\aze_passport\29\000283.jpg,aze_passport,29,000283.jpg,0.5109277,genuine,1
dataset/clips/images\lva_passport\85\000517.jpg,lva_passport,85,000517.jpg,0.44869208,fake,0
dataset/clips/images\svk_id\36\000343.jpg,svk_id,36,000343.jpg,0.44316587,fake,0
dataset/clips/images\lva_passport\01\000067.jpg,lva_passport,01,000067.jpg,0.8235476,genuine,1
dataset/clips/images\aze_passport\18\000337.jpg,aze_passport,18,000337.jpg,0.366194,fake,0
dataset/clips/images\esp_id\87\000025.jpg,esp_id,87,000025.jpg,0.67205715,genuine,1
dataset/clips/images\aze_passport\84\000265.jpg,aze_passport,84,000265.jpg,0.1116431,fake,0
dataset/clips/images\grc_passport\50\000241.jpg,grc_passport,50,000241.jpg,0.5592066,genuine,1
dataset/clips/images\srb_passport\12\000169.jpg,srb_passport,12,000169.jpg,0.14094359,fake,0
dataset/clips/images\alb_id\56\000037.jpg,alb_id,56,000037.jpg,0.61023617,genuine,1
dataset/clips/images\est_id\30\000229.jpg,est_id,30,000229.jpg,0.67302316,genuine,1
dataset/clips/images\alb_id\84\000187.jpg,alb_id,84,000187.jpg,0.4327749,fake,0
dataset/clips/images\lva_passport\15\000109.jpg,lva_passport,15,000109.jpg,0.7587371,genuine,1
dataset/clips/images\lva_passport\00\000247.jpg,lva_passport,00,000247.jpg,0.6421127,genuine,1
dataset/clips/images\lva_passport\79\000013.jpg,lva_passport,79,000013.jpg,0.26597762,fake,0
dataset/clips/images\srb_passport\02\000355.jpg,srb_passport,02,000355.jpg,0.91099966,genuine,1
dataset/clips/images\svk_id\66\000079.jpg,svk_id,66,000079.jpg,0.19583665,fake,0
dataset/clips/images\lva_passport\88\000049.jpg,lva_passport,88,000049.jpg,0.21719603,fake,0
dataset/clips/images\grc_passport\76\000157.jpg,grc_passport,76,000157.jpg,0.65242195,genuine,1
dataset/clips/images\aze_passport\46\000199.jpg,aze_passport,46,000199.jpg,0.41410962,fake,0
dataset/clips/images\lva_passport\32\000337.jpg,lva_passport,32,000337.jpg,0.71545774,genuine,1
dataset/clips/images\svk_id\18\000109.jpg,svk_id,18,000109.jpg,0.91945356,genuine,1
dataset/clips/images\lva_passport\73\000457.jpg,lva_passport,73,000457.jpg,0.42097923,fake,0
dataset/clips/images\aze_passport\80\000091.jpg,aze_passport,80,000091.jpg,0.7706819,genuine,1
dataset/clips/images\srb_passport\11\000007.jpg,srb_passport,11,000007.jpg,0.94050133,genuine,1
dataset/clips/images\alb_id\47\000175.jpg,alb_id,47,000175.jpg,0.15765615,fake,0
dataset/clips/images\svk_id\65\000097.jpg,svk_id,65,000097.jpg,0.085657425,fake,0
dataset/clips/images\svk_id\47\000109.jpg,svk_id,47,000109.jpg,0.57502705,genuine,1
dataset/clips/images\srb_passport\19\000283.jpg,srb_passport,19,000283.jpg,0.77902853,genuine,1
dataset/clips/images\lva_passport\34\000487.jpg,lva_passport,34,000487.jpg,0.5267632,genuine,1
dataset/clips/images\srb_passport\99\000385.jpg,srb_passport,99,000385.jpg,0.23005415,fake,0
dataset/clips/images\lva_passport\72\000181.jpg,lva_passport,72,000181.jpg,0.47199002,fake,0
dataset/clips/images\esp_id\08\000007.jpg,esp_id,08,000007.jpg,0.8926993,genuine,1
dataset/clips/images\fin_id\08\000283.jpg,fin_id,08,000283.jpg,0.75323534,genuine,1
dataset/clips/images\esp_id\29\000325.jpg,esp_id,29,000325.jpg,0.092722,fake,0
dataset/clips/images\esp_id\99\000163.jpg,esp_id,99,000163.jpg,0.6640649,genuine,1
dataset/clips/images\alb_id\47\000139.jpg,alb_id,47,000139.jpg,0.47889778,fake,0
dataset/clips/images\lva_passport\77\000631.jpg,lva_passport,77,000631.jpg,0.4818047,fake,0
dataset/clips/images\srb_passport\00\000505.jpg,srb_passport,00,000505.jpg,0.8111246,genuine,1
dataset/clips/images\aze_passport\08\000031.jpg,aze_passport,08,000031.jpg,0.80034417,genuine,1
dataset/clips/images\srb_passport\46\000127.jpg,srb_passport,46,000127.jpg,0.14778872,fake,0
dataset/clips/images\esp_id\87\000283.jpg,esp_id,87,000283.jpg,0.5200288,genuine,1
dataset/clips/images\aze_passport\35\000091.jpg,aze_passport,35,000091.jpg,0.56356287,genuine,1
dataset/clips/images\est_id\47\000241.jpg,est_id,47,000241.jpg,0.17672637,fake,0
dataset/clips/images\lva_passport\59\000331.jpg,lva_passport,59,000331.jpg,0.26794246,fake,0
dataset/clips/images\svk_id\79\000247.jpg,svk_id,79,000247.jpg,0.9371722,genuine,1
dataset/clips/images\est_id\17\000181.jpg,est_id,17,000181.jpg,0.78579557,genuine,1
dataset/clips/images\est_id\63\000361.jpg,est_id,63,000361.jpg,0.38903573,fake,0
dataset/clips/images\grc_passport\67\000199.jpg,grc_passport,67,000199.jpg,0.010144303,fake,0
dataset/clips/images\svk_id\33\000229.jpg,svk_id,33,000229.jpg,0.4064348,fake,0
dataset/clips/images\svk_id\68\000013.jpg,svk_id,68,000013.jpg,0.50999427,genuine,1
dataset/clips/images\lva_passport\87\000169.jpg,lva_passport,87,000169.jpg,0.70782924,genuine,1
dataset/clips/images\est_id\29\000355.jpg,est_id,29,000355.jpg,0.38264218,fake,0
dataset/clips/images\srb_passport\12\000349.jpg,srb_passport,12,000349.jpg,0.25161633,fake,0
dataset/clips/images\est_id\20\000127.jpg,est_id,20,000127.jpg,0.3267222,fake,0
dataset/clips/images\svk_id\06\000037.jpg,svk_id,06,000037.jpg,0.9266716,genuine,1
dataset/clips/images\fin_id\00\000001.jpg,fin_id,00,000001.jpg,0.7184429,genuine,1
dataset/clips/images\grc_passport\65\000319.jpg,grc_passport,65,000319.jpg,0.06969556,fake,0
dataset/clips/images\fin_id\71\000367.jpg,fin_id,71,000367.jpg,0.8229346,genuine,1
dataset/clips/images\lva_passport\71\000217.jpg,lva_passport,71,000217.jpg,0.46563837,fake,0
dataset/clips/images\grc_passport\39\000007.jpg,grc_passport,39,000007.jpg,0.3107893,fake,0
dataset/clips/images\fin_id\36\000019.jpg,fin_id,36,000019.jpg,0.8604678,genuine,1
dataset/clips/images\lva_passport\10\000247.jpg,lva_passport,10,000247.jpg,0.39773956,fake,0
dataset/clips/images\fin_id\59\000379.jpg,fin_id,59,000379.jpg,0.0148018375,fake,0
dataset/clips/images\fin_id\73\000061.jpg,fin_id,73,000061.jpg,0.59997237,genuine,1
dataset/clips/images\svk_id\74\000061.jpg,svk_id,74,000061.jpg,0.5763619,genuine,1
dataset/clips/images\esp_id\49\000355.jpg,esp_id,49,000355.jpg,0.09249635,fake,0
dataset/clips/images\grc_passport\73\000031.jpg,grc_passport,73,000031.jpg,0.29981813,fake,0
dataset/clips/images\est_id\80\000319.jpg,est_id,80,000319.jpg,0.06496584,fake,0
dataset/clips/images\alb_id\31\000013.jpg,alb_id,31,000013.jpg,0.68513435,genuine,1
dataset/clips/images\est_id\34\000301.jpg,est_id,34,000301.jpg,0.51106477,genuine,1
dataset/clips/images\rus_internalpassport\66\000373.jpg,rus_internalpassport,66,000373.jpg,0.96822834,genuine,1
dataset/clips/images\lva_passport\47\000007.jpg,lva_passport,47,000007.jpg,0.5790489,genuine,1
dataset/clips/images\aze_passport\12\000181.jpg,aze_passport,12,000181.jpg,0.7067182,genuine,1
dataset/clips/images\lva_passport\61\000019.jpg,lva_passport,61,000019.jpg,0.11741855,fake,0
dataset/clips/images\aze_passport\73\000019.jpg,aze_passport,73,000019.jpg,0.10417888,fake,0
dataset/clips/images\lva_passport\99\000061.jpg,lva_passport,99,000061.jpg,0.00925623,fake,0
dataset/clips/images\alb_id\39\000163.jpg,alb_id,39,000163.jpg,0.29227674,fake,0
dataset/clips/images\aze_passport\18\000253.jpg,aze_passport,18,000253.jpg,0.47421598,fake,0
dataset/clips/images\esp_id\34\000373.jpg,esp_id,34,000373.jpg,0.107390314,fake,0
dataset/clips/images\rus_internalpassport\12\000205.jpg,rus_internalpassport,12,000205.jpg,0.65119815,genuine,1
dataset/clips/images\lva_passport\82\000013.jpg,lva_passport,82,000013.jpg,0.15892331,fake,0
dataset/clips/images\svk_id\42\000109.jpg,svk_id,42,000109.jpg,0.95374167,genuine,1
dataset/clips/images\aze_passport\86\000115.jpg,aze_passport,86,000115.jpg,0.21843973,fake,0
dataset/clips/images\fin_id\59\000367.jpg,fin_id,59,000367.jpg,0.0064198365,fake,0
dataset/clips/images\aze_passport\61\000343.jpg,aze_passport,61,000343.jpg,0.061905477,fake,0
dataset/clips/images\est_id\64\000217.jpg,est_id,64,000217.jpg,0.34420598,fake,0
dataset/clips/images\fin_id\00\000115.jpg,fin_id,00,000115.jpg,0.75366014,genuine,1
dataset/clips/images\rus_internalpassport\07\000133.jpg,rus_internalpassport,07,000133.jpg,0.89602274,genuine,1
dataset/clips/images\rus_internalpassport\88\000055.jpg,rus_internalpassport,88,000055.jpg,0.723905,genuine,1
dataset/clips/images\esp_id\54\000169.jpg,esp_id,54,000169.jpg,0.7092173,genuine,1
dataset/clips/images\fin_id\10\000313.jpg,fin_id,10,000313.jpg,0.6910411,genuine,1
dataset/clips/images\lva_passport\28\000277.jpg,lva_passport,28,000277.jpg,0.5302528,genuine,1
dataset/clips/images\rus_internalpassport\63\000367.jpg,rus_internalpassport,63,000367.jpg,0.2971442,fake,0
dataset/clips/images\grc_passport\48\000109.jpg,grc_passport,48,000109.jpg,0.09446034,fake,0
dataset/clips/images\aze_passport\37\000295.jpg,aze_passport,37,000295.jpg,0.36913648,fake,0
dataset/clips/images\lva_passport\38\000109.jpg,lva_passport,38,000109.jpg,0.74529314,genuine,1
dataset/clips/images\est_id\41\000097.jpg,est_id,41,000097.jpg,0.96889335,genuine,1
dataset/clips/images\lva_passport\51\000127.jpg,lva_passport,51,000127.jpg,0.021051075,fake,0
dataset/clips/images\alb_id\54\000031.jpg,alb_id,54,000031.jpg,0.7441209,genuine,1
dataset/clips/images\svk_id\24\000133.jpg,svk_id,24,000133.jpg,0.4260264,fake,0
dataset/clips/images\lva_passport\51\000049.jpg,lva_passport,51,000049.jpg,0.035018623,fake,0
dataset/clips/images\alb_id\92\000553.jpg,alb_id,92,000553.jpg,0.2144203,fake,0
dataset/clips/images\est_id\74\000427.jpg,est_id,74,000427.jpg,0.7403954,genuine,1
dataset/clips/images\srb_passport\10\000433.jpg,srb_passport,10,000433.jpg,0.7255868,genuine,1
dataset/clips/images\rus_internalpassport\88\000037.jpg,rus_internalpassport,88,000037.jpg,0.62217605,genuine,1
dataset/clips/images\srb_passport\00\000421.jpg,srb_passport,00,000421.jpg,0.8545899,genuine,1
dataset/clips/images\grc_passport\94\000121.jpg,grc_passport,94,000121.jpg,0.05799429,fake,0
dataset/clips/images\est_id\14\000115.jpg,est_id,14,000115.jpg,0.72128135,genuine,1
dataset/clips/images\srb_passport\86\000517.jpg,srb_passport,86,000517.jpg,0.16840431,fake,0
dataset/clips/images\lva_passport\04\000175.jpg,lva_passport,04,000175.jpg,0.7696958,genuine,1
dataset/clips/images\lva_passport\03\000061.jpg,lva_passport,03,000061.jpg,0.5520134,genuine,1
dataset/clips/images\rus_internalpassport\99\000223.jpg,rus_internalpassport,99,000223.jpg,0.021071024,fake,0
dataset/clips/images\esp_id\98\000103.jpg,esp_id,98,000103.jpg,0.30100545,fake,0
dataset/clips/images\lva_passport\10\000061.jpg,lva_passport,10,000061.jpg,0.8684447,genuine,1
dataset/clips/images\svk_id\89\000031.jpg,svk_id,89,000031.jpg,0.63454133,genuine,1
dataset/clips/images\svk_id\32\000205.jpg,svk_id,32,000205.jpg,0.43060952,fake,0
dataset/clips/images\svk_id\91\000283.jpg,svk_id,91,000283.jpg,0.18965665,fake,0
dataset/clips/images\esp_id\95\000151.jpg,esp_id,95,000151.jpg,0.37657192,fake,0
dataset/clips/images\aze_passport\68\000139.jpg,aze_passport,68,000139.jpg,0.016800912,fake,0
dataset/clips/images\aze_passport\81\000169.jpg,aze_passport,81,000169.jpg,0.5800252,genuine,1
dataset/clips/images\grc_passport\10\000061.jpg,grc_passport,10,000061.jpg,0.79637927,genuine,1
dataset/clips/images\lva_passport\31\000241.jpg,lva_passport,31,000241.jpg,0.5595505,genuine,1
dataset/clips/images\lva_passport\14\000049.jpg,lva_passport,14,000049.jpg,0.52704805,genuine,1
dataset/clips/images\lva_passport\74\000487.jpg,lva_passport,74,000487.jpg,0.5885854,genuine,1
dataset/clips/images\aze_passport\21\000139.jpg,aze_passport,21,000139.jpg,0.3121932,fake,0
dataset/clips/images\aze_passport\00\000277.jpg,aze_passport,00,000277.jpg,0.36798194,fake,0
dataset/clips/images\rus_internalpassport\21\000289.jpg,rus_internalpassport,21,000289.jpg,0.16375937,fake,0
dataset/clips/images\fin_id\79\000247.jpg,fin_id,79,000247.jpg,0.7719813,genuine,1
dataset/clips/images\alb_id\92\000061.jpg,alb_id,92,000061.jpg,0.9251372,genuine,1
dataset/clips/images\svk_id\02\000115.jpg,svk_id,02,000115.jpg,0.9425364,genuine,1
dataset/clips/images\srb_passport\30\000295.jpg,srb_passport,30,000295.jpg,0.39120463,fake,0
dataset/clips/images\srb_passport\41\000163.jpg,srb_passport,41,000163.jpg,0.00073426747,fake,0
dataset/clips/images\grc_passport\08\000457.jpg,grc_passport,08,000457.jpg,0.8635875,genuine,1
dataset/clips/images\svk_id\66\000025.jpg,svk_id,66,000025.jpg,0.08077644,fake,0
dataset/clips/images\grc_passport\39\000307.jpg,grc_passport,39,000307.jpg,0.1456598,fake,0
dataset/clips/images\lva_passport\83\000199.jpg,lva_passport,83,000199.jpg,0.38152045,fake,0
dataset/clips/images\alb_id\03\000115.jpg,alb_id,03,000115.jpg,0.2898217,fake,0
dataset/clips/images\fin_id\43\000007.jpg,fin_id,43,000007.jpg,0.871698,genuine,1
dataset/clips/images\aze_passport\13\000319.jpg,aze_passport,13,000319.jpg,0.48256725,fake,0
dataset/clips/images\rus_internalpassport\99\000085.jpg,rus_internalpassport,99,000085.jpg,0.12670758,fake,0
dataset/clips/images\esp_id\04\000043.jpg,esp_id,04,000043.jpg,0.8641285,genuine,1
dataset/clips/images\lva_passport\20\000259.jpg,lva_passport,20,000259.jpg,0.5643222,genuine,1
dataset/clips/images\svk_id\76\000061.jpg,svk_id,76,000061.jpg,0.7396767,genuine,1
dataset/clips/images\rus_internalpassport\40\000007.jpg,rus_internalpassport,40,000007.jpg,0.58306956,genuine,1
dataset/clips/images\aze_passport\50\000043.jpg,aze_passport,50,000043.jpg,0.022733666,fake,0
dataset/clips/images\alb_id\78\000121.jpg,alb_id,78,000121.jpg,0.36549237,fake,0
dataset/clips/images\fin_id\58\000295.jpg,fin_id,58,000295.jpg,0.530207,genuine,1
dataset/clips/images\est_id\93\000061.jpg,est_id,93,000061.jpg,0.08521808,fake,0
dataset/clips/images\fin_id\70\000001.jpg,fin_id,70,000001.jpg,0.83745056,genuine,1
dataset/clips/images\est_id\42\000151.jpg,est_id,42,000151.jpg,0.09267544,fake,0
dataset/clips/images\esp_id\76\000199.jpg,esp_id,76,000199.jpg,0.22378881,fake,0
dataset/clips/images\srb_passport\92\000181.jpg,srb_passport,92,000181.jpg,0.22864096,fake,0
dataset/clips/images\srb_passport\98\000097.jpg,srb_passport,98,000097.jpg,0.15221778,fake,0
dataset/clips/images\aze_passport\68\000181.jpg,aze_passport,68,000181.jpg,0.05215135,fake,0
dataset/clips/images\srb_passport\91\000325.jpg,srb_passport,91,000325.jpg,0.062151063,fake,0
dataset/clips/images\est_id\00\000169.jpg,est_id,00,000169.jpg,0.27906162,fake,0
dataset/clips/images\svk_id\31\000103.jpg,svk_id,31,000103.jpg,0.08154216,fake,0
dataset/clips/images\svk_id\74\000391.jpg,svk_id,74,000391.jpg,0.9372862,genuine,1
dataset/clips/images\fin_id\22\000157.jpg,fin_id,22,000157.jpg,0.4076305,fake,0
dataset/clips/images\svk_id\34\000205.jpg,svk_id,34,000205.jpg,0.4283763,fake,0
dataset/clips/images\alb_id\10\000031.jpg,alb_id,10,000031.jpg,0.22205397,fake,0
dataset/clips/images\alb_id\59\000199.jpg,alb_id,59,000199.jpg,0.07377901,fake,0
dataset/clips/images\est_id\91\000241.jpg,est_id,91,000241.jpg,0.23153105,fake,0
dataset/clips/images\lva_passport\07\000349.jpg,lva_passport,07,000349.jpg,0.8092265,genuine,1
dataset/clips/images\srb_passport\18\000013.jpg,srb_passport,18,000013.jpg,0.71537256,genuine,1
dataset/clips/images\srb_passport\56\000181.jpg,srb_passport,56,000181.jpg,0.25630054,fake,0
dataset/clips/images\lva_passport\05\000115.jpg,lva_passport,05,000115.jpg,0.90700763,genuine,1
dataset/clips/images\srb_passport\95\000175.jpg,srb_passport,95,000175.jpg,0.6371399,genuine,1
dataset/clips/images\rus_internalpassport\97\000277.jpg,rus_internalpassport,97,000277.jpg,0.93745035,genuine,1
dataset/clips/images\fin_id\24\000271.jpg,fin_id,24,000271.jpg,0.25757927,fake,0
dataset/clips/images\rus_internalpassport\14\000031.jpg,rus_internalpassport,14,000031.jpg,0.69065046,genuine,1
dataset/clips/images\lva_passport\41\000001.jpg,lva_passport,41,000001.jpg,0.9984222,genuine,1
dataset/clips/images\rus_internalpassport\46\000211.jpg,rus_internalpassport,46,000211.jpg,0.38873312,fake,0
dataset/clips/images\rus_internalpassport\21\000175.jpg,rus_internalpassport,21,000175.jpg,0.5038947,genuine,1
dataset/clips/images\fin_id\87\000499.jpg,fin_id,87,000499.jpg,0.2923268,fake,0
dataset/clips/images\rus_internalpassport\86\000253.jpg,rus_internalpassport,86,000253.jpg,0.4268904,fake,0
dataset/clips/images\rus_internalpassport\14\000385.jpg,rus_internalpassport,14,000385.jpg,0.70796174,genuine,1
dataset/clips/images\grc_passport\40\000187.jpg,grc_passport,40,000187.jpg,0.624622,genuine,1
dataset/clips/images\esp_id\27\000049.jpg,esp_id,27,000049.jpg,0.65124345,genuine,1
dataset/clips/images\alb_id\37\000205.jpg,alb_id,37,000205.jpg,0.68844664,genuine,1
dataset/clips/images\lva_passport\20\000295.jpg,lva_passport,20,000295.jpg,0.31879213,fake,0
dataset/clips/images\est_id\72\000331.jpg,est_id,72,000331.jpg,0.744525,genuine,1
dataset/clips/images\esp_id\23\000289.jpg,esp_id,23,000289.jpg,0.4151165,fake,0
dataset/clips/images\lva_passport\75\000355.jpg,lva_passport,75,000355.jpg,0.5101553,genuine,1
dataset/clips/images\esp_id\68\000247.jpg,esp_id,68,000247.jpg,0.4696443,fake,0
dataset/clips/images\alb_id\60\000163.jpg,alb_id,60,000163.jpg,0.24728268,fake,0
dataset/clips/images\esp_id\69\000031.jpg,esp_id,69,000031.jpg,0.42552394,fake,0
dataset/clips/images\srb_passport\50\000409.jpg,srb_passport,50,000409.jpg,0.40094188,fake,0
dataset/clips/images\rus_internalpassport\08\000409.jpg,rus_internalpassport,08,000409.jpg,0.87645507,genuine,1
dataset/clips/images\srb_passport\15\000151.jpg,srb_passport,15,000151.jpg,0.88801,genuine,1
dataset/clips/images\esp_id\08\000391.jpg,esp_id,08,000391.jpg,0.9320254,genuine,1
dataset/clips/images\aze_passport\96\000085.jpg,aze_passport,96,000085.jpg,0.2387585,fake,0
dataset/clips/images\svk_id\18\000247.jpg,svk_id,18,000247.jpg,0.9431778,genuine,1
dataset/clips/images\lva_passport\89\000319.jpg,lva_passport,89,000319.jpg,0.44288686,fake,0
dataset/clips/images\alb_id\57\000049.jpg,alb_id,57,000049.jpg,0.49513683,fake,0
dataset/clips/images\grc_passport\72\000169.jpg,grc_passport,72,000169.jpg,0.011418184,fake,0
dataset/clips/images\rus_internalpassport\28\000283.jpg,rus_internalpassport,28,000283.jpg,0.55157816,genuine,1
dataset/clips/images\grc_passport\22\000103.jpg,grc_passport,22,000103.jpg,0.3298408,fake,0
dataset/clips/images\rus_internalpassport\84\000277.jpg,rus_internalpassport,84,000277.jpg,0.08998639,fake,0
dataset/clips/images\est_id\15\000169.jpg,est_id,15,000169.jpg,0.9168463,genuine,1
dataset/clips/images\alb_id\80\000193.jpg,alb_id,80,000193.jpg,0.0868731,fake,0
dataset/clips/images\aze_passport\12\000085.jpg,aze_passport,12,000085.jpg,0.74449676,genuine,1
dataset/clips/images\fin_id\65\000283.jpg,fin_id,65,000283.jpg,0.51651406,genuine,1
dataset/clips/images\alb_id\40\000229.jpg,alb_id,40,000229.jpg,0.38487378,fake,0
dataset/clips/images\est_id\75\000097.jpg,est_id,75,000097.jpg,0.6162565,genuine,1
dataset/clips/images\esp_id\14\000271.jpg,esp_id,14,000271.jpg,0.9085736,genuine,1
dataset/clips/images\grc_passport\94\000259.jpg,grc_passport,94,000259.jpg,0.118701056,fake,0
dataset/clips/images\esp_id\72\000013.jpg,esp_id,72,000013.jpg,0.55372703,genuine,1
dataset/clips/images\lva_passport\44\000301.jpg,lva_passport,44,000301.jpg,0.8567667,genuine,1
dataset/clips/images\grc_passport\43\000121.jpg,grc_passport,43,000121.jpg,0.088753186,fake,0
dataset/clips/images\srb_passport\20\000325.jpg,srb_passport,20,000325.jpg,0.56061864,genuine,1
dataset/clips/images\aze_passport\69\000277.jpg,aze_passport,69,000277.jpg,0.014814859,fake,0
dataset/clips/images\esp_id\33\000193.jpg,esp_id,33,000193.jpg,0.014101854,fake,0
dataset/clips/images\rus_internalpassport\32\000049.jpg,rus_internalpassport,32,000049.jpg,0.85618436,genuine,1
dataset/clips/images\fin_id\85\000169.jpg,fin_id,85,000169.jpg,0.8827218,genuine,1
dataset/clips/images\alb_id\89\000019.jpg,alb_id,89,000019.jpg,0.7680234,genuine,1
dataset/clips/images\srb_passport\75\000313.jpg,srb_passport,75,000313.jpg,0.7691957,genuine,1
dataset/clips/images\lva_passport\08\000265.jpg,lva_passport,08,000265.jpg,0.6232852,genuine,1
dataset/clips/images\fin_id\76\000103.jpg,fin_id,76,000103.jpg,0.062236615,fake,0
dataset/clips/images\grc_passport\82\000271.jpg,grc_passport,82,000271.jpg,0.26689616,fake,0
dataset/clips/images\svk_id\98\000301.jpg,svk_id,98,000301.jpg,0.116117164,fake,0
dataset/clips/images\grc_passport\37\000055.jpg,grc_passport,37,000055.jpg,0.5045092,genuine,1
dataset/clips/images\rus_internalpassport\13\000313.jpg,rus_internalpassport,13,000313.jpg,0.836099,genuine,1
dataset/clips/images\aze_passport\84\000355.jpg,aze_passport,84,000355.jpg,0.59564024,genuine,1
dataset/clips/images\grc_passport\71\000325.jpg,grc_passport,71,000325.jpg,0.26302528,fake,0
dataset/clips/images\grc_passport\15\000109.jpg,grc_passport,15,000109.jpg,0.48440808,fake,0
dataset/clips/images\lva_passport\87\000283.jpg,lva_passport,87,000283.jpg,0.8717754,genuine,1
dataset/clips/images\svk_id\32\000109.jpg,svk_id,32,000109.jpg,0.59719294,genuine,1
dataset/clips/images\esp_id\05\000205.jpg,esp_id,05,000205.jpg,0.904048,genuine,1
dataset/clips/images\srb_passport\25\000205.jpg,srb_passport,25,000205.jpg,0.094442144,fake,0
dataset/clips/images\est_id\18\000271.jpg,est_id,18,000271.jpg,0.86259663,genuine,1
dataset/clips/images\fin_id\71\000097.jpg,fin_id,71,000097.jpg,0.60775,genuine,1
dataset/clips/images\rus_internalpassport\51\000589.jpg,rus_internalpassport,51,000589.jpg,0.744737,genuine,1
dataset/clips/images\grc_passport\02\000403.jpg,grc_passport,02,000403.jpg,0.54769015,genuine,1
dataset/clips/images\alb_id\80\000259.jpg,alb_id,80,000259.jpg,0.12698346,fake,0
dataset/clips/images\fin_id\67\000061.jpg,fin_id,67,000061.jpg,0.1081712,fake,0
dataset/clips/images\svk_id\42\000181.jpg,svk_id,42,000181.jpg,0.9416495,genuine,1
dataset/clips/images\svk_id\82\000253.jpg,svk_id,82,000253.jpg,0.32125527,fake,0
dataset/clips/images\svk_id\75\000223.jpg,svk_id,75,000223.jpg,0.91102064,genuine,1
dataset/clips/images\fin_id\20\000103.jpg,fin_id,20,000103.jpg,0.4201141,fake,0
dataset/clips/images\aze_passport\77\000163.jpg,aze_passport,77,000163.jpg,0.9657524,genuine,1
dataset/clips/images\srb_passport\21\000181.jpg,srb_passport,21,000181.jpg,0.17355429,fake,0
dataset/clips/images\grc_passport\29\000283.jpg,grc_passport,29,000283.jpg,0.1790521,fake,0
dataset/clips/images\aze_passport\51\000067.jpg,aze_passport,51,000067.jpg,0.3513148,fake,0
dataset/clips/images\aze_passport\02\000163.jpg,aze_passport,02,000163.jpg,0.87418854,genuine,1
dataset/clips/images\rus_internalpassport\32\000253.jpg,rus_internalpassport,32,000253.jpg,0.46819827,fake,0
dataset/clips/images\grc_passport\52\000091.jpg,grc_passport,52,000091.jpg,0.16257927,fake,0
dataset/clips/images\svk_id\72\000337.jpg,svk_id,72,000337.jpg,0.5283445,genuine,1
dataset/clips/images\fin_id\89\000037.jpg,fin_id,89,000037.jpg,0.5865332,genuine,1
dataset/clips/images\grc_passport\80\000223.jpg,grc_passport,80,000223.jpg,0.60046464,genuine,1
dataset/clips/images\grc_passport\00\000091.jpg,grc_passport,00,000091.jpg,0.390425,fake,0
dataset/clips/images\aze_passport\48\000199.jpg,aze_passport,48,000199.jpg,0.01679376,fake,0
dataset/clips/images\lva_passport\76\000433.jpg,lva_passport,76,000433.jpg,0.71253407,genuine,1
dataset/clips/images\rus_internalpassport\72\000469.jpg,rus_internalpassport,72,000469.jpg,0.27166864,fake,0
dataset/clips/images\grc_passport\43\000217.jpg,grc_passport,43,000217.jpg,0.009738601,fake,0
dataset/clips/images\alb_id\85\000199.jpg,alb_id,85,000199.jpg,0.13326459,fake,0
dataset/clips/images\alb_id\73\000223.jpg,alb_id,73,000223.jpg,0.72074986,genuine,1
dataset/clips/images\est_id\33\000025.jpg,est_id,33,000025.jpg,0.55776966,genuine,1
dataset/clips/images\grc_passport\61\000391.jpg,grc_passport,61,000391.jpg,0.61946416,genuine,1
dataset/clips/images\grc_passport\37\000211.jpg,grc_passport,37,000211.jpg,0.2031384,fake,0
dataset/clips/images\alb_id\28\000199.jpg,alb_id,28,000199.jpg,0.42514807,fake,0
dataset/clips/images\est_id\39\000331.jpg,est_id,39,000331.jpg,0.4258195,fake,0
dataset/clips/images\grc_passport\43\000289.jpg,grc_passport,43,000289.jpg,0.007872393,fake,0
dataset/clips/images\aze_passport\87\000319.jpg,aze_passport,87,000319.jpg,0.016029878,fake,0
dataset/clips/images\aze_passport\92\000385.jpg,aze_passport,92,000385.jpg,0.09897913,fake,0
dataset/clips/images\fin_id\99\000067.jpg,fin_id,99,000067.jpg,0.03977201,fake,0
dataset/clips/images\fin_id\97\000247.jpg,fin_id,97,000247.jpg,0.8359853,genuine,1
dataset/clips/images\grc_passport\11\000211.jpg,grc_passport,11,000211.jpg,0.5983703,genuine,1
dataset/clips/images\fin_id\82\000085.jpg,fin_id,82,000085.jpg,0.66589224,genuine,1
dataset/clips/images\fin_id\21\000229.jpg,fin_id,21,000229.jpg,0.4573282,fake,0
dataset/clips/images\srb_passport\42\000223.jpg,srb_passport,42,000223.jpg,0.35348153,fake,0
dataset/clips/images\est_id\62\000127.jpg,est_id,62,000127.jpg,0.3508742,fake,0
dataset/clips/images\esp_id\11\000151.jpg,esp_id,11,000151.jpg,0.77944285,genuine,1
dataset/clips/images\alb_id\26\000187.jpg,alb_id,26,000187.jpg,0.2740527,fake,0
dataset/clips/images\est_id\42\000079.jpg,est_id,42,000079.jpg,0.18921494,fake,0
dataset/clips/images\svk_id\48\000421.jpg,svk_id,48,000421.jpg,0.08801618,fake,0
dataset/clips/images\fin_id\25\000139.jpg,fin_id,25,000139.jpg,0.25007027,fake,0
dataset/clips/images\rus_internalpassport\70\000493.jpg,rus_internalpassport,70,000493.jpg,0.6923759,genuine,1
dataset/clips/images\grc_passport\63\000061.jpg,grc_passport,63,000061.jpg,0.1487395,fake,0
dataset/clips/images\lva_passport\95\000295.jpg,lva_passport,95,000295.jpg,0.6323095,genuine,1
dataset/clips/images\esp_id\87\000427.jpg,esp_id,87,000427.jpg,0.50968045,genuine,1
dataset/clips/images\alb_id\48\000265.jpg,alb_id,48,000265.jpg,0.82997656,genuine,1
dataset/clips/images\svk_id\30\000289.jpg,svk_id,30,000289.jpg,0.35820532,fake,0
dataset/clips/images\srb_passport\46\000061.jpg,srb_passport,46,000061.jpg,0.27494705,fake,0
dataset/clips/images\alb_id\63\000127.jpg,alb_id,63,000127.jpg,0.18148986,fake,0
dataset/clips/images\grc_passport\62\000193.jpg,grc_passport,62,000193.jpg,0.07396945,fake,0
dataset/clips/images\fin_id\99\000205.jpg,fin_id,99,000205.jpg,0.7202368,genuine,1
dataset/clips/images\srb_passport\30\000235.jpg,srb_passport,30,000235.jpg,0.52237654,genuine,1
dataset/clips/images\est_id\93\000079.jpg,est_id,93,000079.jpg,0.2092683,fake,0
dataset/clips/images\esp_id\90\000247.jpg,esp_id,90,000247.jpg,0.9439307,genuine,1
dataset/clips/images\grc_passport\73\000139.jpg,grc_passport,73,000139.jpg,0.4037051,fake,0
dataset/clips/images\rus_internalpassport\40\000133.jpg,rus_internalpassport,40,000133.jpg,0.98081446,genuine,1
dataset/clips/images\fin_id\79\000121.jpg,fin_id,79,000121.jpg,0.67497385,genuine,1
dataset/clips/images\est_id\12\000235.jpg,est_id,12,000235.jpg,0.83169144,genuine,1
dataset/clips/images\lva_passport\82\000007.jpg,lva_passport,82,000007.jpg,0.20223548,fake,0
dataset/clips/images\fin_id\71\000541.jpg,fin_id,71,000541.jpg,0.6227182,genuine,1
dataset/clips/images\fin_id\35\000271.jpg,fin_id,35,000271.jpg,0.82673514,genuine,1
dataset/clips/images\est_id\12\000121.jpg,est_id,12,000121.jpg,0.79923797,genuine,1
dataset/clips/images\alb_id\79\000223.jpg,alb_id,79,000223.jpg,0.3352551,fake,0
dataset/clips/images\grc_passport\80\000427.jpg,grc_passport,80,000427.jpg,0.5064893,genuine,1
dataset/clips/images\alb_id\26\000235.jpg,alb_id,26,000235.jpg,0.16796342,fake,0
dataset/clips/images\esp_id\71\000367.jpg,esp_id,71,000367.jpg,0.21397379,fake,0
dataset/clips/images\svk_id\72\000199.jpg,svk_id,72,000199.jpg,0.73354924,genuine,1
dataset/clips/images\est_id\01\000127.jpg,est_id,01,000127.jpg,0.531676,genuine,1
dataset/clips/images\esp_id\86\000337.jpg,esp_id,86,000337.jpg,0.32614213,fake,0
dataset/clips/images\esp_id\74\000517.jpg,esp_id,74,000517.jpg,0.47143573,fake,0
dataset/clips/images\lva_passport\63\000121.jpg,lva_passport,63,000121.jpg,0.048306677,fake,0
dataset/clips/images\svk_id\16\000325.jpg,svk_id,16,000325.jpg,0.97689205,genuine,1
dataset/clips/images\grc_passport\65\000121.jpg,grc_passport,65,000121.jpg,0.017635299,fake,0
dataset/clips/images\grc_passport\45\000277.jpg,grc_passport,45,000277.jpg,0.027407859,fake,0
dataset/clips/images\alb_id\20\000037.jpg,alb_id,20,000037.jpg,0.068895355,fake,0
dataset/clips/images\alb_id\72\000151.jpg,alb_id,72,000151.jpg,0.45502606,fake,0
dataset/clips/images\srb_passport\70\000553.jpg,srb_passport,70,000553.jpg,0.5569841,genuine,1
dataset/clips/images\srb_passport\53\000307.jpg,srb_passport,53,000307.jpg,0.1018907,fake,0
dataset/clips/images\alb_id\13\000289.jpg,alb_id,13,000289.jpg,0.7159075,genuine,1
dataset/clips/images\svk_id\87\000361.jpg,svk_id,87,000361.jpg,0.92671096,genuine,1
dataset/clips/images\rus_internalpassport\84\000343.jpg,rus_internalpassport,84,000343.jpg,0.008853353,fake,0
dataset/clips/images\fin_id\31\000109.jpg,fin_id,31,000109.jpg,0.5074254,genuine,1
dataset/clips/images\aze_passport\72\000337.jpg,aze_passport,72,000337.jpg,0.7206405,genuine,1
dataset/clips/images\grc_passport\71\000331.jpg,grc_passport,71,000331.jpg,0.44589633,fake,0
dataset/clips/images\srb_passport\44\000361.jpg,srb_passport,44,000361.jpg,0.88266593,genuine,1
dataset/clips/images\grc_passport\82\000439.jpg,grc_passport,82,000439.jpg,0.059585337,fake,0
dataset/clips/images\est_id\22\000295.jpg,est_id,22,000295.jpg,0.82423675,genuine,1
dataset/clips/images\rus_internalpassport\45\000355.jpg,rus_internalpassport,45,000355.jpg,0.93240696,genuine,1
dataset/clips/images\srb_passport\41\000019.jpg,srb_passport,41,000019.jpg,0.24605079,fake,0
dataset/clips/images\grc_passport\15\000103.jpg,grc_passport,15,000103.jpg,0.44717187,fake,0
dataset/clips/images\fin_id\88\000025.jpg,fin_id,88,000025.jpg,0.93208134,genuine,1
dataset/clips/images\alb_id\10\000169.jpg,alb_id,10,000169.jpg,0.27966774,fake,0
dataset/clips/images\rus_internalpassport\62\000019.jpg,rus_internalpassport,62,000019.jpg,0.5621376,genuine,1
dataset/clips/images\srb_passport\38\000043.jpg,srb_passport,38,000043.jpg,0.78657514,genuine,1
dataset/clips/images\rus_internalpassport\10\000361.jpg,rus_internalpassport,10,000361.jpg,0.8029833,genuine,1
dataset/clips/images\rus_internalpassport\66\000013.jpg,rus_internalpassport,66,000013.jpg,0.89905614,genuine,1
dataset/clips/images\est_id\71\000163.jpg,est_id,71,000163.jpg,0.32705238,fake,0
dataset/clips/images\aze_passport\10\000373.jpg,aze_passport,10,000373.jpg,0.82742643,genuine,1
dataset/clips/images\srb_passport\99\000343.jpg,srb_passport,99,000343.jpg,0.16174504,fake,0
dataset/clips/images\grc_passport\25\000415.jpg,grc_passport,25,000415.jpg,0.17492655,fake,0
dataset/clips/images\srb_passport\27\000325.jpg,srb_passport,27,000325.jpg,0.18539807,fake,0
dataset/clips/images\srb_passport\58\000043.jpg,srb_passport,58,000043.jpg,0.15518063,fake,0
dataset/clips/images\fin_id\69\000061.jpg,fin_id,69,000061.jpg,0.2120056,fake,0
dataset/clips/images\rus_internalpassport\50\000019.jpg,rus_internalpassport,50,000019.jpg,0.8930721,genuine,1
dataset/clips/images\alb_id\53\000271.jpg,alb_id,53,000271.jpg,0.93017906,genuine,1
dataset/clips/images\est_id\51\000361.jpg,est_id,51,000361.jpg,0.059005234,fake,0
dataset/clips/images\grc_passport\79\000247.jpg,grc_passport,79,000247.jpg,0.28785512,fake,0
dataset/clips/images\svk_id\24\000193.jpg,svk_id,24,000193.jpg,0.9183816,genuine,1
dataset/clips/images\est_id\93\000103.jpg,est_id,93,000103.jpg,0.0072347196,fake,0
dataset/clips/images\svk_id\18\000451.jpg,svk_id,18,000451.jpg,0.5001894,genuine,1
dataset/clips/images\est_id\14\000343.jpg,est_id,14,000343.jpg,0.6060239,genuine,1
dataset/clips/images\est_id\38\000265.jpg,est_id,38,000265.jpg,0.74608004,genuine,1
dataset/clips/images\alb_id\03\000361.jpg,alb_id,03,000361.jpg,0.6002367,genuine,1
dataset/clips/images\svk_id\53\000073.jpg,svk_id,53,000073.jpg,0.2725499,fake,0
dataset/clips/images\srb_passport\53\000097.jpg,srb_passport,53,000097.jpg,0.058805384,fake,0
dataset/clips/images\esp_id\12\000223.jpg,esp_id,12,000223.jpg,0.7813554,genuine,1
dataset/clips/images\est_id\60\000313.jpg,est_id,60,000313.jpg,0.12999244,fake,0
dataset/clips/images\fin_id\22\000223.jpg,fin_id,22,000223.jpg,0.25013548,fake,0
dataset/clips/images\alb_id\44\000049.jpg,alb_id,44,000049.jpg,0.77727807,genuine,1
dataset/clips/images\est_id\20\000001.jpg,est_id,20,000001.jpg,0.12851177,fake,0
dataset/clips/images\est_id\82\000049.jpg,est_id,82,000049.jpg,0.8427408,genuine,1
dataset/clips/images\esp_id\07\000319.jpg,esp_id,07,000319.jpg,0.89984155,genuine,1
dataset/clips/images\lva_passport\68\000205.jpg,lva_passport,68,000205.jpg,0.023466498,fake,0
dataset/clips/images\srb_passport\89\000031.jpg,srb_passport,89,000031.jpg,0.06279298,fake,0
dataset/clips/images\est_id\64\000007.jpg,est_id,64,000007.jpg,0.38935724,fake,0
dataset/clips/images\aze_passport\95\000373.jpg,aze_passport,95,000373.jpg,0.2071583,fake,0
dataset/clips/images\aze_passport\40\000043.jpg,aze_passport,40,000043.jpg,0.7865016,genuine,1
dataset/clips/images\srb_passport\15\000103.jpg,srb_passport,15,000103.jpg,0.8636644,genuine,1
dataset/clips/images\rus_internalpassport\85\000049.jpg,rus_internalpassport,85,000049.jpg,0.8413441,genuine,1
dataset/clips/images\rus_internalpassport\54\000067.jpg,rus_internalpassport,54,000067.jpg,0.63854873,genuine,1
dataset/clips/images\est_id\17\000115.jpg,est_id,17,000115.jpg,0.7329914,genuine,1
dataset/clips/images\grc_passport\06\000391.jpg,grc_passport,06,000391.jpg,0.8609693,genuine,1
dataset/clips/images\esp_id\67\000097.jpg,esp_id,67,000097.jpg,0.2079673,fake,0
dataset/clips/images\esp_id\40\000187.jpg,esp_id,40,000187.jpg,0.87225586,genuine,1
dataset/clips/images\rus_internalpassport\45\000001.jpg,rus_internalpassport,45,000001.jpg,0.8230998,genuine,1
dataset/clips/images\rus_internalpassport\67\000145.jpg,rus_internalpassport,67,000145.jpg,0.69726735,genuine,1
dataset/clips/images\svk_id\05\000085.jpg,svk_id,05,000085.jpg,0.9954648,genuine,1
dataset/clips/images\lva_passport\82\000061.jpg,lva_passport,82,000061.jpg,0.41788208,fake,0
dataset/clips/images\rus_internalpassport\60\000283.jpg,rus_internalpassport,60,000283.jpg,0.20782512,fake,0
dataset/clips/images\srb_passport\62\000043.jpg,srb_passport,62,000043.jpg,0.08182937,fake,0
dataset/clips/images\est_id\30\000301.jpg,est_id,30,000301.jpg,0.58675927,genuine,1
dataset/clips/images\rus_internalpassport\67\000241.jpg,rus_internalpassport,67,000241.jpg,0.53583455,genuine,1
dataset/clips/images\svk_id\94\000061.jpg,svk_id,94,000061.jpg,0.7544442,genuine,1
dataset/clips/images\srb_passport\97\000211.jpg,srb_passport,97,000211.jpg,0.3292686,fake,0
dataset/clips/images\aze_passport\27\000139.jpg,aze_passport,27,000139.jpg,0.013718511,fake,0
dataset/clips/images\aze_passport\62\000169.jpg,aze_passport,62,000169.jpg,0.014641741,fake,0
dataset/clips/images\svk_id\89\000061.jpg,svk_id,89,000061.jpg,0.60455394,genuine,1
dataset/clips/images\grc_passport\80\000031.jpg,grc_passport,80,000031.jpg,0.5030991,genuine,1
dataset/clips/images\svk_id\57\000091.jpg,svk_id,57,000091.jpg,0.26838642,fake,0
dataset/clips/images\lva_passport\98\000157.jpg,lva_passport,98,000157.jpg,0.3583281,fake,0
dataset/clips/images\aze_passport\90\000265.jpg,aze_passport,90,000265.jpg,0.32890117,fake,0
dataset/clips/images\svk_id\26\000205.jpg,svk_id,26,000205.jpg,0.869174,genuine,1
dataset/clips/images\esp_id\38\000109.jpg,esp_id,38,000109.jpg,0.7699152,genuine,1
dataset/clips/images\est_id\75\000403.jpg,est_id,75,000403.jpg,0.8632191,genuine,1
dataset/clips/images\alb_id\06\000031.jpg,alb_id,06,000031.jpg,0.46224046,fake,0
dataset/clips/images\lva_passport\70\000277.jpg,lva_passport,70,000277.jpg,0.29083034,fake,0
dataset/clips/images\est_id\80\000373.jpg,est_id,80,000373.jpg,0.07623686,fake,0
dataset/clips/images\est_id\88\000427.jpg,est_id,88,000427.jpg,0.3719976,fake,0
dataset/clips/images\fin_id\72\000295.jpg,fin_id,72,000295.jpg,0.13318564,fake,0
dataset/clips/images\est_id\81\000403.jpg,est_id,81,000403.jpg,0.58116126,genuine,1
dataset/clips/images\alb_id\32\000271.jpg,alb_id,32,000271.jpg,0.6165146,genuine,1
dataset/clips/images\grc_passport\65\000127.jpg,grc_passport,65,000127.jpg,0.042741966,fake,0
dataset/clips/images\grc_passport\73\000073.jpg,grc_passport,73,000073.jpg,0.1960975,fake,0
dataset/clips/images\rus_internalpassport\88\000247.jpg,rus_internalpassport,88,000247.jpg,0.68083334,genuine,1
dataset/clips/images\alb_id\23\000175.jpg,alb_id,23,000175.jpg,0.4943977,fake,0
dataset/clips/images\lva_passport\62\000121.jpg,lva_passport,62,000121.jpg,0.00789364,fake,0
dataset/clips/images\srb_passport\00\000145.jpg,srb_passport,00,000145.jpg,0.882543,genuine,1
dataset/clips/images\rus_internalpassport\36\000115.jpg,rus_internalpassport,36,000115.jpg,0.37003365,fake,0
dataset/clips/images\est_id\86\000061.jpg,est_id,86,000061.jpg,0.16993032,fake,0
dataset/clips/images\esp_id\66\000001.jpg,esp_id,66,000001.jpg,0.15837425,fake,0
dataset/clips/images\svk_id\65\000241.jpg,svk_id,65,000241.jpg,0.52018785,genuine,1
dataset/clips/images\aze_passport\75\000337.jpg,aze_passport,75,000337.jpg,0.75065017,genuine,1
dataset/clips/images\svk_id\59\000139.jpg,svk_id,59,000139.jpg,0.39039588,fake,0
dataset/clips/images\svk_id\86\000127.jpg,svk_id,86,000127.jpg,0.66908073,genuine,1
dataset/clips/images\aze_passport\80\000133.jpg,aze_passport,80,000133.jpg,0.95157266,genuine,1
dataset/clips/images\grc_passport\44\000241.jpg,grc_passport,44,000241.jpg,0.18175295,fake,0
dataset/clips/images\aze_passport\93\000343.jpg,aze_passport,93,000343.jpg,0.44565606,fake,0
dataset/clips/images\aze_passport\98\000283.jpg,aze_passport,98,000283.jpg,0.41010296,fake,0
dataset/clips/images\est_id\30\000115.jpg,est_id,30,000115.jpg,0.52410054,genuine,1
dataset/clips/images\fin_id\07\000205.jpg,fin_id,07,000205.jpg,0.9447259,genuine,1
dataset/clips/images\alb_id\50\000001.jpg,alb_id,50,000001.jpg,0.5352378,genuine,1
dataset/clips/images\esp_id\85\000043.jpg,esp_id,85,000043.jpg,0.3110447,fake,0
dataset/clips/images\fin_id\17\000247.jpg,fin_id,17,000247.jpg,0.8771929,genuine,1
dataset/clips/images\fin_id\16\000001.jpg,fin_id,16,000001.jpg,0.6594744,genuine,1
dataset/clips/images\est_id\79\000097.jpg,est_id,79,000097.jpg,0.3442428,fake,0
dataset/clips/images\fin_id\19\000031.jpg,fin_id,19,000031.jpg,0.6740787,genuine,1
dataset/clips/images\lva_passport\92\000403.jpg,lva_passport,92,000403.jpg,0.124033,fake,0
dataset/clips/images\grc_passport\22\000283.jpg,grc_passport,22,000283.jpg,0.6431593,genuine,1
dataset/clips/images\svk_id\86\000385.jpg,svk_id,86,000385.jpg,0.52171886,genuine,1
dataset/clips/images\grc_passport\41\000043.jpg,grc_passport,41,000043.jpg,0.9899658,genuine,1
dataset/clips/images\svk_id\96\000019.jpg,svk_id,96,000019.jpg,0.31641427,fake,0
dataset/clips/images\svk_id\23\000079.jpg,svk_id,23,000079.jpg,0.92309016,genuine,1
dataset/clips/images\aze_passport\78\000025.jpg,aze_passport,78,000025.jpg,0.9059772,genuine,1
dataset/clips/images\srb_passport\62\000313.jpg,srb_passport,62,000313.jpg,0.12557945,fake,0
dataset/clips/images\fin_id\63\000301.jpg,fin_id,63,000301.jpg,0.33743092,fake,0
dataset/clips/images\rus_internalpassport\63\000079.jpg,rus_internalpassport,63,000079.jpg,0.110468335,fake,0
dataset/clips/images\lva_passport\81\000163.jpg,lva_passport,81,000163.jpg,0.3934288,fake,0
dataset/clips/images\esp_id\12\000367.jpg,esp_id,12,000367.jpg,0.9045762,genuine,1
dataset/clips/images\est_id\85\000271.jpg,est_id,85,000271.jpg,0.32599756,fake,0
dataset/clips/images\lva_passport\50\000229.jpg,lva_passport,50,000229.jpg,0.3208811,fake,0
dataset/clips/images\lva_passport\50\000385.jpg,lva_passport,50,000385.jpg,0.7513229,genuine,1
dataset/clips/images\grc_passport\03\000409.jpg,grc_passport,03,000409.jpg,0.6785424,genuine,1
dataset/clips/images\grc_passport\85\000223.jpg,grc_passport,85,000223.jpg,0.048367582,fake,0
dataset/clips/images\alb_id\72\000301.jpg,alb_id,72,000301.jpg,0.6071646,genuine,1
dataset/clips/images\aze_passport\40\000145.jpg,aze_passport,40,000145.jpg,0.8867427,genuine,1
dataset/clips/images\rus_internalpassport\87\000301.jpg,rus_internalpassport,87,000301.jpg,0.74742186,genuine,1
dataset/clips/images\srb_passport\77\000493.jpg,srb_passport,77,000493.jpg,0.51646125,genuine,1
dataset/clips/images\srb_passport\41\000343.jpg,srb_passport,41,000343.jpg,0.38288844,fake,0
dataset/clips/images\lva_passport\94\000445.jpg,lva_passport,94,000445.jpg,0.43687084,fake,0
dataset/clips/images\lva_passport\29\000187.jpg,lva_passport,29,000187.jpg,0.22225487,fake,0
dataset/clips/images\srb_passport\73\000487.jpg,srb_passport,73,000487.jpg,0.47164312,fake,0
dataset/clips/images\srb_passport\34\000175.jpg,srb_passport,34,000175.jpg,0.41306904,fake,0
dataset/clips/images\srb_passport\33\000181.jpg,srb_passport,33,000181.jpg,0.79764587,genuine,1
dataset/clips/images\esp_id\52\000109.jpg,esp_id,52,000109.jpg,0.8499329,genuine,1
dataset/clips/images\lva_passport\77\000187.jpg,lva_passport,77,000187.jpg,0.33916852,fake,0
dataset/clips/images\grc_passport\64\000283.jpg,grc_passport,64,000283.jpg,0.18470511,fake,0
dataset/clips/images\lva_passport\94\000091.jpg,lva_passport,94,000091.jpg,0.7581148,genuine,1
dataset/clips/images\alb_id\95\000283.jpg,alb_id,95,000283.jpg,0.390306,fake,0
dataset/clips/images\aze_passport\04\000121.jpg,aze_passport,04,000121.jpg,0.7377241,genuine,1
dataset/clips/images\rus_internalpassport\04\000187.jpg,rus_internalpassport,04,000187.jpg,0.8976756,genuine,1
dataset/clips/images\esp_id\93\000109.jpg,esp_id,93,000109.jpg,0.21460325,fake,0
dataset/clips/images\srb_passport\82\000169.jpg,srb_passport,82,000169.jpg,0.44071072,fake,0
dataset/clips/images\srb_passport\55\000121.jpg,srb_passport,55,000121.jpg,0.11630053,fake,0
dataset/clips/images\fin_id\86\000007.jpg,fin_id,86,000007.jpg,0.6609073,genuine,1
dataset/clips/images\srb_passport\48\000229.jpg,srb_passport,48,000229.jpg,0.19061539,fake,0
dataset/clips/images\aze_passport\12\000325.jpg,aze_passport,12,000325.jpg,0.6100424,genuine,1
dataset/clips/images\aze_passport\24\000271.jpg,aze_passport,24,000271.jpg,0.46142602,fake,0
dataset/clips/images\lva_passport\45\000385.jpg,lva_passport,45,000385.jpg,0.51399195,genuine,1
dataset/clips/images\rus_internalpassport\61\000031.jpg,rus_internalpassport,61,000031.jpg,0.909483,genuine,1
dataset/clips/images\srb_passport\66\000253.jpg,srb_passport,66,000253.jpg,0.11923638,fake,0
dataset/clips/images\alb_id\12\000355.jpg,alb_id,12,000355.jpg,0.91416633,genuine,1
dataset/clips/images\srb_passport\42\000145.jpg,srb_passport,42,000145.jpg,0.3171289,fake,0
dataset/clips/images\grc_passport\65\000037.jpg,grc_passport,65,000037.jpg,0.0068826885,fake,0
dataset/clips/images\est_id\55\000103.jpg,est_id,55,000103.jpg,0.67847276,genuine,1
dataset/clips/images\srb_passport\76\000247.jpg,srb_passport,76,000247.jpg,0.6143813,genuine,1
dataset/clips/images\rus_internalpassport\76\000001.jpg,rus_internalpassport,76,000001.jpg,0.46521187,fake,0
dataset/clips/images\rus_internalpassport\39\000169.jpg,rus_internalpassport,39,000169.jpg,0.61825347,genuine,1
dataset/clips/images\rus_internalpassport\20\000289.jpg,rus_internalpassport,20,000289.jpg,0.3308943,fake,0
dataset/clips/images\aze_passport\06\000181.jpg,aze_passport,06,000181.jpg,0.80113816,genuine,1
dataset/clips/images\srb_passport\86\000319.jpg,srb_passport,86,000319.jpg,0.062127072,fake,0
dataset/clips/images\fin_id\21\000283.jpg,fin_id,21,000283.jpg,0.09243671,fake,0
dataset/clips/images\fin_id\82\000097.jpg,fin_id,82,000097.jpg,0.76077884,genuine,1
dataset/clips/images\grc_passport\84\000445.jpg,grc_passport,84,000445.jpg,0.34666508,fake,0
dataset/clips/images\srb_passport\01\000097.jpg,srb_passport,01,000097.jpg,0.71904385,genuine,1
dataset/clips/images\grc_passport\60\000097.jpg,grc_passport,60,000097.jpg,0.16399027,fake,0
dataset/clips/images\lva_passport\11\000109.jpg,lva_passport,11,000109.jpg,0.69372237,genuine,1
dataset/clips/images\lva_passport\36\000091.jpg,lva_passport,36,000091.jpg,0.6908211,genuine,1
dataset/clips/images\alb_id\63\000271.jpg,alb_id,63,000271.jpg,0.3400005,fake,0
dataset/clips/images\srb_passport\98\000001.jpg,srb_passport,98,000001.jpg,0.4373812,fake,0
dataset/clips/images\est_id\89\000433.jpg,est_id,89,000433.jpg,0.04880968,fake,0
dataset/clips/images\fin_id\52\000013.jpg,fin_id,52,000013.jpg,0.55317485,genuine,1
dataset/clips/images\grc_passport\60\000079.jpg,grc_passport,60,000079.jpg,0.069107324,fake,0
dataset/clips/images\srb_passport\53\000379.jpg,srb_passport,53,000379.jpg,0.11645122,fake,0
dataset/clips/images\rus_internalpassport\95\000277.jpg,rus_internalpassport,95,000277.jpg,0.11823207,fake,0
dataset/clips/images\lva_passport\14\000181.jpg,lva_passport,14,000181.jpg,0.8146734,genuine,1
dataset/clips/images\fin_id\42\000175.jpg,fin_id,42,000175.jpg,0.8706651,genuine,1
dataset/clips/images\esp_id\09\000469.jpg,esp_id,09,000469.jpg,0.82206655,genuine,1
dataset/clips/images\alb_id\06\000361.jpg,alb_id,06,000361.jpg,0.76420736,genuine,1
dataset/clips/images\lva_passport\58\000229.jpg,lva_passport,58,000229.jpg,0.23863764,fake,0
dataset/clips/images\srb_passport\14\000349.jpg,srb_passport,14,000349.jpg,0.8354587,genuine,1
dataset/clips/images\srb_passport\02\000385.jpg,srb_passport,02,000385.jpg,0.92681247,genuine,1
dataset/clips/images\srb_passport\37\000217.jpg,srb_passport,37,000217.jpg,0.38179395,fake,0
dataset/clips/images\svk_id\74\000067.jpg,svk_id,74,000067.jpg,0.66860515,genuine,1
dataset/clips/images\est_id\21\000151.jpg,est_id,21,000151.jpg,0.3600023,fake,0
dataset/clips/images\grc_passport\85\000277.jpg,grc_passport,85,000277.jpg,0.030487752,fake,0
dataset/clips/images\alb_id\13\000001.jpg,alb_id,13,000001.jpg,0.36250797,fake,0
dataset/clips/images\svk_id\29\000001.jpg,svk_id,29,000001.jpg,0.2819548,fake,0
dataset/clips/images\grc_passport\39\000025.jpg,grc_passport,39,000025.jpg,0.3559045,fake,0
dataset/clips/images\est_id\03\000319.jpg,est_id,03,000319.jpg,0.36194947,fake,0
dataset/clips/images\fin_id\13\000403.jpg,fin_id,13,000403.jpg,0.8966329,genuine,1
dataset/clips/images\srb_passport\68\000157.jpg,srb_passport,68,000157.jpg,0.20628166,fake,0
dataset/clips/images\est_id\67\000193.jpg,est_id,67,000193.jpg,0.16859695,fake,0
dataset/clips/images\lva_passport\87\000385.jpg,lva_passport,87,000385.jpg,0.6193427,genuine,1
dataset/clips/images\rus_internalpassport\29\000391.jpg,rus_internalpassport,29,000391.jpg,0.11952198,fake,0
dataset/clips/images\fin_id\69\000109.jpg,fin_id,69,000109.jpg,0.15528785,fake,0
dataset/clips/images\lva_passport\68\000127.jpg,lva_passport,68,000127.jpg,0.017818892,fake,0
dataset/clips/images\grc_passport\60\000001.jpg,grc_passport,60,000001.jpg,0.29084507,fake,0
dataset/clips/images\svk_id\06\000133.jpg,svk_id,06,000133.jpg,0.8479616,genuine,1
dataset/clips/images\esp_id\46\000265.jpg,esp_id,46,000265.jpg,0.06405375,fake,0
dataset/clips/images\est_id\84\000277.jpg,est_id,84,000277.jpg,0.688575,genuine,1
dataset/clips/images\rus_internalpassport\62\000337.jpg,rus_internalpassport,62,000337.jpg,0.8347014,genuine,1
dataset/clips/images\fin_id\52\000337.jpg,fin_id,52,000337.jpg,0.565429,genuine,1
dataset/clips/images\aze_passport\15\000541.jpg,aze_passport,15,000541.jpg,0.82893884,genuine,1
dataset/clips/images\est_id\83\000187.jpg,est_id,83,000187.jpg,0.1354947,fake,0
dataset/clips/images\esp_id\25\000277.jpg,esp_id,25,000277.jpg,0.5919926,genuine,1
dataset/clips/images\srb_passport\59\000061.jpg,srb_passport,59,000061.jpg,0.03945998,fake,0
dataset/clips/images\alb_id\55\000085.jpg,alb_id,55,000085.jpg,0.41964006,fake,0
dataset/clips/images\rus_internalpassport\27\000283.jpg,rus_internalpassport,27,000283.jpg,0.16092907,fake,0
dataset/clips/images\esp_id\05\000271.jpg,esp_id,05,000271.jpg,0.90194,genuine,1
dataset/clips/images\lva_passport\12\000229.jpg,lva_passport,12,000229.jpg,0.9097357,genuine,1
dataset/clips/images\svk_id\97\000205.jpg,svk_id,97,000205.jpg,0.8719374,genuine,1
dataset/clips/images\est_id\23\000049.jpg,est_id,23,000049.jpg,0.2143052,fake,0
dataset/clips/images\fin_id\12\000055.jpg,fin_id,12,000055.jpg,0.9058225,genuine,1
dataset/clips/images\grc_passport\77\000235.jpg,grc_passport,77,000235.jpg,0.2996741,fake,0
dataset/clips/images\aze_passport\79\000187.jpg,aze_passport,79,000187.jpg,0.6968648,genuine,1
dataset/clips/images\srb_passport\72\000319.jpg,srb_passport,72,000319.jpg,0.47208053,fake,0
dataset/clips/images\lva_passport\21\000265.jpg,lva_passport,21,000265.jpg,0.11377803,fake,0
dataset/clips/images\aze_passport\88\000007.jpg,aze_passport,88,000007.jpg,0.15887988,fake,0
dataset/clips/images\esp_id\70\000247.jpg,esp_id,70,000247.jpg,0.15220699,fake,0
dataset/clips/images\esp_id\81\000313.jpg,esp_id,81,000313.jpg,0.33473065,fake,0
dataset/clips/images\esp_id\77\000013.jpg,esp_id,77,000013.jpg,0.26502085,fake,0
dataset/clips/images\fin_id\09\000115.jpg,fin_id,09,000115.jpg,0.83959293,genuine,1
dataset/clips/images\est_id\23\000247.jpg,est_id,23,000247.jpg,0.6011964,genuine,1
dataset/clips/images\svk_id\99\000019.jpg,svk_id,99,000019.jpg,0.93401766,genuine,1
dataset/clips/images\fin_id\33\000289.jpg,fin_id,33,000289.jpg,0.57503384,genuine,1
dataset/clips/images\svk_id\55\000001.jpg,svk_id,55,000001.jpg,0.5368409,genuine,1
dataset/clips/images\alb_id\49\000343.jpg,alb_id,49,000343.jpg,0.17875041,fake,0
dataset/clips/images\est_id\39\000289.jpg,est_id,39,000289.jpg,0.49642923,fake,0
dataset/clips/images\svk_id\35\000295.jpg,svk_id,35,000295.jpg,0.6525004,genuine,1
dataset/clips/images\esp_id\75\000037.jpg,esp_id,75,000037.jpg,0.9307823,genuine,1
dataset/clips/images\lva_passport\57\000031.jpg,lva_passport,57,000031.jpg,0.0557199,fake,0
dataset/clips/images\aze_passport\10\000193.jpg,aze_passport,10,000193.jpg,0.7509013,genuine,1
dataset/clips/images\aze_passport\21\000265.jpg,aze_passport,21,000265.jpg,0.25448096,fake,0
dataset/clips/images\est_id\24\000295.jpg,est_id,24,000295.jpg,0.63694894,genuine,1
dataset/clips/images\srb_passport\28\000319.jpg,srb_passport,28,000319.jpg,0.0130463,fake,0
dataset/clips/images\grc_passport\72\000631.jpg,grc_passport,72,000631.jpg,0.80061376,genuine,1
dataset/clips/images\esp_id\43\000277.jpg,esp_id,43,000277.jpg,0.033919286,fake,0
dataset/clips/images\est_id\16\000055.jpg,est_id,16,000055.jpg,0.828998,genuine,1
dataset/clips/images\alb_id\93\000229.jpg,alb_id,93,000229.jpg,0.4313079,fake,0
dataset/clips/images\alb_id\03\000247.jpg,alb_id,03,000247.jpg,0.54186016,genuine,1
dataset/clips/images\alb_id\06\000367.jpg,alb_id,06,000367.jpg,0.78621083,genuine,1
dataset/clips/images\fin_id\77\000265.jpg,fin_id,77,000265.jpg,0.80703497,genuine,1
dataset/clips/images\fin_id\24\000073.jpg,fin_id,24,000073.jpg,0.49059474,fake,0
dataset/clips/images\srb_passport\88\000313.jpg,srb_passport,88,000313.jpg,0.7984618,genuine,1
dataset/clips/images\esp_id\65\000079.jpg,esp_id,65,000079.jpg,0.44558468,fake,0
dataset/clips/images\aze_passport\43\000049.jpg,aze_passport,43,000049.jpg,0.53893006,genuine,1
dataset/clips/images\grc_passport\44\000289.jpg,grc_passport,44,000289.jpg,0.1575855,fake,0
dataset/clips/images\alb_id\46\000379.jpg,alb_id,46,000379.jpg,0.7438319,genuine,1
dataset/clips/images\grc_passport\66\000133.jpg,grc_passport,66,000133.jpg,0.010437623,fake,0
dataset/clips/images\srb_passport\59\000121.jpg,srb_passport,59,000121.jpg,0.01667857,fake,0
dataset/clips/images\rus_internalpassport\88\000061.jpg,rus_internalpassport,88,000061.jpg,0.44328004,fake,0
dataset/clips/images\esp_id\52\000037.jpg,esp_id,52,000037.jpg,0.3275687,fake,0
dataset/clips/images\alb_id\90\000175.jpg,alb_id,90,000175.jpg,0.65793806,genuine,1
dataset/clips/images\lva_passport\34\000709.jpg,lva_passport,34,000709.jpg,0.47947684,fake,0
dataset/clips/images\alb_id\76\000415.jpg,alb_id,76,000415.jpg,0.41518614,fake,0
dataset/clips/images\rus_internalpassport\39\000367.jpg,rus_internalpassport,39,000367.jpg,0.58091414,genuine,1
dataset/clips/images\srb_passport\23\000139.jpg,srb_passport,23,000139.jpg,0.3569925,fake,0
dataset/clips/images\srb_passport\92\000295.jpg,srb_passport,92,000295.jpg,0.13424593,fake,0
dataset/clips/images\alb_id\25\000241.jpg,alb_id,25,000241.jpg,0.14172305,fake,0
dataset/clips/images\alb_id\07\000313.jpg,alb_id,07,000313.jpg,0.41580123,fake,0
dataset/clips/images\grc_passport\28\000391.jpg,grc_passport,28,000391.jpg,0.1852731,fake,0
dataset/clips/images\lva_passport\85\000247.jpg,lva_passport,85,000247.jpg,0.850479,genuine,1
dataset/clips/images\grc_passport\77\000223.jpg,grc_passport,77,000223.jpg,0.46979478,fake,0
dataset/clips/images\est_id\60\000223.jpg,est_id,60,000223.jpg,0.14163567,fake,0
dataset/clips/images\alb_id\03\000199.jpg,alb_id,03,000199.jpg,0.76806533,genuine,1
dataset/clips/images\lva_passport\51\000241.jpg,lva_passport,51,000241.jpg,0.37071225,fake,0
dataset/clips/images\est_id\73\000103.jpg,est_id,73,000103.jpg,0.5925499,genuine,1
dataset/clips/images\fin_id\20\000223.jpg,fin_id,20,000223.jpg,0.45048887,fake,0
dataset/clips/images\est_id\88\000127.jpg,est_id,88,000127.jpg,0.10951612,fake,0
dataset/clips/images\fin_id\36\000343.jpg,fin_id,36,000343.jpg,0.89250094,genuine,1
dataset/clips/images\grc_passport\49\000265.jpg,grc_passport,49,000265.jpg,0.12573498,fake,0
dataset/clips/images\fin_id\61\000271.jpg,fin_id,61,000271.jpg,0.611387,genuine,1
dataset/clips/images\aze_passport\14\000451.jpg,aze_passport,14,000451.jpg,0.47308147,fake,0
dataset/clips/images\est_id\19\000133.jpg,est_id,19,000133.jpg,0.6998912,genuine,1
dataset/clips/images\alb_id\50\000325.jpg,alb_id,50,000325.jpg,0.65868974,genuine,1
dataset/clips/images\esp_id\61\000289.jpg,esp_id,61,000289.jpg,0.588024,genuine,1
dataset/clips/images\esp_id\95\000235.jpg,esp_id,95,000235.jpg,0.4748662,fake,0
dataset/clips/images\aze_passport\81\000427.jpg,aze_passport,81,000427.jpg,0.7152231,genuine,1
dataset/clips/images\srb_passport\09\000361.jpg,srb_passport,09,000361.jpg,0.4926771,fake,0
dataset/clips/images\alb_id\25\000097.jpg,alb_id,25,000097.jpg,0.19405857,fake,0
dataset/clips/images\lva_passport\18\000043.jpg,lva_passport,18,000043.jpg,0.9053132,genuine,1
dataset/clips/images\alb_id\11\000091.jpg,alb_id,11,000091.jpg,0.8895393,genuine,1
dataset/clips/images\fin_id\98\000079.jpg,fin_id,98,000079.jpg,0.7761618,genuine,1
dataset/clips/images\aze_passport\88\000289.jpg,aze_passport,88,000289.jpg,0.08501313,fake,0
dataset/clips/images\rus_internalpassport\98\000259.jpg,rus_internalpassport,98,000259.jpg,0.8797454,genuine,1
dataset/clips/images\srb_passport\18\000175.jpg,srb_passport,18,000175.jpg,0.90025723,genuine,1
dataset/clips/images\alb_id\54\000343.jpg,alb_id,54,000343.jpg,0.8963729,genuine,1
dataset/clips/images\fin_id\29\000061.jpg,fin_id,29,000061.jpg,0.49517566,fake,0
dataset/clips/images\esp_id\15\000157.jpg,esp_id,15,000157.jpg,0.8880186,genuine,1
dataset/clips/images\alb_id\82\000313.jpg,alb_id,82,000313.jpg,0.36391315,fake,0
dataset/clips/images\grc_passport\70\000019.jpg,grc_passport,70,000019.jpg,0.24091686,fake,0
dataset/clips/images\alb_id\24\000133.jpg,alb_id,24,000133.jpg,0.4859041,fake,0
dataset/clips/images\fin_id\02\000349.jpg,fin_id,02,000349.jpg,0.5394196,genuine,1
dataset/clips/images\est_id\53\000253.jpg,est_id,53,000253.jpg,0.48051566,fake,0
dataset/clips/images\esp_id\95\000313.jpg,esp_id,95,000313.jpg,0.08761755,fake,0
dataset/clips/images\lva_passport\99\000133.jpg,lva_passport,99,000133.jpg,0.1609921,fake,0
dataset/clips/images\alb_id\09\000157.jpg,alb_id,09,000157.jpg,0.63397837,genuine,1
dataset/clips/images\fin_id\11\000391.jpg,fin_id,11,000391.jpg,0.83648646,genuine,1
dataset/clips/images\grc_passport\72\000541.jpg,grc_passport,72,000541.jpg,0.47390324,fake,0
dataset/clips/images\svk_id\78\000043.jpg,svk_id,78,000043.jpg,0.93215275,genuine,1
dataset/clips/images\svk_id\23\000085.jpg,svk_id,23,000085.jpg,0.8927041,genuine,1
dataset/clips/images\aze_passport\89\000109.jpg,aze_passport,89,000109.jpg,0.34186158,fake,0
dataset/clips/images\srb_passport\60\000277.jpg,srb_passport,60,000277.jpg,0.07649716,fake,0
dataset/clips/images\esp_id\78\000157.jpg,esp_id,78,000157.jpg,0.93206227,genuine,1
dataset/clips/images\fin_id\58\000049.jpg,fin_id,58,000049.jpg,0.63620603,genuine,1
dataset/clips/images\esp_id\63\000025.jpg,esp_id,63,000025.jpg,0.053548954,fake,0
dataset/clips/images\fin_id\79\000187.jpg,fin_id,79,000187.jpg,0.5671787,genuine,1
dataset/clips/images\alb_id\83\000121.jpg,alb_id,83,000121.jpg,0.13512723,fake,0
dataset/clips/images\aze_passport\12\000115.jpg,aze_passport,12,000115.jpg,0.3954543,fake,0
dataset/clips/images\alb_id\83\000193.jpg,alb_id,83,000193.jpg,0.3339822,fake,0
dataset/clips/images\srb_passport\56\000343.jpg,srb_passport,56,000343.jpg,0.46328208,fake,0
dataset/clips/images\aze_passport\54\000199.jpg,aze_passport,54,000199.jpg,0.20736733,fake,0
dataset/clips/images\fin_id\33\000187.jpg,fin_id,33,000187.jpg,0.6375371,genuine,1
dataset/clips/images\grc_passport\86\000139.jpg,grc_passport,86,000139.jpg,0.5852921,genuine,1
dataset/clips/images\est_id\45\000253.jpg,est_id,45,000253.jpg,0.88537586,genuine,1
dataset/clips/images\srb_passport\57\000265.jpg,srb_passport,57,000265.jpg,0.11352696,fake,0
dataset/clips/images\srb_passport\66\000325.jpg,srb_passport,66,000325.jpg,0.033937745,fake,0
dataset/clips/images\aze_passport\19\000217.jpg,aze_passport,19,000217.jpg,0.36568788,fake,0
dataset/clips/images\est_id\85\000379.jpg,est_id,85,000379.jpg,0.53603363,genuine,1
dataset/clips/images\svk_id\78\000523.jpg,svk_id,78,000523.jpg,0.92286205,genuine,1
dataset/clips/images\svk_id\84\000355.jpg,svk_id,84,000355.jpg,0.7879448,genuine,1
dataset/clips/images\fin_id\26\000205.jpg,fin_id,26,000205.jpg,0.13792883,fake,0
dataset/clips/images\srb_passport\75\000073.jpg,srb_passport,75,000073.jpg,0.6776285,genuine,1
dataset/clips/images\esp_id\32\000163.jpg,esp_id,32,000163.jpg,0.060999226,fake,0
dataset/clips/images\esp_id\95\000091.jpg,esp_id,95,000091.jpg,0.12660296,fake,0
dataset/clips/images\srb_passport\05\000247.jpg,srb_passport,05,000247.jpg,0.7599367,genuine,1
dataset/clips/images\est_id\79\000133.jpg,est_id,79,000133.jpg,0.53044605,genuine,1
dataset/clips/images\rus_internalpassport\87\000361.jpg,rus_internalpassport,87,000361.jpg,0.23945765,fake,0
dataset/clips/images\grc_passport\73\000109.jpg,grc_passport,73,000109.jpg,0.52193743,genuine,1
dataset/clips/images\fin_id\00\000325.jpg,fin_id,00,000325.jpg,0.74719083,genuine,1
dataset/clips/images\aze_passport\18\000349.jpg,aze_passport,18,000349.jpg,0.49011138,fake,0
dataset/clips/images\esp_id\06\000019.jpg,esp_id,06,000019.jpg,0.84428704,genuine,1
dataset/clips/images\alb_id\06\000175.jpg,alb_id,06,000175.jpg,0.46116054,fake,0
dataset/clips/images\rus_internalpassport\06\000073.jpg,rus_internalpassport,06,000073.jpg,0.9866067,genuine,1
dataset/clips/images\srb_passport\10\000409.jpg,srb_passport,10,000409.jpg,0.72559834,genuine,1
dataset/clips/images\lva_passport\52\000025.jpg,lva_passport,52,000025.jpg,0.67708045,genuine,1
dataset/clips/images\alb_id\81\000031.jpg,alb_id,81,000031.jpg,0.027484152,fake,0
dataset/clips/images\aze_passport\40\000139.jpg,aze_passport,40,000139.jpg,0.8776314,genuine,1
dataset/clips/images\lva_passport\99\000361.jpg,lva_passport,99,000361.jpg,0.03274524,fake,0
dataset/clips/images\aze_passport\86\000019.jpg,aze_passport,86,000019.jpg,0.17530265,fake,0
dataset/clips/images\est_id\58\000031.jpg,est_id,58,000031.jpg,0.76985925,genuine,1
dataset/clips/images\grc_passport\58\000307.jpg,grc_passport,58,000307.jpg,0.11718998,fake,0
dataset/clips/images\est_id\24\000013.jpg,est_id,24,000013.jpg,0.51381314,genuine,1
dataset/clips/images\grc_passport\37\000295.jpg,grc_passport,37,000295.jpg,0.10513872,fake,0
dataset/clips/images\esp_id\39\000103.jpg,esp_id,39,000103.jpg,0.06853756,fake,0
dataset/clips/images\alb_id\04\000247.jpg,alb_id,04,000247.jpg,0.8031621,genuine,1
dataset/clips/images\srb_passport\11\000439.jpg,srb_passport,11,000439.jpg,0.82630277,genuine,1
dataset/clips/images\svk_id\48\000343.jpg,svk_id,48,000343.jpg,0.6675819,genuine,1
dataset/clips/images\grc_passport\30\000265.jpg,grc_passport,30,000265.jpg,0.4279813,fake,0
dataset/clips/images\esp_id\56\000205.jpg,esp_id,56,000205.jpg,0.020802502,fake,0
dataset/clips/images\fin_id\23\000055.jpg,fin_id,23,000055.jpg,0.8925836,genuine,1
dataset/clips/images\svk_id\03\000277.jpg,svk_id,03,000277.jpg,0.96104383,genuine,1
dataset/clips/images\svk_id\69\000073.jpg,svk_id,69,000073.jpg,0.26732266,fake,0
dataset/clips/images\alb_id\75\000151.jpg,alb_id,75,000151.jpg,0.41805327,fake,0
dataset/clips/images\est_id\69\000163.jpg,est_id,69,000163.jpg,0.6054919,genuine,1
dataset/clips/images\esp_id\32\000307.jpg,esp_id,32,000307.jpg,0.6235345,genuine,1
dataset/clips/images\esp_id\78\000145.jpg,esp_id,78,000145.jpg,0.9848271,genuine,1
dataset/clips/images\grc_passport\54\000037.jpg,grc_passport,54,000037.jpg,0.121223636,fake,0
dataset/clips/images\rus_internalpassport\01\000109.jpg,rus_internalpassport,01,000109.jpg,0.7631548,genuine,1
dataset/clips/images\fin_id\97\000043.jpg,fin_id,97,000043.jpg,0.83883643,genuine,1
dataset/clips/images\svk_id\83\000097.jpg,svk_id,83,000097.jpg,0.8724208,genuine,1
dataset/clips/images\est_id\85\000283.jpg,est_id,85,000283.jpg,0.34146634,fake,0
dataset/clips/images\rus_internalpassport\67\000205.jpg,rus_internalpassport,67,000205.jpg,0.8554297,genuine,1
dataset/clips/images\aze_passport\67\000001.jpg,aze_passport,67,000001.jpg,0.14660855,fake,0
dataset/clips/images\rus_internalpassport\76\000427.jpg,rus_internalpassport,76,000427.jpg,0.8710491,genuine,1
dataset/clips/images\est_id\48\000343.jpg,est_id,48,000343.jpg,0.007322972,fake,0
dataset/clips/images\esp_id\84\000247.jpg,esp_id,84,000247.jpg,0.6320209,genuine,1
dataset/clips/images\est_id\99\000151.jpg,est_id,99,000151.jpg,0.22663368,fake,0
dataset/clips/images\est_id\18\000331.jpg,est_id,18,000331.jpg,0.58815515,genuine,1
dataset/clips/images\alb_id\23\000067.jpg,alb_id,23,000067.jpg,0.2707184,fake,0
dataset/clips/images\grc_passport\47\000049.jpg,grc_passport,47,000049.jpg,0.62904525,genuine,1
dataset/clips/images\srb_passport\84\000283.jpg,srb_passport,84,000283.jpg,0.12954451,fake,0
dataset/clips/images\lva_passport\59\000091.jpg,lva_passport,59,000091.jpg,0.6737471,genuine,1
dataset/clips/images\est_id\35\000181.jpg,est_id,35,000181.jpg,0.81816626,genuine,1
dataset/clips/images\alb_id\76\000541.jpg,alb_id,76,000541.jpg,0.576753,genuine,1
dataset/clips/images\rus_internalpassport\61\000085.jpg,rus_internalpassport,61,000085.jpg,0.7062386,genuine,1
dataset/clips/images\fin_id\75\000007.jpg,fin_id,75,000007.jpg,0.46466798,fake,0
dataset/clips/images\lva_passport\84\000139.jpg,lva_passport,84,000139.jpg,0.2874801,fake,0
dataset/clips/images\rus_internalpassport\55\000031.jpg,rus_internalpassport,55,000031.jpg,0.9126047,genuine,1
dataset/clips/images\fin_id\16\000331.jpg,fin_id,16,000331.jpg,0.616004,genuine,1
dataset/clips/images\srb_passport\45\000031.jpg,srb_passport,45,000031.jpg,0.21702759,fake,0
dataset/clips/images\aze_passport\88\000253.jpg,aze_passport,88,000253.jpg,0.13091816,fake,0
dataset/clips/images\alb_id\22\000199.jpg,alb_id,22,000199.jpg,0.3018025,fake,0
dataset/clips/images\svk_id\50\000193.jpg,svk_id,50,000193.jpg,0.66035587,genuine,1
dataset/clips/images\grc_passport\85\000001.jpg,grc_passport,85,000001.jpg,0.15971346,fake,0
dataset/clips/images\svk_id\18\000229.jpg,svk_id,18,000229.jpg,0.94786733,genuine,1
dataset/clips/images\lva_passport\71\000007.jpg,lva_passport,71,000007.jpg,0.53422225,genuine,1
dataset/clips/images\lva_passport\02\000265.jpg,lva_passport,02,000265.jpg,0.77012634,genuine,1
dataset/clips/images\srb_passport\47\000103.jpg,srb_passport,47,000103.jpg,0.15291335,fake,0
dataset/clips/images\lva_passport\67\000055.jpg,lva_passport,67,000055.jpg,0.1023866,fake,0
dataset/clips/images\alb_id\54\000403.jpg,alb_id,54,000403.jpg,0.5467347,genuine,1
dataset/clips/images\lva_passport\79\000061.jpg,lva_passport,79,000061.jpg,0.4052611,fake,0
dataset/clips/images\grc_passport\23\000397.jpg,grc_passport,23,000397.jpg,0.4266219,fake,0
dataset/clips/images\svk_id\87\000217.jpg,svk_id,87,000217.jpg,0.8698435,genuine,1
dataset/clips/images\rus_internalpassport\27\000013.jpg,rus_internalpassport,27,000013.jpg,0.28468356,fake,0
dataset/clips/images\aze_passport\94\000061.jpg,aze_passport,94,000061.jpg,0.45555893,fake,0
dataset/clips/images\grc_passport\81\000085.jpg,grc_passport,81,000085.jpg,0.024323845,fake,0
dataset/clips/images\srb_passport\11\000091.jpg,srb_passport,11,000091.jpg,0.85785717,genuine,1
dataset/clips/images\grc_passport\69\000199.jpg,grc_passport,69,000199.jpg,0.04467219,fake,0
dataset/clips/images\est_id\46\000169.jpg,est_id,46,000169.jpg,0.028160118,fake,0
dataset/clips/images\svk_id\81\000355.jpg,svk_id,81,000355.jpg,0.87753356,genuine,1
dataset/clips/images\lva_passport\81\000205.jpg,lva_passport,81,000205.jpg,0.23427428,fake,0
dataset/clips/images\est_id\37\000247.jpg,est_id,37,000247.jpg,0.738446,genuine,1
dataset/clips/images\srb_passport\70\000247.jpg,srb_passport,70,000247.jpg,0.69272083,genuine,1
dataset/clips/images\srb_passport\39\000181.jpg,srb_passport,39,000181.jpg,0.739622,genuine,1
dataset/clips/images\alb_id\26\000157.jpg,alb_id,26,000157.jpg,0.18611659,fake,0
dataset/clips/images\alb_id\15\000121.jpg,alb_id,15,000121.jpg,0.7680987,genuine,1
dataset/clips/images\fin_id\91\000301.jpg,fin_id,91,000301.jpg,0.5511383,genuine,1
dataset/clips/images\esp_id\25\000139.jpg,esp_id,25,000139.jpg,0.08232993,fake,0
dataset/clips/images\srb_passport\90\000307.jpg,srb_passport,90,000307.jpg,0.06860659,fake,0
dataset/clips/images\grc_passport\78\000331.jpg,grc_passport,78,000331.jpg,0.04103281,fake,0
dataset/clips/images\est_id\60\000097.jpg,est_id,60,000097.jpg,0.23249961,fake,0
dataset/clips/images\aze_passport\79\000373.jpg,aze_passport,79,000373.jpg,0.7950955,genuine,1
dataset/clips/images\svk_id\44\000361.jpg,svk_id,44,000361.jpg,0.6248338,genuine,1
dataset/clips/images\est_id\44\000037.jpg,est_id,44,000037.jpg,0.30122477,fake,0
dataset/clips/images\svk_id\13\000271.jpg,svk_id,13,000271.jpg,0.9742103,genuine,1
dataset/clips/images\srb_passport\39\000163.jpg,srb_passport,39,000163.jpg,0.8568377,genuine,1
dataset/clips/images\lva_passport\99\000157.jpg,lva_passport,99,000157.jpg,0.09140691,fake,0
dataset/clips/images\rus_internalpassport\78\000127.jpg,rus_internalpassport,78,000127.jpg,0.23112929,fake,0
dataset/clips/images\est_id\95\000091.jpg,est_id,95,000091.jpg,0.7867257,genuine,1
dataset/clips/images\svk_id\29\000211.jpg,svk_id,29,000211.jpg,0.6047312,genuine,1
dataset/clips/images\alb_id\92\000505.jpg,alb_id,92,000505.jpg,0.27820146,fake,0
dataset/clips/images\fin_id\49\000307.jpg,fin_id,49,000307.jpg,0.95319587,genuine,1
dataset/clips/images\lva_passport\35\000049.jpg,lva_passport,35,000049.jpg,0.6653918,genuine,1
dataset/clips/images\fin_id\52\000355.jpg,fin_id,52,000355.jpg,0.040677536,fake,0
dataset/clips/images\grc_passport\11\000313.jpg,grc_passport,11,000313.jpg,0.6592802,genuine,1
dataset/clips/images\rus_internalpassport\25\000007.jpg,rus_internalpassport,25,000007.jpg,0.0887662,fake,0
dataset/clips/images\est_id\77\000283.jpg,est_id,77,000283.jpg,0.2793625,fake,0
dataset/clips/images\aze_passport\88\000181.jpg,aze_passport,88,000181.jpg,0.0745121,fake,0
dataset/clips/images\svk_id\17\000325.jpg,svk_id,17,000325.jpg,0.9895779,genuine,1
dataset/clips/images\rus_internalpassport\34\000247.jpg,rus_internalpassport,34,000247.jpg,0.6738231,genuine,1
dataset/clips/images\fin_id\69\000337.jpg,fin_id,69,000337.jpg,0.38874832,fake,0
dataset/clips/images\est_id\24\000145.jpg,est_id,24,000145.jpg,0.6034441,genuine,1
dataset/clips/images\fin_id\40\000337.jpg,fin_id,40,000337.jpg,0.9466938,genuine,1
dataset/clips/images\grc_passport\88\000319.jpg,grc_passport,88,000319.jpg,0.38859344,fake,0
dataset/clips/images\aze_passport\69\000127.jpg,aze_passport,69,000127.jpg,0.016224852,fake,0
dataset/clips/images\grc_passport\26\000253.jpg,grc_passport,26,000253.jpg,0.70526123,genuine,1
dataset/clips/images\aze_passport\79\000019.jpg,aze_passport,79,000019.jpg,0.6882993,genuine,1
dataset/clips/images\grc_passport\55\000223.jpg,grc_passport,55,000223.jpg,0.84094334,genuine,1
dataset/clips/images\svk_id\14\000331.jpg,svk_id,14,000331.jpg,0.91278815,genuine,1
dataset/clips/images\alb_id\87\000277.jpg,alb_id,87,000277.jpg,0.33215266,fake,0
dataset/clips/images\rus_internalpassport\69\000313.jpg,rus_internalpassport,69,000313.jpg,0.126096,fake,0
dataset/clips/images\grc_passport\71\000283.jpg,grc_passport,71,000283.jpg,0.45221835,fake,0
dataset/clips/images\svk_id\17\000391.jpg,svk_id,17,000391.jpg,0.89611745,genuine,1
dataset/clips/images\rus_internalpassport\81\000265.jpg,rus_internalpassport,81,000265.jpg,0.6528934,genuine,1
dataset/clips/images\est_id\05\000385.jpg,est_id,05,000385.jpg,0.75680816,genuine,1
dataset/clips/images\fin_id\45\000007.jpg,fin_id,45,000007.jpg,0.018022986,fake,0
dataset/clips/images\rus_internalpassport\91\000241.jpg,rus_internalpassport,91,000241.jpg,0.20683117,fake,0
dataset/clips/images\est_id\55\000109.jpg,est_id,55,000109.jpg,0.55077523,genuine,1
dataset/clips/images\est_id\84\000037.jpg,est_id,84,000037.jpg,0.55369437,genuine,1
dataset/clips/images\alb_id\05\000181.jpg,alb_id,05,000181.jpg,0.8899524,genuine,1
dataset/clips/images\alb_id\13\000319.jpg,alb_id,13,000319.jpg,0.8613573,genuine,1
dataset/clips/images\alb_id\43\000043.jpg,alb_id,43,000043.jpg,0.25910133,fake,0
dataset/clips/images\fin_id\73\000523.jpg,fin_id,73,000523.jpg,0.78457475,genuine,1
dataset/clips/images\grc_passport\21\000229.jpg,grc_passport,21,000229.jpg,0.1630358,fake,0
dataset/clips/images\svk_id\32\000241.jpg,svk_id,32,000241.jpg,0.3532519,fake,0
dataset/clips/images\est_id\67\000199.jpg,est_id,67,000199.jpg,0.17126293,fake,0
dataset/clips/images\alb_id\08\000385.jpg,alb_id,08,000385.jpg,0.039125044,fake,0
dataset/clips/images\esp_id\20\000037.jpg,esp_id,20,000037.jpg,0.44885334,fake,0
dataset/clips/images\fin_id\64\000001.jpg,fin_id,64,000001.jpg,0.6013481,genuine,1
dataset/clips/images\svk_id\22\000157.jpg,svk_id,22,000157.jpg,0.9065169,genuine,1
dataset/clips/images\grc_passport\01\000271.jpg,grc_passport,01,000271.jpg,0.8822879,genuine,1
dataset/clips/images\esp_id\23\000259.jpg,esp_id,23,000259.jpg,0.21024227,fake,0
dataset/clips/images\esp_id\25\000157.jpg,esp_id,25,000157.jpg,0.36305735,fake,0
dataset/clips/images\rus_internalpassport\08\000091.jpg,rus_internalpassport,08,000091.jpg,0.9182042,genuine,1
dataset/clips/images\fin_id\47\000295.jpg,fin_id,47,000295.jpg,0.013775125,fake,0
dataset/clips/images\est_id\66\000325.jpg,est_id,66,000325.jpg,0.48702726,fake,0
dataset/clips/images\grc_passport\14\000379.jpg,grc_passport,14,000379.jpg,0.36700982,fake,0
dataset/clips/images\est_id\37\000061.jpg,est_id,37,000061.jpg,0.6111239,genuine,1
dataset/clips/images\lva_passport\77\000079.jpg,lva_passport,77,000079.jpg,0.3989939,fake,0
dataset/clips/images\aze_passport\09\000055.jpg,aze_passport,09,000055.jpg,0.7177067,genuine,1
dataset/clips/images\fin_id\63\000073.jpg,fin_id,63,000073.jpg,0.1480235,fake,0
dataset/clips/images\alb_id\62\000307.jpg,alb_id,62,000307.jpg,0.02825265,fake,0
dataset/clips/images\rus_internalpassport\04\000271.jpg,rus_internalpassport,04,000271.jpg,0.742254,genuine,1
dataset/clips/images\fin_id\33\000247.jpg,fin_id,33,000247.jpg,0.66210955,genuine,1
dataset/clips/images\lva_passport\97\000325.jpg,lva_passport,97,000325.jpg,0.9817349,genuine,1
dataset/clips/images\esp_id\71\000055.jpg,esp_id,71,000055.jpg,0.57470804,genuine,1
dataset/clips/images\esp_id\69\000133.jpg,esp_id,69,000133.jpg,0.8715278,genuine,1
dataset/clips/images\fin_id\60\000013.jpg,fin_id,60,000013.jpg,0.06000795,fake,0
dataset/clips/images\svk_id\91\000253.jpg,svk_id,91,000253.jpg,0.8732986,genuine,1
dataset/clips/images\aze_passport\89\000163.jpg,aze_passport,89,000163.jpg,0.26554385,fake,0
dataset/clips/images\svk_id\19\000181.jpg,svk_id,19,000181.jpg,0.96859974,genuine,1
dataset/clips/images\fin_id\81\000253.jpg,fin_id,81,000253.jpg,0.12037687,fake,0
dataset/clips/images\fin_id\92\000379.jpg,fin_id,92,000379.jpg,0.6921345,genuine,1
dataset/clips/images\svk_id\60\000259.jpg,svk_id,60,000259.jpg,0.6614221,genuine,1
dataset/clips/images\est_id\70\000127.jpg,est_id,70,000127.jpg,0.7303591,genuine,1
dataset/clips/images\est_id\73\000223.jpg,est_id,73,000223.jpg,0.9223923,genuine,1
dataset/clips/images\est_id\84\000187.jpg,est_id,84,000187.jpg,0.827038,genuine,1
dataset/clips/images\esp_id\82\000409.jpg,esp_id,82,000409.jpg,0.38009712,fake,0
dataset/clips/images\rus_internalpassport\37\000013.jpg,rus_internalpassport,37,000013.jpg,0.43388665,fake,0
dataset/clips/images\alb_id\33\000289.jpg,alb_id,33,000289.jpg,0.6519824,genuine,1
dataset/clips/images\aze_passport\54\000061.jpg,aze_passport,54,000061.jpg,0.21985629,fake,0
dataset/clips/images\rus_internalpassport\09\000331.jpg,rus_internalpassport,09,000331.jpg,0.66522163,genuine,1
dataset/clips/images\aze_passport\17\000175.jpg,aze_passport,17,000175.jpg,0.6438974,genuine,1
dataset/clips/images\rus_internalpassport\09\000019.jpg,rus_internalpassport,09,000019.jpg,0.7585069,genuine,1
dataset/clips/images\rus_internalpassport\38\000109.jpg,rus_internalpassport,38,000109.jpg,0.35639527,fake,0
dataset/clips/images\lva_passport\98\000019.jpg,lva_passport,98,000019.jpg,0.07357927,fake,0
dataset/clips/images\lva_passport\88\000577.jpg,lva_passport,88,000577.jpg,0.11417101,fake,0
dataset/clips/images\lva_passport\88\000499.jpg,lva_passport,88,000499.jpg,0.017640173,fake,0
dataset/clips/images\rus_internalpassport\40\000307.jpg,rus_internalpassport,40,000307.jpg,0.85844886,genuine,1
dataset/clips/images\srb_passport\80\000271.jpg,srb_passport,80,000271.jpg,0.1613155,fake,0
dataset/clips/images\esp_id\43\000259.jpg,esp_id,43,000259.jpg,0.027667314,fake,0
dataset/clips/images\svk_id\03\000421.jpg,svk_id,03,000421.jpg,0.9666524,genuine,1
dataset/clips/images\grc_passport\90\000187.jpg,grc_passport,90,000187.jpg,0.20513585,fake,0
dataset/clips/images\rus_internalpassport\49\000331.jpg,rus_internalpassport,49,000331.jpg,0.11137774,fake,0
dataset/clips/images\fin_id\02\000253.jpg,fin_id,02,000253.jpg,0.76968735,genuine,1
dataset/clips/images\fin_id\42\000019.jpg,fin_id,42,000019.jpg,0.782936,genuine,1
dataset/clips/images\est_id\70\000613.jpg,est_id,70,000613.jpg,0.6907637,genuine,1
dataset/clips/images\rus_internalpassport\13\000079.jpg,rus_internalpassport,13,000079.jpg,0.4255401,fake,0
dataset/clips/images\aze_passport\56\000091.jpg,aze_passport,56,000091.jpg,0.24727365,fake,0
dataset/clips/images\grc_passport\99\000181.jpg,grc_passport,99,000181.jpg,0.0844061,fake,0
dataset/clips/images\lva_passport\69\000019.jpg,lva_passport,69,000019.jpg,0.5967877,genuine,1
dataset/clips/images\srb_passport\53\000187.jpg,srb_passport,53,000187.jpg,0.17102323,fake,0
dataset/clips/images\svk_id\93\000319.jpg,svk_id,93,000319.jpg,0.48613223,fake,0
dataset/clips/images\rus_internalpassport\56\000211.jpg,rus_internalpassport,56,000211.jpg,0.18806078,fake,0
dataset/clips/images\est_id\89\000301.jpg,est_id,89,000301.jpg,0.019171426,fake,0
dataset/clips/images\est_id\24\000283.jpg,est_id,24,000283.jpg,0.5594153,genuine,1
dataset/clips/images\lva_passport\15\000259.jpg,lva_passport,15,000259.jpg,0.8341716,genuine,1
dataset/clips/images\srb_passport\39\000265.jpg,srb_passport,39,000265.jpg,0.793548,genuine,1
dataset/clips/images\svk_id\43\000187.jpg,svk_id,43,000187.jpg,0.988719,genuine,1
dataset/clips/images\rus_internalpassport\70\000295.jpg,rus_internalpassport,70,000295.jpg,0.89285386,genuine,1
dataset/clips/images\aze_passport\70\000457.jpg,aze_passport,70,000457.jpg,0.9057903,genuine,1
dataset/clips/images\srb_passport\17\000031.jpg,srb_passport,17,000031.jpg,0.06274734,fake,0
dataset/clips/images\aze_passport\55\000205.jpg,aze_passport,55,000205.jpg,0.055053607,fake,0
dataset/clips/images\aze_passport\02\000115.jpg,aze_passport,02,000115.jpg,0.3565815,fake,0
dataset/clips/images\fin_id\41\000211.jpg,fin_id,41,000211.jpg,0.37991092,fake,0
dataset/clips/images\fin_id\95\000001.jpg,fin_id,95,000001.jpg,0.21109404,fake,0
dataset/clips/images\aze_passport\16\000049.jpg,aze_passport,16,000049.jpg,0.5089207,genuine,1
dataset/clips/images\aze_passport\93\000025.jpg,aze_passport,93,000025.jpg,0.42375648,fake,0
dataset/clips/images\fin_id\44\000127.jpg,fin_id,44,000127.jpg,0.81116,genuine,1
dataset/clips/images\grc_passport\31\000013.jpg,grc_passport,31,000013.jpg,0.46237317,fake,0
dataset/clips/images\aze_passport\79\000265.jpg,aze_passport,79,000265.jpg,0.44534943,fake,0
dataset/clips/images\aze_passport\82\000445.jpg,aze_passport,82,000445.jpg,0.009284434,fake,0
dataset/clips/images\grc_passport\24\000175.jpg,grc_passport,24,000175.jpg,0.058233473,fake,0
dataset/clips/images\grc_passport\60\000085.jpg,grc_passport,60,000085.jpg,0.07221912,fake,0
dataset/clips/images\srb_passport\13\000301.jpg,srb_passport,13,000301.jpg,0.07532594,fake,0
dataset/clips/images\est_id\97\000175.jpg,est_id,97,000175.jpg,0.47744295,fake,0
dataset/clips/images\aze_passport\53\000067.jpg,aze_passport,53,000067.jpg,0.0045635067,fake,0
dataset/clips/images\esp_id\45\000289.jpg,esp_id,45,000289.jpg,0.96456754,genuine,1
dataset/clips/images\alb_id\76\000091.jpg,alb_id,76,000091.jpg,0.16897811,fake,0
dataset/clips/images\rus_internalpassport\19\000061.jpg,rus_internalpassport,19,000061.jpg,0.87961245,genuine,1
dataset/clips/images\rus_internalpassport\21\000439.jpg,rus_internalpassport,21,000439.jpg,0.016116312,fake,0
dataset/clips/images\alb_id\63\000067.jpg,alb_id,63,000067.jpg,0.39505583,fake,0
dataset/clips/images\rus_internalpassport\67\000181.jpg,rus_internalpassport,67,000181.jpg,0.57113016,genuine,1
dataset/clips/images\est_id\77\000229.jpg,est_id,77,000229.jpg,0.19043154,fake,0
dataset/clips/images\grc_passport\96\000235.jpg,grc_passport,96,000235.jpg,0.7983707,genuine,1
dataset/clips/images\svk_id\14\000127.jpg,svk_id,14,000127.jpg,0.9899887,genuine,1
dataset/clips/images\esp_id\80\000091.jpg,esp_id,80,000091.jpg,0.9205406,genuine,1
dataset/clips/images\rus_internalpassport\18\000103.jpg,rus_internalpassport,18,000103.jpg,0.67602646,genuine,1
dataset/clips/images\grc_passport\10\000223.jpg,grc_passport,10,000223.jpg,0.490269,fake,0
dataset/clips/images\svk_id\24\000097.jpg,svk_id,24,000097.jpg,0.61236393,genuine,1
dataset/clips/images\esp_id\48\000031.jpg,esp_id,48,000031.jpg,0.09170559,fake,0
dataset/clips/images\grc_passport\09\000025.jpg,grc_passport,09,000025.jpg,0.888987,genuine,1
dataset/clips/images\srb_passport\01\000253.jpg,srb_passport,01,000253.jpg,0.77753335,genuine,1
dataset/clips/images\est_id\48\000103.jpg,est_id,48,000103.jpg,0.012614367,fake,0
dataset/clips/images\alb_id\75\000265.jpg,alb_id,75,000265.jpg,0.4645774,fake,0
dataset/clips/images\fin_id\72\000595.jpg,fin_id,72,000595.jpg,0.33195063,fake,0
dataset/clips/images\fin_id\99\000163.jpg,fin_id,99,000163.jpg,0.55262965,genuine,1
dataset/clips/images\fin_id\72\000517.jpg,fin_id,72,000517.jpg,0.012722102,fake,0
dataset/clips/images\svk_id\59\000079.jpg,svk_id,59,000079.jpg,0.4670158,fake,0
dataset/clips/images\svk_id\43\000331.jpg,svk_id,43,000331.jpg,0.949986,genuine,1
dataset/clips/images\rus_internalpassport\08\000121.jpg,rus_internalpassport,08,000121.jpg,0.9015387,genuine,1
dataset/clips/images\rus_internalpassport\36\000031.jpg,rus_internalpassport,36,000031.jpg,0.26319984,fake,0
dataset/clips/images\srb_passport\12\000097.jpg,srb_passport,12,000097.jpg,0.033585705,fake,0
dataset/clips/images\fin_id\17\000343.jpg,fin_id,17,000343.jpg,0.91073537,genuine,1
dataset/clips/images\alb_id\26\000091.jpg,alb_id,26,000091.jpg,0.061815146,fake,0
dataset/clips/images\alb_id\90\000115.jpg,alb_id,90,000115.jpg,0.6090715,genuine,1
dataset/clips/images\alb_id\87\000055.jpg,alb_id,87,000055.jpg,0.10894086,fake,0
dataset/clips/images\alb_id\73\000295.jpg,alb_id,73,000295.jpg,0.69533414,genuine,1
dataset/clips/images\aze_passport\42\000343.jpg,aze_passport,42,000343.jpg,0.61984646,genuine,1
dataset/clips/images\aze_passport\34\000325.jpg,aze_passport,34,000325.jpg,0.75680035,genuine,1
dataset/clips/images\rus_internalpassport\46\000103.jpg,rus_internalpassport,46,000103.jpg,0.924644,genuine,1
dataset/clips/images\rus_internalpassport\94\000169.jpg,rus_internalpassport,94,000169.jpg,0.9788868,genuine,1
dataset/clips/images\aze_passport\15\000325.jpg,aze_passport,15,000325.jpg,0.22574937,fake,0
dataset/clips/images\svk_id\99\000097.jpg,svk_id,99,000097.jpg,0.32584387,fake,0
dataset/clips/images\svk_id\47\000235.jpg,svk_id,47,000235.jpg,0.9276296,genuine,1
dataset/clips/images\srb_passport\75\000247.jpg,srb_passport,75,000247.jpg,0.39053527,fake,0
dataset/clips/images\svk_id\41\000127.jpg,svk_id,41,000127.jpg,0.9769548,genuine,1
dataset/clips/images\rus_internalpassport\95\000073.jpg,rus_internalpassport,95,000073.jpg,0.82803965,genuine,1
dataset/clips/images\srb_passport\03\000349.jpg,srb_passport,03,000349.jpg,0.9570926,genuine,1
dataset/clips/images\esp_id\35\000049.jpg,esp_id,35,000049.jpg,0.102039,fake,0
dataset/clips/images\esp_id\75\000535.jpg,esp_id,75,000535.jpg,0.6484078,genuine,1
dataset/clips/images\est_id\69\000067.jpg,est_id,69,000067.jpg,0.59111357,genuine,1
dataset/clips/images\esp_id\62\000037.jpg,esp_id,62,000037.jpg,0.8422805,genuine,1
dataset/clips/images\fin_id\60\000361.jpg,fin_id,60,000361.jpg,0.27087942,fake,0
dataset/clips/images\lva_passport\52\000109.jpg,lva_passport,52,000109.jpg,0.355732,fake,0
dataset/clips/images\srb_passport\66\000181.jpg,srb_passport,66,000181.jpg,0.057108283,fake,0
dataset/clips/images\alb_id\44\000133.jpg,alb_id,44,000133.jpg,0.69543505,genuine,1
dataset/clips/images\srb_passport\25\000115.jpg,srb_passport,25,000115.jpg,0.01514164,fake,0
dataset/clips/images\rus_internalpassport\40\000241.jpg,rus_internalpassport,40,000241.jpg,0.9398366,genuine,1
dataset/clips/images\rus_internalpassport\17\000181.jpg,rus_internalpassport,17,000181.jpg,0.6347648,genuine,1
dataset/clips/images\rus_internalpassport\44\000295.jpg,rus_internalpassport,44,000295.jpg,0.19886048,fake,0
dataset/clips/images\est_id\99\000145.jpg,est_id,99,000145.jpg,0.22289282,fake,0
dataset/clips/images\svk_id\18\000031.jpg,svk_id,18,000031.jpg,0.8660016,genuine,1
dataset/clips/images\alb_id\76\000145.jpg,alb_id,76,000145.jpg,0.33757728,fake,0
dataset/clips/images\srb_passport\62\000133.jpg,srb_passport,62,000133.jpg,0.03021868,fake,0
dataset/clips/images\rus_internalpassport\46\000043.jpg,rus_internalpassport,46,000043.jpg,0.71889234,genuine,1
dataset/clips/images\grc_passport\89\000367.jpg,grc_passport,89,000367.jpg,0.52785623,genuine,1
dataset/clips/images\rus_internalpassport\47\000235.jpg,rus_internalpassport,47,000235.jpg,0.049138807,fake,0
dataset/clips/images\esp_id\95\000325.jpg,esp_id,95,000325.jpg,0.096528694,fake,0
dataset/clips/images\esp_id\73\000265.jpg,esp_id,73,000265.jpg,0.6693562,genuine,1
dataset/clips/images\esp_id\17\000265.jpg,esp_id,17,000265.jpg,0.9340482,genuine,1
dataset/clips/images\rus_internalpassport\03\000199.jpg,rus_internalpassport,03,000199.jpg,0.9216252,genuine,1
dataset/clips/images\rus_internalpassport\27\000061.jpg,rus_internalpassport,27,000061.jpg,0.31931967,fake,0
dataset/clips/images\aze_passport\94\000097.jpg,aze_passport,94,000097.jpg,0.35673228,fake,0
dataset/clips/images\fin_id\89\000469.jpg,fin_id,89,000469.jpg,0.40561238,fake,0
dataset/clips/images\srb_passport\12\000085.jpg,srb_passport,12,000085.jpg,0.03184257,fake,0
dataset/clips/images\srb_passport\16\000331.jpg,srb_passport,16,000331.jpg,0.59629095,genuine,1
dataset/clips/images\srb_passport\74\000379.jpg,srb_passport,74,000379.jpg,0.7593181,genuine,1
dataset/clips/images\alb_id\19\000409.jpg,alb_id,19,000409.jpg,0.940761,genuine,1
dataset/clips/images\alb_id\96\000217.jpg,alb_id,96,000217.jpg,0.21465623,fake,0
dataset/clips/images\alb_id\65\000259.jpg,alb_id,65,000259.jpg,0.30964586,fake,0
dataset/clips/images\rus_internalpassport\48\000397.jpg,rus_internalpassport,48,000397.jpg,0.107611135,fake,0
dataset/clips/images\esp_id\30\000019.jpg,esp_id,30,000019.jpg,0.37362713,fake,0
dataset/clips/images\alb_id\05\000019.jpg,alb_id,05,000019.jpg,0.5406402,genuine,1
dataset/clips/images\rus_internalpassport\89\000367.jpg,rus_internalpassport,89,000367.jpg,0.53923905,genuine,1
dataset/clips/images\lva_passport\23\000259.jpg,lva_passport,23,000259.jpg,0.5754429,genuine,1
dataset/clips/images\grc_passport\89\000199.jpg,grc_passport,89,000199.jpg,0.8435453,genuine,1
dataset/clips/images\alb_id\06\000019.jpg,alb_id,06,000019.jpg,0.75963765,genuine,1
dataset/clips/images\grc_passport\91\000241.jpg,grc_passport,91,000241.jpg,0.046453465,fake,0
dataset/clips/images\aze_passport\22\000307.jpg,aze_passport,22,000307.jpg,0.0019424999,fake,0
dataset/clips/images\fin_id\02\000151.jpg,fin_id,02,000151.jpg,0.85295916,genuine,1
dataset/clips/images\aze_passport\46\000193.jpg,aze_passport,46,000193.jpg,0.29558474,fake,0
dataset/clips/images\grc_passport\95\000217.jpg,grc_passport,95,000217.jpg,0.39308685,fake,0
dataset/clips/images\alb_id\94\000397.jpg,alb_id,94,000397.jpg,0.61823285,genuine,1
dataset/clips/images\fin_id\31\000145.jpg,fin_id,31,000145.jpg,0.5096476,genuine,1
dataset/clips/images\rus_internalpassport\97\000337.jpg,rus_internalpassport,97,000337.jpg,0.70343924,genuine,1
dataset/clips/images\fin_id\92\000337.jpg,fin_id,92,000337.jpg,0.82236636,genuine,1
dataset/clips/images\alb_id\72\000103.jpg,alb_id,72,000103.jpg,0.46660376,fake,0
dataset/clips/images\est_id\42\000193.jpg,est_id,42,000193.jpg,0.16770071,fake,0
dataset/clips/images\svk_id\64\000235.jpg,svk_id,64,000235.jpg,0.024906062,fake,0
dataset/clips/images\aze_passport\73\000031.jpg,aze_passport,73,000031.jpg,0.22616312,fake,0
dataset/clips/images\esp_id\30\000139.jpg,esp_id,30,000139.jpg,0.07315402,fake,0
dataset/clips/images\alb_id\15\000373.jpg,alb_id,15,000373.jpg,0.9264706,genuine,1
dataset/clips/images\srb_passport\10\000217.jpg,srb_passport,10,000217.jpg,0.65073913,genuine,1
dataset/clips/images\srb_passport\75\000043.jpg,srb_passport,75,000043.jpg,0.28826442,fake,0
dataset/clips/images\svk_id\71\000037.jpg,svk_id,71,000037.jpg,0.7995008,genuine,1
dataset/clips/images\lva_passport\79\000247.jpg,lva_passport,79,000247.jpg,0.4544454,fake,0
dataset/clips/images\grc_passport\71\000223.jpg,grc_passport,71,000223.jpg,0.9407568,genuine,1
dataset/clips/images\lva_passport\46\000019.jpg,lva_passport,46,000019.jpg,0.15678015,fake,0
dataset/clips/images\rus_internalpassport\72\000547.jpg,rus_internalpassport,72,000547.jpg,0.7650213,genuine,1
dataset/clips/images\alb_id\72\000583.jpg,alb_id,72,000583.jpg,0.48838255,fake,0
dataset/clips/images\srb_passport\63\000181.jpg,srb_passport,63,000181.jpg,0.0106597245,fake,0
dataset/clips/images\est_id\33\000277.jpg,est_id,33,000277.jpg,0.6881975,genuine,1
dataset/clips/images\aze_passport\64\000169.jpg,aze_passport,64,000169.jpg,0.39251542,fake,0
dataset/clips/images\grc_passport\73\000487.jpg,grc_passport,73,000487.jpg,0.8623109,genuine,1
dataset/clips/images\fin_id\65\000085.jpg,fin_id,65,000085.jpg,0.25646278,fake,0
dataset/clips/images\est_id\64\000211.jpg,est_id,64,000211.jpg,0.3875237,fake,0
dataset/clips/images\lva_passport\95\000307.jpg,lva_passport,95,000307.jpg,0.48387802,fake,0
dataset/clips/images\grc_passport\80\000403.jpg,grc_passport,80,000403.jpg,0.71977925,genuine,1
dataset/clips/images\fin_id\39\000139.jpg,fin_id,39,000139.jpg,0.8865571,genuine,1
dataset/clips/images\esp_id\45\000139.jpg,esp_id,45,000139.jpg,0.9629488,genuine,1
dataset/clips/images\esp_id\89\000031.jpg,esp_id,89,000031.jpg,0.123304494,fake,0
dataset/clips/images\fin_id\69\000049.jpg,fin_id,69,000049.jpg,0.2542674,fake,0
dataset/clips/images\aze_passport\78\000379.jpg,aze_passport,78,000379.jpg,0.47820064,fake,0
dataset/clips/images\grc_passport\72\000127.jpg,grc_passport,72,000127.jpg,0.0059551806,fake,0
dataset/clips/images\rus_internalpassport\70\000145.jpg,rus_internalpassport,70,000145.jpg,0.6436837,genuine,1
dataset/clips/images\grc_passport\18\000331.jpg,grc_passport,18,000331.jpg,0.58562064,genuine,1
dataset/clips/images\esp_id\87\000079.jpg,esp_id,87,000079.jpg,0.78691435,genuine,1
dataset/clips/images\alb_id\80\000253.jpg,alb_id,80,000253.jpg,0.04966225,fake,0
dataset/clips/images\est_id\28\000049.jpg,est_id,28,000049.jpg,0.6420063,genuine,1
dataset/clips/images\esp_id\89\000247.jpg,esp_id,89,000247.jpg,0.25820938,fake,0
dataset/clips/images\grc_passport\05\000241.jpg,grc_passport,05,000241.jpg,0.22762467,fake,0
dataset/clips/images\alb_id\13\000055.jpg,alb_id,13,000055.jpg,0.33002207,fake,0
dataset/clips/images\aze_passport\43\000001.jpg,aze_passport,43,000001.jpg,0.75672066,genuine,1
dataset/clips/images\rus_internalpassport\45\000271.jpg,rus_internalpassport,45,000271.jpg,0.8790257,genuine,1
dataset/clips/images\srb_passport\11\000301.jpg,srb_passport,11,000301.jpg,0.77933127,genuine,1
dataset/clips/images\svk_id\20\000277.jpg,svk_id,20,000277.jpg,0.8514602,genuine,1
dataset/clips/images\srb_passport\19\000361.jpg,srb_passport,19,000361.jpg,0.75828594,genuine,1
dataset/clips/images\aze_passport\22\000001.jpg,aze_passport,22,000001.jpg,0.0090989005,fake,0
dataset/clips/images\fin_id\78\000187.jpg,fin_id,78,000187.jpg,0.7732888,genuine,1
dataset/clips/images\lva_passport\64\000391.jpg,lva_passport,64,000391.jpg,0.57612,genuine,1
dataset/clips/images\esp_id\84\000439.jpg,esp_id,84,000439.jpg,0.8931311,genuine,1
dataset/clips/images\alb_id\29\000019.jpg,alb_id,29,000019.jpg,0.3677484,fake,0
dataset/clips/images\est_id\92\000121.jpg,est_id,92,000121.jpg,0.53756034,genuine,1
dataset/clips/images\svk_id\15\000139.jpg,svk_id,15,000139.jpg,0.9826313,genuine,1
dataset/clips/images\lva_passport\79\000103.jpg,lva_passport,79,000103.jpg,0.51182497,genuine,1
dataset/clips/images\aze_passport\03\000109.jpg,aze_passport,03,000109.jpg,0.56412876,genuine,1
dataset/clips/images\alb_id\06\000187.jpg,alb_id,06,000187.jpg,0.29178664,fake,0
dataset/clips/images\grc_passport\76\000049.jpg,grc_passport,76,000049.jpg,0.91871834,genuine,1
dataset/clips/images\svk_id\22\000337.jpg,svk_id,22,000337.jpg,0.76308304,genuine,1
dataset/clips/images\est_id\48\000019.jpg,est_id,48,000019.jpg,0.025219748,fake,0
dataset/clips/images\alb_id\88\000001.jpg,alb_id,88,000001.jpg,0.7245519,genuine,1
dataset/clips/images\rus_internalpassport\85\000331.jpg,rus_internalpassport,85,000331.jpg,0.43446478,fake,0
dataset/clips/images\alb_id\76\000271.jpg,alb_id,76,000271.jpg,0.17356746,fake,0
dataset/clips/images\svk_id\84\000235.jpg,svk_id,84,000235.jpg,0.71798414,genuine,1
dataset/clips/images\lva_passport\90\000019.jpg,lva_passport,90,000019.jpg,0.17688565,fake,0
dataset/clips/images\fin_id\36\000253.jpg,fin_id,36,000253.jpg,0.82369107,genuine,1
dataset/clips/images\aze_passport\19\000103.jpg,aze_passport,19,000103.jpg,0.21496281,fake,0
dataset/clips/images\srb_passport\09\000073.jpg,srb_passport,09,000073.jpg,0.88740957,genuine,1
dataset/clips/images\lva_passport\26\000235.jpg,lva_passport,26,000235.jpg,0.02501901,fake,0
dataset/clips/images\aze_passport\27\000055.jpg,aze_passport,27,000055.jpg,0.033708584,fake,0
dataset/clips/images\srb_passport\53\000043.jpg,srb_passport,53,000043.jpg,0.062253933,fake,0
dataset/clips/images\lva_passport\77\000457.jpg,lva_passport,77,000457.jpg,0.16037747,fake,0
dataset/clips/images\rus_internalpassport\29\000001.jpg,rus_internalpassport,29,000001.jpg,0.06901163,fake,0
dataset/clips/images\rus_internalpassport\05\000001.jpg,rus_internalpassport,05,000001.jpg,0.9464548,genuine,1
dataset/clips/images\fin_id\03\000139.jpg,fin_id,03,000139.jpg,0.9552867,genuine,1
dataset/clips/images\svk_id\25\000067.jpg,svk_id,25,000067.jpg,0.7566901,genuine,1
dataset/clips/images\svk_id\39\000151.jpg,svk_id,39,000151.jpg,0.15158638,fake,0
dataset/clips/images\lva_passport\16\000127.jpg,lva_passport,16,000127.jpg,0.83752394,genuine,1
dataset/clips/images\srb_passport\81\000379.jpg,srb_passport,81,000379.jpg,0.20658208,fake,0
dataset/clips/images\aze_passport\65\000289.jpg,aze_passport,65,000289.jpg,0.16689101,fake,0
dataset/clips/images\aze_passport\57\000241.jpg,aze_passport,57,000241.jpg,0.16558342,fake,0
dataset/clips/images\est_id\64\000241.jpg,est_id,64,000241.jpg,0.352943,fake,0
dataset/clips/images\rus_internalpassport\57\000271.jpg,rus_internalpassport,57,000271.jpg,0.4198707,fake,0
dataset/clips/images\rus_internalpassport\62\000193.jpg,rus_internalpassport,62,000193.jpg,0.44313723,fake,0
dataset/clips/images\est_id\88\000139.jpg,est_id,88,000139.jpg,0.13387202,fake,0
dataset/clips/images\est_id\03\000067.jpg,est_id,03,000067.jpg,0.07694843,fake,0
dataset/clips/images\aze_passport\74\000313.jpg,aze_passport,74,000313.jpg,0.30422515,fake,0
dataset/clips/images\lva_passport\12\000331.jpg,lva_passport,12,000331.jpg,0.19885038,fake,0
dataset/clips/images\alb_id\50\000277.jpg,alb_id,50,000277.jpg,0.5702127,genuine,1
dataset/clips/images\grc_passport\40\000175.jpg,grc_passport,40,000175.jpg,0.66786784,genuine,1
dataset/clips/images\fin_id\20\000217.jpg,fin_id,20,000217.jpg,0.47039098,fake,0
dataset/clips/images\lva_passport\92\000139.jpg,lva_passport,92,000139.jpg,0.13834204,fake,0
dataset/clips/images\svk_id\27\000325.jpg,svk_id,27,000325.jpg,0.6241983,genuine,1
dataset/clips/images\est_id\28\000043.jpg,est_id,28,000043.jpg,0.82382286,genuine,1
dataset/clips/images\srb_passport\60\000355.jpg,srb_passport,60,000355.jpg,0.014679041,fake,0
dataset/clips/images\aze_passport\79\000253.jpg,aze_passport,79,000253.jpg,0.31229877,fake,0
dataset/clips/images\svk_id\87\000313.jpg,svk_id,87,000313.jpg,0.93923867,genuine,1
dataset/clips/images\alb_id\84\000373.jpg,alb_id,84,000373.jpg,0.3762971,fake,0
dataset/clips/images\esp_id\09\000499.jpg,esp_id,09,000499.jpg,0.6373091,genuine,1
dataset/clips/images\svk_id\96\000103.jpg,svk_id,96,000103.jpg,0.4389121,fake,0
dataset/clips/images\svk_id\01\000127.jpg,svk_id,01,000127.jpg,0.9442494,genuine,1
dataset/clips/images\alb_id\84\000109.jpg,alb_id,84,000109.jpg,0.6889914,genuine,1
dataset/clips/images\lva_passport\00\000229.jpg,lva_passport,00,000229.jpg,0.63280106,genuine,1
dataset/clips/images\alb_id\77\000325.jpg,alb_id,77,000325.jpg,0.5589848,genuine,1
dataset/clips/images\est_id\84\000103.jpg,est_id,84,000103.jpg,0.47185642,fake,0
dataset/clips/images\alb_id\53\000157.jpg,alb_id,53,000157.jpg,0.45125803,fake,0
dataset/clips/images\rus_internalpassport\49\000295.jpg,rus_internalpassport,49,000295.jpg,0.37753046,fake,0
dataset/clips/images\rus_internalpassport\96\000061.jpg,rus_internalpassport,96,000061.jpg,0.16849646,fake,0
dataset/clips/images\est_id\39\000097.jpg,est_id,39,000097.jpg,0.59403545,genuine,1
dataset/clips/images\lva_passport\46\000199.jpg,lva_passport,46,000199.jpg,0.4358041,fake,0
dataset/clips/images\esp_id\39\000091.jpg,esp_id,39,000091.jpg,0.10193503,fake,0
dataset/clips/images\fin_id\86\000337.jpg,fin_id,86,000337.jpg,0.85433507,genuine,1
dataset/clips/images\srb_passport\86\000043.jpg,srb_passport,86,000043.jpg,0.037439458,fake,0
dataset/clips/images\fin_id\74\000079.jpg,fin_id,74,000079.jpg,0.08737187,fake,0
dataset/clips/images\alb_id\71\000097.jpg,alb_id,71,000097.jpg,0.1590799,fake,0
dataset/clips/images\lva_passport\84\000241.jpg,lva_passport,84,000241.jpg,0.10359874,fake,0
dataset/clips/images\esp_id\47\000031.jpg,esp_id,47,000031.jpg,0.050717376,fake,0
dataset/clips/images\rus_internalpassport\77\000133.jpg,rus_internalpassport,77,000133.jpg,0.6553428,genuine,1
dataset/clips/images\lva_passport\00\000259.jpg,lva_passport,00,000259.jpg,0.639851,genuine,1
dataset/clips/images\srb_passport\46\000055.jpg,srb_passport,46,000055.jpg,0.23691201,fake,0
dataset/clips/images\grc_passport\82\000457.jpg,grc_passport,82,000457.jpg,0.17192923,fake,0
dataset/clips/images\svk_id\29\000115.jpg,svk_id,29,000115.jpg,0.54869556,genuine,1
dataset/clips/images\rus_internalpassport\79\000301.jpg,rus_internalpassport,79,000301.jpg,0.76846725,genuine,1
dataset/clips/images\fin_id\54\000439.jpg,fin_id,54,000439.jpg,0.08974288,fake,0
dataset/clips/images\srb_passport\38\000007.jpg,srb_passport,38,000007.jpg,0.76092577,genuine,1
dataset/clips/images\grc_passport\15\000403.jpg,grc_passport,15,000403.jpg,0.6043332,genuine,1
dataset/clips/images\esp_id\58\000019.jpg,esp_id,58,000019.jpg,0.1415227,fake,0
dataset/clips/images\lva_passport\26\000163.jpg,lva_passport,26,000163.jpg,0.2576517,fake,0
dataset/clips/images\fin_id\31\000301.jpg,fin_id,31,000301.jpg,0.5586763,genuine,1
dataset/clips/images\srb_passport\71\000019.jpg,srb_passport,71,000019.jpg,0.12045101,fake,0
dataset/clips/images\grc_passport\71\000187.jpg,grc_passport,71,000187.jpg,0.9170194,genuine,1
dataset/clips/images\fin_id\89\000493.jpg,fin_id,89,000493.jpg,0.4574069,fake,0
dataset/clips/images\fin_id\87\000205.jpg,fin_id,87,000205.jpg,0.10359007,fake,0
dataset/clips/images\rus_internalpassport\61\000151.jpg,rus_internalpassport,61,000151.jpg,0.39412305,fake,0
dataset/clips/images\srb_passport\05\000085.jpg,srb_passport,05,000085.jpg,0.8399338,genuine,1
dataset/clips/images\rus_internalpassport\78\000145.jpg,rus_internalpassport,78,000145.jpg,0.38881683,fake,0
dataset/clips/images\grc_passport\45\000037.jpg,grc_passport,45,000037.jpg,0.11944576,fake,0
dataset/clips/images\grc_passport\89\000025.jpg,grc_passport,89,000025.jpg,0.6841322,genuine,1
dataset/clips/images\est_id\55\000097.jpg,est_id,55,000097.jpg,0.44935384,fake,0
dataset/clips/images\lva_passport\18\000139.jpg,lva_passport,18,000139.jpg,0.82741475,genuine,1
dataset/clips/images\aze_passport\21\000187.jpg,aze_passport,21,000187.jpg,0.3192872,fake,0
dataset/clips/images\aze_passport\59\000229.jpg,aze_passport,59,000229.jpg,0.018366374,fake,0
dataset/clips/images\esp_id\49\000097.jpg,esp_id,49,000097.jpg,0.3346647,fake,0
dataset/clips/images\rus_internalpassport\10\000127.jpg,rus_internalpassport,10,000127.jpg,0.7489432,genuine,1
dataset/clips/images\rus_internalpassport\04\000355.jpg,rus_internalpassport,04,000355.jpg,0.83118534,genuine,1
dataset/clips/images\alb_id\59\000367.jpg,alb_id,59,000367.jpg,0.12677854,fake,0
dataset/clips/images\lva_passport\03\000097.jpg,lva_passport,03,000097.jpg,0.74790657,genuine,1
dataset/clips/images\fin_id\71\000499.jpg,fin_id,71,000499.jpg,0.7223761,genuine,1
dataset/clips/images\esp_id\48\000205.jpg,esp_id,48,000205.jpg,0.43706575,fake,0
dataset/clips/images\srb_passport\14\000115.jpg,srb_passport,14,000115.jpg,0.79877245,genuine,1
dataset/clips/images\fin_id\77\000457.jpg,fin_id,77,000457.jpg,0.42174724,fake,0
dataset/clips/images\grc_passport\63\000205.jpg,grc_passport,63,000205.jpg,0.46867436,fake,0
dataset/clips/images\alb_id\56\000025.jpg,alb_id,56,000025.jpg,0.55304503,genuine,1
dataset/clips/images\svk_id\72\000235.jpg,svk_id,72,000235.jpg,0.5422656,genuine,1
dataset/clips/images\svk_id\84\000487.jpg,svk_id,84,000487.jpg,0.92254114,genuine,1
dataset/clips/images\lva_passport\91\000325.jpg,lva_passport,91,000325.jpg,0.6674013,genuine,1
dataset/clips/images\rus_internalpassport\15\000157.jpg,rus_internalpassport,15,000157.jpg,0.7297342,genuine,1
dataset/clips/images\rus_internalpassport\06\000247.jpg,rus_internalpassport,06,000247.jpg,0.55555415,genuine,1
dataset/clips/images\rus_internalpassport\75\000175.jpg,rus_internalpassport,75,000175.jpg,0.7252718,genuine,1
dataset/clips/images\esp_id\57\000013.jpg,esp_id,57,000013.jpg,0.05165073,fake,0
dataset/clips/images\est_id\89\000163.jpg,est_id,89,000163.jpg,0.053730227,fake,0
dataset/clips/images\alb_id\27\000223.jpg,alb_id,27,000223.jpg,0.47979686,fake,0
dataset/clips/images\svk_id\03\000223.jpg,svk_id,03,000223.jpg,0.99225736,genuine,1
dataset/clips/images\fin_id\90\000343.jpg,fin_id,90,000343.jpg,0.4643641,fake,0
dataset/clips/images\alb_id\18\000301.jpg,alb_id,18,000301.jpg,0.33730295,fake,0
dataset/clips/images\rus_internalpassport\94\000031.jpg,rus_internalpassport,94,000031.jpg,0.87735105,genuine,1
dataset/clips/images\aze_passport\10\000187.jpg,aze_passport,10,000187.jpg,0.8631412,genuine,1
dataset/clips/images\esp_id\14\000295.jpg,esp_id,14,000295.jpg,0.8622336,genuine,1
dataset/clips/images\rus_internalpassport\85\000307.jpg,rus_internalpassport,85,000307.jpg,0.8399766,genuine,1
dataset/clips/images\srb_passport\63\000115.jpg,srb_passport,63,000115.jpg,0.009142805,fake,0
dataset/clips/images\fin_id\47\000061.jpg,fin_id,47,000061.jpg,0.023134489,fake,0
dataset/clips/images\esp_id\37\000199.jpg,esp_id,37,000199.jpg,0.18890163,fake,0
dataset/clips/images\esp_id\19\000247.jpg,esp_id,19,000247.jpg,0.8963378,genuine,1
dataset/clips/images\grc_passport\76\000139.jpg,grc_passport,76,000139.jpg,0.4457231,fake,0
dataset/clips/images\lva_passport\21\000283.jpg,lva_passport,21,000283.jpg,0.34493616,fake,0
dataset/clips/images\fin_id\19\000319.jpg,fin_id,19,000319.jpg,0.62571967,genuine,1
dataset/clips/images\fin_id\43\000073.jpg,fin_id,43,000073.jpg,0.9459151,genuine,1
dataset/clips/images\fin_id\08\000241.jpg,fin_id,08,000241.jpg,0.88259804,genuine,1
dataset/clips/images\fin_id\75\000175.jpg,fin_id,75,000175.jpg,0.9599634,genuine,1
dataset/clips/images\svk_id\30\000127.jpg,svk_id,30,000127.jpg,0.6252589,genuine,1
dataset/clips/images\fin_id\67\000001.jpg,fin_id,67,000001.jpg,0.03876937,fake,0
dataset/clips/images\srb_passport\10\000265.jpg,srb_passport,10,000265.jpg,0.6193602,genuine,1
dataset/clips/images\aze_passport\22\000151.jpg,aze_passport,22,000151.jpg,0.4487473,fake,0
dataset/clips/images\lva_passport\54\000301.jpg,lva_passport,54,000301.jpg,0.21215914,fake,0
dataset/clips/images\fin_id\07\000415.jpg,fin_id,07,000415.jpg,0.76708484,genuine,1
dataset/clips/images\alb_id\99\000337.jpg,alb_id,99,000337.jpg,0.7481128,genuine,1
dataset/clips/images\alb_id\56\000457.jpg,alb_id,56,000457.jpg,0.6423128,genuine,1
dataset/clips/images\srb_passport\72\000529.jpg,srb_passport,72,000529.jpg,0.2873803,fake,0
dataset/clips/images\fin_id\93\000313.jpg,fin_id,93,000313.jpg,0.5445128,genuine,1
dataset/clips/images\srb_passport\53\000385.jpg,srb_passport,53,000385.jpg,0.14668123,fake,0
dataset/clips/images\est_id\52\000031.jpg,est_id,52,000031.jpg,0.2632683,fake,0
dataset/clips/images\grc_passport\41\000157.jpg,grc_passport,41,000157.jpg,0.9673425,genuine,1
dataset/clips/images\fin_id\28\000265.jpg,fin_id,28,000265.jpg,0.05588496,fake,0
dataset/clips/images\grc_passport\88\000307.jpg,grc_passport,88,000307.jpg,0.09350586,fake,0
dataset/clips/images\grc_passport\22\000043.jpg,grc_passport,22,000043.jpg,0.51705956,genuine,1
dataset/clips/images\srb_passport\59\000295.jpg,srb_passport,59,000295.jpg,0.17372756,fake,0
dataset/clips/images\est_id\05\000259.jpg,est_id,05,000259.jpg,0.7778796,genuine,1
dataset/clips/images\svk_id\54\000379.jpg,svk_id,54,000379.jpg,0.90600777,genuine,1
dataset/clips/images\fin_id\38\000271.jpg,fin_id,38,000271.jpg,0.89580375,genuine,1
dataset/clips/images\esp_id\20\000121.jpg,esp_id,20,000121.jpg,0.60083926,genuine,1
dataset/clips/images\lva_passport\73\000115.jpg,lva_passport,73,000115.jpg,0.2647611,fake,0
dataset/clips/images\alb_id\94\000331.jpg,alb_id,94,000331.jpg,0.8634658,genuine,1
dataset/clips/images\grc_passport\85\000097.jpg,grc_passport,85,000097.jpg,0.019019812,fake,0
dataset/clips/images\fin_id\21\000247.jpg,fin_id,21,000247.jpg,0.7807869,genuine,1
dataset/clips/images\rus_internalpassport\63\000223.jpg,rus_internalpassport,63,000223.jpg,0.3575479,fake,0
dataset/clips/images\rus_internalpassport\97\000025.jpg,rus_internalpassport,97,000025.jpg,0.7931553,genuine,1
dataset/clips/images\fin_id\47\000253.jpg,fin_id,47,000253.jpg,0.01835175,fake,0
dataset/clips/images\est_id\87\000199.jpg,est_id,87,000199.jpg,0.5936562,genuine,1
dataset/clips/images\fin_id\29\000223.jpg,fin_id,29,000223.jpg,0.5776028,genuine,1
dataset/clips/images\grc_passport\91\000121.jpg,grc_passport,91,000121.jpg,0.046903614,fake,0
dataset/clips/images\srb_passport\71\000121.jpg,srb_passport,71,000121.jpg,0.8502698,genuine,1
dataset/clips/images\alb_id\12\000283.jpg,alb_id,12,000283.jpg,0.46151024,fake,0
dataset/clips/images\aze_passport\52\000205.jpg,aze_passport,52,000205.jpg,0.8617052,genuine,1
dataset/clips/images\lva_passport\52\000295.jpg,lva_passport,52,000295.jpg,0.13834733,fake,0
dataset/clips/images\fin_id\72\000253.jpg,fin_id,72,000253.jpg,0.026796531,fake,0
dataset/clips/images\esp_id\15\000373.jpg,esp_id,15,000373.jpg,0.83765185,genuine,1
dataset/clips/images\rus_internalpassport\05\000067.jpg,rus_internalpassport,05,000067.jpg,0.88045096,genuine,1
dataset/clips/images\rus_internalpassport\72\000289.jpg,rus_internalpassport,72,000289.jpg,0.461857,fake,0
dataset/clips/images\alb_id\67\000343.jpg,alb_id,67,000343.jpg,0.63006413,genuine,1
dataset/clips/images\fin_id\27\000175.jpg,fin_id,27,000175.jpg,0.06250451,fake,0
dataset/clips/images\svk_id\41\000037.jpg,svk_id,41,000037.jpg,0.9967508,genuine,1
dataset/clips/images\svk_id\44\000181.jpg,svk_id,44,000181.jpg,0.9949582,genuine,1
dataset/clips/images\srb_passport\38\000301.jpg,srb_passport,38,000301.jpg,0.6823895,genuine,1
dataset/clips/images\srb_passport\48\000061.jpg,srb_passport,48,000061.jpg,0.22783278,fake,0
dataset/clips/images\grc_passport\27\000205.jpg,grc_passport,27,000205.jpg,0.2573556,fake,0
dataset/clips/images\alb_id\23\000109.jpg,alb_id,23,000109.jpg,0.46491817,fake,0
dataset/clips/images\grc_passport\41\000307.jpg,grc_passport,41,000307.jpg,0.9879846,genuine,1
dataset/clips/images\rus_internalpassport\79\000253.jpg,rus_internalpassport,79,000253.jpg,0.7895329,genuine,1
dataset/clips/images\rus_internalpassport\90\000019.jpg,rus_internalpassport,90,000019.jpg,0.4094202,fake,0
dataset/clips/images\rus_internalpassport\08\000385.jpg,rus_internalpassport,08,000385.jpg,0.8067962,genuine,1
dataset/clips/images\aze_passport\33\000331.jpg,aze_passport,33,000331.jpg,0.28329432,fake,0
dataset/clips/images\est_id\85\000361.jpg,est_id,85,000361.jpg,0.47680965,fake,0
dataset/clips/images\srb_passport\04\000025.jpg,srb_passport,04,000025.jpg,0.89276385,genuine,1
dataset/clips/images\alb_id\14\000139.jpg,alb_id,14,000139.jpg,0.68598896,genuine,1
dataset/clips/images\fin_id\05\000103.jpg,fin_id,05,000103.jpg,0.8334476,genuine,1
dataset/clips/images\srb_passport\34\000031.jpg,srb_passport,34,000031.jpg,0.6288293,genuine,1
dataset/clips/images\alb_id\48\000289.jpg,alb_id,48,000289.jpg,0.69287807,genuine,1
dataset/clips/images\fin_id\92\000229.jpg,fin_id,92,000229.jpg,0.90093464,genuine,1
dataset/clips/images\est_id\66\000211.jpg,est_id,66,000211.jpg,0.26183048,fake,0
dataset/clips/images\alb_id\47\000151.jpg,alb_id,47,000151.jpg,0.47550744,fake,0
dataset/clips/images\aze_passport\81\000247.jpg,aze_passport,81,000247.jpg,0.62017137,genuine,1
dataset/clips/images\svk_id\76\000013.jpg,svk_id,76,000013.jpg,0.88355756,genuine,1
dataset/clips/images\grc_passport\23\000409.jpg,grc_passport,23,000409.jpg,0.13197346,fake,0
dataset/clips/images\grc_passport\45\000013.jpg,grc_passport,45,000013.jpg,0.08869427,fake,0
dataset/clips/images\est_id\65\000229.jpg,est_id,65,000229.jpg,0.5565428,genuine,1
dataset/clips/images\grc_passport\90\000097.jpg,grc_passport,90,000097.jpg,0.06639361,fake,0
dataset/clips/images\srb_passport\72\000535.jpg,srb_passport,72,000535.jpg,0.19684185,fake,0
dataset/clips/images\est_id\61\000085.jpg,est_id,61,000085.jpg,0.24512109,fake,0
dataset/clips/images\est_id\40\000175.jpg,est_id,40,000175.jpg,0.66643906,genuine,1
dataset/clips/images\grc_passport\71\000115.jpg,grc_passport,71,000115.jpg,0.9845087,genuine,1
dataset/clips/images\rus_internalpassport\85\000037.jpg,rus_internalpassport,85,000037.jpg,0.9813141,genuine,1
dataset/clips/images\alb_id\66\000061.jpg,alb_id,66,000061.jpg,0.3054743,fake,0
dataset/clips/images\svk_id\43\000301.jpg,svk_id,43,000301.jpg,0.94045025,genuine,1
dataset/clips/images\alb_id\52\000157.jpg,alb_id,52,000157.jpg,0.059674982,fake,0
dataset/clips/images\lva_passport\02\000247.jpg,lva_passport,02,000247.jpg,0.64831007,genuine,1
dataset/clips/images\svk_id\62\000079.jpg,svk_id,62,000079.jpg,0.32495144,fake,0
dataset/clips/images\rus_internalpassport\27\000193.jpg,rus_internalpassport,27,000193.jpg,0.16965367,fake,0
dataset/clips/images\rus_internalpassport\05\000403.jpg,rus_internalpassport,05,000403.jpg,0.9322463,genuine,1
dataset/clips/images\alb_id\30\000217.jpg,alb_id,30,000217.jpg,0.46749103,fake,0
dataset/clips/images\grc_passport\55\000343.jpg,grc_passport,55,000343.jpg,0.650687,genuine,1
dataset/clips/images\alb_id\58\000235.jpg,alb_id,58,000235.jpg,0.7584555,genuine,1
dataset/clips/images\fin_id\90\000061.jpg,fin_id,90,000061.jpg,0.20679063,fake,0
dataset/clips/images\fin_id\57\000319.jpg,fin_id,57,000319.jpg,0.03443082,fake,0
dataset/clips/images\alb_id\90\000091.jpg,alb_id,90,000091.jpg,0.5808929,genuine,1
dataset/clips/images\srb_passport\21\000307.jpg,srb_passport,21,000307.jpg,0.20105487,fake,0
dataset/clips/images\svk_id\04\000115.jpg,svk_id,04,000115.jpg,0.8839883,genuine,1
dataset/clips/images\srb_passport\81\000403.jpg,srb_passport,81,000403.jpg,0.045134835,fake,0
dataset/clips/images\aze_passport\88\000037.jpg,aze_passport,88,000037.jpg,0.18984073,fake,0
dataset/clips/images\fin_id\95\000283.jpg,fin_id,95,000283.jpg,0.11937618,fake,0
dataset/clips/images\fin_id\65\000235.jpg,fin_id,65,000235.jpg,0.21350127,fake,0
dataset/clips/images\srb_passport\24\000007.jpg,srb_passport,24,000007.jpg,0.060794406,fake,0
dataset/clips/images\fin_id\85\000277.jpg,fin_id,85,000277.jpg,0.76019883,genuine,1
dataset/clips/images\aze_passport\29\000403.jpg,aze_passport,29,000403.jpg,0.47332445,fake,0
dataset/clips/images\alb_id\78\000271.jpg,alb_id,78,000271.jpg,0.6517861,genuine,1
dataset/clips/images\est_id\94\000187.jpg,est_id,94,000187.jpg,0.36459813,fake,0
dataset/clips/images\rus_internalpassport\56\000325.jpg,rus_internalpassport,56,000325.jpg,0.56391203,genuine,1
dataset/clips/images\rus_internalpassport\21\000271.jpg,rus_internalpassport,21,000271.jpg,0.044604395,fake,0
dataset/clips/images\est_id\33\000175.jpg,est_id,33,000175.jpg,0.5678592,genuine,1
dataset/clips/images\esp_id\73\000019.jpg,esp_id,73,000019.jpg,0.6947214,genuine,1
dataset/clips/images\srb_passport\44\000187.jpg,srb_passport,44,000187.jpg,0.81553364,genuine,1
dataset/clips/images\grc_passport\66\000331.jpg,grc_passport,66,000331.jpg,0.010652642,fake,0
dataset/clips/images\esp_id\20\000145.jpg,esp_id,20,000145.jpg,0.68200684,genuine,1
dataset/clips/images\lva_passport\11\000277.jpg,lva_passport,11,000277.jpg,0.8536401,genuine,1
dataset/clips/images\est_id\58\000079.jpg,est_id,58,000079.jpg,0.6622437,genuine,1
dataset/clips/images\alb_id\35\000049.jpg,alb_id,35,000049.jpg,0.13829546,fake,0
dataset/clips/images\alb_id\11\000193.jpg,alb_id,11,000193.jpg,0.82211584,genuine,1
dataset/clips/images\fin_id\83\000007.jpg,fin_id,83,000007.jpg,0.21717833,fake,0
dataset/clips/images\svk_id\51\000247.jpg,svk_id,51,000247.jpg,0.1891582,fake,0
dataset/clips/images\svk_id\14\000277.jpg,svk_id,14,000277.jpg,0.928263,genuine,1
dataset/clips/images\svk_id\93\000235.jpg,svk_id,93,000235.jpg,0.546471,genuine,1
dataset/clips/images\grc_passport\21\000325.jpg,grc_passport,21,000325.jpg,0.38367635,fake,0
dataset/clips/images\alb_id\87\000349.jpg,alb_id,87,000349.jpg,0.26180375,fake,0
dataset/clips/images\lva_passport\74\000385.jpg,lva_passport,74,000385.jpg,0.671019,genuine,1
dataset/clips/images\grc_passport\02\000265.jpg,grc_passport,02,000265.jpg,0.8422026,genuine,1
dataset/clips/images\svk_id\78\000199.jpg,svk_id,78,000199.jpg,0.87986016,genuine,1
dataset/clips/images\esp_id\02\000241.jpg,esp_id,02,000241.jpg,0.8330476,genuine,1
dataset/clips/images\est_id\44\000331.jpg,est_id,44,000331.jpg,0.36731163,fake,0
dataset/clips/images\alb_id\08\000181.jpg,alb_id,08,000181.jpg,0.29498783,fake,0
dataset/clips/images\aze_passport\27\000205.jpg,aze_passport,27,000205.jpg,0.05693643,fake,0
dataset/clips/images\grc_passport\41\000193.jpg,grc_passport,41,000193.jpg,0.98579544,genuine,1
dataset/clips/images\esp_id\02\000049.jpg,esp_id,02,000049.jpg,0.8978434,genuine,1
dataset/clips/images\alb_id\65\000037.jpg,alb_id,65,000037.jpg,0.33056855,fake,0
dataset/clips/images\srb_passport\26\000037.jpg,srb_passport,26,000037.jpg,0.24042828,fake,0
dataset/clips/images\aze_passport\61\000079.jpg,aze_passport,61,000079.jpg,0.030398887,fake,0
dataset/clips/images\esp_id\24\000199.jpg,esp_id,24,000199.jpg,0.19378619,fake,0
dataset/clips/images\rus_internalpassport\16\000115.jpg,rus_internalpassport,16,000115.jpg,0.4368204,fake,0
dataset/clips/images\alb_id\10\000313.jpg,alb_id,10,000313.jpg,0.273208,fake,0
dataset/clips/images\fin_id\48\000325.jpg,fin_id,48,000325.jpg,0.8867006,genuine,1
dataset/clips/images\rus_internalpassport\50\000325.jpg,rus_internalpassport,50,000325.jpg,0.30808544,fake,0
dataset/clips/images\aze_passport\96\000115.jpg,aze_passport,96,000115.jpg,0.401476,fake,0
dataset/clips/images\lva_passport\43\000235.jpg,lva_passport,43,000235.jpg,0.26076975,fake,0
dataset/clips/images\alb_id\51\000133.jpg,alb_id,51,000133.jpg,0.6415,genuine,1
dataset/clips/images\est_id\60\000199.jpg,est_id,60,000199.jpg,0.29829964,fake,0
dataset/clips/images\grc_passport\51\000103.jpg,grc_passport,51,000103.jpg,0.65118474,genuine,1
dataset/clips/images\est_id\85\000265.jpg,est_id,85,000265.jpg,0.37388566,fake,0
dataset/clips/images\rus_internalpassport\66\000241.jpg,rus_internalpassport,66,000241.jpg,0.98727137,genuine,1
dataset/clips/images\alb_id\69\000205.jpg,alb_id,69,000205.jpg,0.39157555,fake,0
dataset/clips/images\aze_passport\81\000037.jpg,aze_passport,81,000037.jpg,0.69703215,genuine,1
dataset/clips/images\alb_id\53\000253.jpg,alb_id,53,000253.jpg,0.9871379,genuine,1
dataset/clips/images\grc_passport\44\000097.jpg,grc_passport,44,000097.jpg,0.16757429,fake,0
dataset/clips/images\est_id\99\000097.jpg,est_id,99,000097.jpg,0.22718067,fake,0
dataset/clips/images\esp_id\29\000133.jpg,esp_id,29,000133.jpg,0.12396962,fake,0
dataset/clips/images\lva_passport\74\000433.jpg,lva_passport,74,000433.jpg,0.67204183,genuine,1
dataset/clips/images\rus_internalpassport\43\000091.jpg,rus_internalpassport,43,000091.jpg,0.19261664,fake,0
dataset/clips/images\alb_id\86\000331.jpg,alb_id,86,000331.jpg,0.4639664,fake,0
dataset/clips/images\est_id\50\000295.jpg,est_id,50,000295.jpg,0.56210697,genuine,1
dataset/clips/images\alb_id\83\000031.jpg,alb_id,83,000031.jpg,0.44090763,fake,0
dataset/clips/images\est_id\40\000343.jpg,est_id,40,000343.jpg,0.9175654,genuine,1
dataset/clips/images\alb_id\91\000265.jpg,alb_id,91,000265.jpg,0.6706319,genuine,1
dataset/clips/images\aze_passport\41\000253.jpg,aze_passport,41,000253.jpg,0.4634645,fake,0
dataset/clips/images\aze_passport\76\000541.jpg,aze_passport,76,000541.jpg,0.5981449,genuine,1
dataset/clips/images\alb_id\38\000271.jpg,alb_id,38,000271.jpg,0.6527769,genuine,1
dataset/clips/images\aze_passport\88\000169.jpg,aze_passport,88,000169.jpg,0.08820277,fake,0
dataset/clips/images\est_id\11\000151.jpg,est_id,11,000151.jpg,0.6286836,genuine,1
dataset/clips/images\esp_id\10\000349.jpg,esp_id,10,000349.jpg,0.7962592,genuine,1
dataset/clips/images\esp_id\73\000313.jpg,esp_id,73,000313.jpg,0.84372365,genuine,1
dataset/clips/images\srb_passport\50\000253.jpg,srb_passport,50,000253.jpg,0.56317306,genuine,1
dataset/clips/images\fin_id\56\000019.jpg,fin_id,56,000019.jpg,0.47440594,fake,0
dataset/clips/images\fin_id\94\000115.jpg,fin_id,94,000115.jpg,0.274067,fake,0
dataset/clips/images\est_id\13\000109.jpg,est_id,13,000109.jpg,0.17079951,fake,0
dataset/clips/images\est_id\90\000169.jpg,est_id,90,000169.jpg,0.52996904,genuine,1
dataset/clips/images\aze_passport\77\000331.jpg,aze_passport,77,000331.jpg,0.79060715,genuine,1
dataset/clips/images\est_id\73\000169.jpg,est_id,73,000169.jpg,0.101922855,fake,0
dataset/clips/images\srb_passport\06\000403.jpg,srb_passport,06,000403.jpg,0.91496706,genuine,1
dataset/clips/images\est_id\62\000139.jpg,est_id,62,000139.jpg,0.27906933,fake,0
dataset/clips/images\alb_id\88\000397.jpg,alb_id,88,000397.jpg,0.73449886,genuine,1
dataset/clips/images\lva_passport\05\000163.jpg,lva_passport,05,000163.jpg,0.7351324,genuine,1
dataset/clips/images\srb_passport\22\000193.jpg,srb_passport,22,000193.jpg,0.29011586,fake,0
dataset/clips/images\aze_passport\82\000415.jpg,aze_passport,82,000415.jpg,0.0427794,fake,0
dataset/clips/images\grc_passport\03\000091.jpg,grc_passport,03,000091.jpg,0.43294817,fake,0
dataset/clips/images\alb_id\74\000331.jpg,alb_id,74,000331.jpg,0.09496437,fake,0
dataset/clips/images\rus_internalpassport\66\000109.jpg,rus_internalpassport,66,000109.jpg,0.8769576,genuine,1
dataset/clips/images\lva_passport\84\000181.jpg,lva_passport,84,000181.jpg,0.08733566,fake,0
dataset/clips/images\grc_passport\51\000229.jpg,grc_passport,51,000229.jpg,0.4482455,fake,0
dataset/clips/images\lva_passport\04\000169.jpg,lva_passport,04,000169.jpg,0.85889554,genuine,1
dataset/clips/images\svk_id\29\000235.jpg,svk_id,29,000235.jpg,0.75461686,genuine,1
dataset/clips/images\svk_id\03\000355.jpg,svk_id,03,000355.jpg,0.96570885,genuine,1
dataset/clips/images\srb_passport\99\000337.jpg,srb_passport,99,000337.jpg,0.15951627,fake,0
dataset/clips/images\est_id\55\000235.jpg,est_id,55,000235.jpg,0.23229146,fake,0
dataset/clips/images\lva_passport\02\000007.jpg,lva_passport,02,000007.jpg,0.93176675,genuine,1
dataset/clips/images\alb_id\14\000013.jpg,alb_id,14,000013.jpg,0.79266775,genuine,1
dataset/clips/images\rus_internalpassport\78\000169.jpg,rus_internalpassport,78,000169.jpg,0.26984683,fake,0
dataset/clips/images\lva_passport\87\000337.jpg,lva_passport,87,000337.jpg,0.6633631,genuine,1
dataset/clips/images\aze_passport\52\000217.jpg,aze_passport,52,000217.jpg,0.8653009,genuine,1
dataset/clips/images\grc_passport\54\000337.jpg,grc_passport,54,000337.jpg,0.20731007,fake,0
dataset/clips/images\aze_passport\97\000181.jpg,aze_passport,97,000181.jpg,0.14638358,fake,0
dataset/clips/images\fin_id\09\000217.jpg,fin_id,09,000217.jpg,0.7342237,genuine,1
dataset/clips/images\grc_passport\57\000223.jpg,grc_passport,57,000223.jpg,0.51359296,genuine,1
dataset/clips/images\alb_id\17\000169.jpg,alb_id,17,000169.jpg,0.28853288,fake,0
dataset/clips/images\aze_passport\76\000445.jpg,aze_passport,76,000445.jpg,0.79964435,genuine,1
dataset/clips/images\srb_passport\63\000247.jpg,srb_passport,63,000247.jpg,0.023155883,fake,0
dataset/clips/images\esp_id\75\000415.jpg,esp_id,75,000415.jpg,0.20439366,fake,0
dataset/clips/images\alb_id\90\000211.jpg,alb_id,90,000211.jpg,0.85462016,genuine,1
dataset/clips/images\fin_id\65\000193.jpg,fin_id,65,000193.jpg,0.25452843,fake,0
dataset/clips/images\esp_id\21\000319.jpg,esp_id,21,000319.jpg,0.36696616,fake,0
dataset/clips/images\esp_id\46\000211.jpg,esp_id,46,000211.jpg,0.062408406,fake,0
dataset/clips/images\alb_id\76\000259.jpg,alb_id,76,000259.jpg,0.11010163,fake,0
dataset/clips/images\rus_internalpassport\66\000289.jpg,rus_internalpassport,66,000289.jpg,0.9523018,genuine,1
dataset/clips/images\lva_passport\88\000121.jpg,lva_passport,88,000121.jpg,0.613286,genuine,1
dataset/clips/images\fin_id\68\000181.jpg,fin_id,68,000181.jpg,0.05510006,fake,0
dataset/clips/images\esp_id\47\000205.jpg,esp_id,47,000205.jpg,0.72614276,genuine,1
dataset/clips/images\srb_passport\91\000067.jpg,srb_passport,91,000067.jpg,0.22692756,fake,0
dataset/clips/images\esp_id\31\000367.jpg,esp_id,31,000367.jpg,0.14609425,fake,0
dataset/clips/images\fin_id\15\000007.jpg,fin_id,15,000007.jpg,0.6994047,genuine,1
dataset/clips/images\srb_passport\64\000031.jpg,srb_passport,64,000031.jpg,0.037971087,fake,0
dataset/clips/images\srb_passport\32\000241.jpg,srb_passport,32,000241.jpg,0.5116533,genuine,1
dataset/clips/images\lva_passport\97\000097.jpg,lva_passport,97,000097.jpg,0.89932525,genuine,1
dataset/clips/images\est_id\52\000121.jpg,est_id,52,000121.jpg,0.25588575,fake,0
dataset/clips/images\alb_id\61\000193.jpg,alb_id,61,000193.jpg,0.123563945,fake,0
dataset/clips/images\grc_passport\67\000241.jpg,grc_passport,67,000241.jpg,0.035450447,fake,0
dataset/clips/images\svk_id\48\000211.jpg,svk_id,48,000211.jpg,0.73063004,genuine,1
dataset/clips/images\esp_id\68\000145.jpg,esp_id,68,000145.jpg,0.06391763,fake,0
dataset/clips/images\svk_id\25\000325.jpg,svk_id,25,000325.jpg,0.7831732,genuine,1
dataset/clips/images\aze_passport\83\000301.jpg,aze_passport,83,000301.jpg,0.11738203,fake,0
dataset/clips/images\est_id\24\000193.jpg,est_id,24,000193.jpg,0.67650557,genuine,1
dataset/clips/images\aze_passport\76\000565.jpg,aze_passport,76,000565.jpg,0.4340457,fake,0
dataset/clips/images\svk_id\97\000211.jpg,svk_id,97,000211.jpg,0.7593664,genuine,1
dataset/clips/images\esp_id\72\000367.jpg,esp_id,72,000367.jpg,0.50394785,genuine,1
dataset/clips/images\grc_passport\20\000025.jpg,grc_passport,20,000025.jpg,0.4244208,fake,0
dataset/clips/images\aze_passport\98\000355.jpg,aze_passport,98,000355.jpg,0.48636848,fake,0
dataset/clips/images\lva_passport\60\000241.jpg,lva_passport,60,000241.jpg,0.0077677,fake,0
dataset/clips/images\svk_id\05\000259.jpg,svk_id,05,000259.jpg,0.9307316,genuine,1
dataset/clips/images\fin_id\17\000445.jpg,fin_id,17,000445.jpg,0.841342,genuine,1
dataset/clips/images\aze_passport\28\000127.jpg,aze_passport,28,000127.jpg,0.16056725,fake,0
dataset/clips/images\alb_id\51\000013.jpg,alb_id,51,000013.jpg,0.058723334,fake,0
dataset/clips/images\fin_id\07\000085.jpg,fin_id,07,000085.jpg,0.6776132,genuine,1
dataset/clips/images\rus_internalpassport\00\000061.jpg,rus_internalpassport,00,000061.jpg,0.8199526,genuine,1
dataset/clips/images\esp_id\09\000019.jpg,esp_id,09,000019.jpg,0.8586726,genuine,1
dataset/clips/images\est_id\74\000073.jpg,est_id,74,000073.jpg,0.50355005,genuine,1
dataset/clips/images\svk_id\04\000337.jpg,svk_id,04,000337.jpg,0.8326269,genuine,1
dataset/clips/images\srb_passport\54\000367.jpg,srb_passport,54,000367.jpg,0.014064222,fake,0
dataset/clips/images\fin_id\75\000415.jpg,fin_id,75,000415.jpg,0.82277095,genuine,1
dataset/clips/images\rus_internalpassport\19\000325.jpg,rus_internalpassport,19,000325.jpg,0.6461303,genuine,1
dataset/clips/images\est_id\55\000217.jpg,est_id,55,000217.jpg,0.3882728,fake,0
dataset/clips/images\srb_passport\06\000301.jpg,srb_passport,06,000301.jpg,0.82886857,genuine,1
dataset/clips/images\est_id\04\000001.jpg,est_id,04,000001.jpg,0.27088746,fake,0
dataset/clips/images\alb_id\01\000163.jpg,alb_id,01,000163.jpg,0.40911782,fake,0
dataset/clips/images\grc_passport\79\000307.jpg,grc_passport,79,000307.jpg,0.06114678,fake,0
dataset/clips/images\est_id\15\000157.jpg,est_id,15,000157.jpg,0.8103374,genuine,1
dataset/clips/images\est_id\45\000163.jpg,est_id,45,000163.jpg,0.13181096,fake,0
dataset/clips/images\rus_internalpassport\28\000181.jpg,rus_internalpassport,28,000181.jpg,0.15130171,fake,0
dataset/clips/images\fin_id\57\000307.jpg,fin_id,57,000307.jpg,0.014701182,fake,0
dataset/clips/images\fin_id\03\000025.jpg,fin_id,03,000025.jpg,0.89246404,genuine,1
dataset/clips/images\esp_id\65\000199.jpg,esp_id,65,000199.jpg,0.18691051,fake,0
dataset/clips/images\grc_passport\86\000055.jpg,grc_passport,86,000055.jpg,0.89844835,genuine,1
dataset/clips/images\est_id\07\000295.jpg,est_id,07,000295.jpg,0.250115,fake,0
dataset/clips/images\alb_id\25\000139.jpg,alb_id,25,000139.jpg,0.22512478,fake,0
dataset/clips/images\est_id\76\000061.jpg,est_id,76,000061.jpg,0.25679854,fake,0
dataset/clips/images\srb_passport\83\000013.jpg,srb_passport,83,000013.jpg,0.07623046,fake,0
dataset/clips/images\svk_id\70\000091.jpg,svk_id,70,000091.jpg,0.5415502,genuine,1
dataset/clips/images\grc_passport\02\000199.jpg,grc_passport,02,000199.jpg,0.86762697,genuine,1
dataset/clips/images\srb_passport\22\000007.jpg,srb_passport,22,000007.jpg,0.15988462,fake,0
dataset/clips/images\svk_id\49\000373.jpg,svk_id,49,000373.jpg,0.98533463,genuine,1
dataset/clips/images\srb_passport\67\000337.jpg,srb_passport,67,000337.jpg,0.5236852,genuine,1
dataset/clips/images\grc_passport\99\000007.jpg,grc_passport,99,000007.jpg,0.17070247,fake,0
dataset/clips/images\srb_passport\93\000367.jpg,srb_passport,93,000367.jpg,0.21063802,fake,0
dataset/clips/images\esp_id\53\000025.jpg,esp_id,53,000025.jpg,0.16341186,fake,0
dataset/clips/images\fin_id\80\000109.jpg,fin_id,80,000109.jpg,0.22415185,fake,0
dataset/clips/images\grc_passport\93\000181.jpg,grc_passport,93,000181.jpg,0.16827096,fake,0
dataset/clips/images\rus_internalpassport\99\000307.jpg,rus_internalpassport,99,000307.jpg,0.060269266,fake,0
dataset/clips/images\esp_id\53\000175.jpg,esp_id,53,000175.jpg,0.30580276,fake,0
dataset/clips/images\alb_id\75\000145.jpg,alb_id,75,000145.jpg,0.40082145,fake,0
dataset/clips/images\grc_passport\13\000217.jpg,grc_passport,13,000217.jpg,0.13498184,fake,0
dataset/clips/images\srb_passport\22\000301.jpg,srb_passport,22,000301.jpg,0.23731473,fake,0
dataset/clips/images\rus_internalpassport\03\000175.jpg,rus_internalpassport,03,000175.jpg,0.9549669,genuine,1
dataset/clips/images\fin_id\26\000187.jpg,fin_id,26,000187.jpg,0.48957095,fake,0
dataset/clips/images\lva_passport\73\000031.jpg,lva_passport,73,000031.jpg,0.78711873,genuine,1
dataset/clips/images\est_id\38\000313.jpg,est_id,38,000313.jpg,0.5480559,genuine,1
dataset/clips/images\lva_passport\06\000037.jpg,lva_passport,06,000037.jpg,0.84104073,genuine,1
dataset/clips/images\aze_passport\10\000253.jpg,aze_passport,10,000253.jpg,0.81048715,genuine,1
dataset/clips/images\alb_id\53\000319.jpg,alb_id,53,000319.jpg,0.10937631,fake,0
dataset/clips/images\svk_id\39\000223.jpg,svk_id,39,000223.jpg,0.36805272,fake,0
dataset/clips/images\esp_id\16\000205.jpg,esp_id,16,000205.jpg,0.84501237,genuine,1
dataset/clips/images\srb_passport\53\000211.jpg,srb_passport,53,000211.jpg,0.025289584,fake,0
dataset/clips/images\grc_passport\44\000079.jpg,grc_passport,44,000079.jpg,0.32357806,fake,0
dataset/clips/images\esp_id\72\000199.jpg,esp_id,72,000199.jpg,0.40937686,fake,0
dataset/clips/images\srb_passport\39\000157.jpg,srb_passport,39,000157.jpg,0.77669036,genuine,1
dataset/clips/images\lva_passport\60\000169.jpg,lva_passport,60,000169.jpg,0.024668904,fake,0
dataset/clips/images\srb_passport\29\000031.jpg,srb_passport,29,000031.jpg,0.10121942,fake,0
dataset/clips/images\grc_passport\23\000241.jpg,grc_passport,23,000241.jpg,0.3855046,fake,0
dataset/clips/images\lva_passport\77\000373.jpg,lva_passport,77,000373.jpg,0.39466092,fake,0
dataset/clips/images\srb_passport\34\000217.jpg,srb_passport,34,000217.jpg,0.75202227,genuine,1
dataset/clips/images\fin_id\45\000265.jpg,fin_id,45,000265.jpg,0.4006783,fake,0
dataset/clips/images\srb_passport\01\000181.jpg,srb_passport,01,000181.jpg,0.8156712,genuine,1
dataset/clips/images\alb_id\36\000181.jpg,alb_id,36,000181.jpg,0.1681937,fake,0
dataset/clips/images\aze_passport\10\000181.jpg,aze_passport,10,000181.jpg,0.8779506,genuine,1
dataset/clips/images\esp_id\84\000013.jpg,esp_id,84,000013.jpg,0.94376695,genuine,1
dataset/clips/images\lva_passport\02\000301.jpg,lva_passport,02,000301.jpg,0.6990839,genuine,1
dataset/clips/images\esp_id\01\000019.jpg,esp_id,01,000019.jpg,0.9502015,genuine,1
dataset/clips/images\srb_passport\81\000079.jpg,srb_passport,81,000079.jpg,0.20434506,fake,0
dataset/clips/images\alb_id\94\000007.jpg,alb_id,94,000007.jpg,0.4484644,fake,0
dataset/clips/images\svk_id\29\000229.jpg,svk_id,29,000229.jpg,0.7347704,genuine,1
dataset/clips/images\rus_internalpassport\05\000271.jpg,rus_internalpassport,05,000271.jpg,0.98480934,genuine,1
dataset/clips/images\est_id\11\000061.jpg,est_id,11,000061.jpg,0.3650654,fake,0
dataset/clips/images\fin_id\67\000403.jpg,fin_id,67,000403.jpg,0.21165298,fake,0
dataset/clips/images\aze_passport\75\000517.jpg,aze_passport,75,000517.jpg,0.18108699,fake,0
dataset/clips/images\grc_passport\86\000145.jpg,grc_passport,86,000145.jpg,0.6062792,genuine,1
dataset/clips/images\srb_passport\00\000397.jpg,srb_passport,00,000397.jpg,0.8184973,genuine,1
dataset/clips/images\fin_id\69\000211.jpg,fin_id,69,000211.jpg,0.76225066,genuine,1
dataset/clips/images\lva_passport\30\000079.jpg,lva_passport,30,000079.jpg,0.443557,fake,0
dataset/clips/images\alb_id\05\000319.jpg,alb_id,05,000319.jpg,0.6397289,genuine,1
dataset/clips/images\est_id\51\000325.jpg,est_id,51,000325.jpg,0.25371933,fake,0
dataset/clips/images\alb_id\03\000025.jpg,alb_id,03,000025.jpg,0.62349236,genuine,1
dataset/clips/images\fin_id\61\000379.jpg,fin_id,61,000379.jpg,0.6002784,genuine,1
dataset/clips/images\esp_id\97\000013.jpg,esp_id,97,000013.jpg,0.85431445,genuine,1
dataset/clips/images\aze_passport\70\000037.jpg,aze_passport,70,000037.jpg,0.48199844,fake,0
dataset/clips/images\alb_id\04\000007.jpg,alb_id,04,000007.jpg,0.7643957,genuine,1
dataset/clips/images\alb_id\18\000361.jpg,alb_id,18,000361.jpg,0.66425216,genuine,1
dataset/clips/images\alb_id\63\000025.jpg,alb_id,63,000025.jpg,0.18428393,fake,0
dataset/clips/images\alb_id\10\000235.jpg,alb_id,10,000235.jpg,0.16664582,fake,0
dataset/clips/images\aze_passport\66\000181.jpg,aze_passport,66,000181.jpg,0.06464828,fake,0
dataset/clips/images\fin_id\15\000037.jpg,fin_id,15,000037.jpg,0.67900383,genuine,1
dataset/clips/images\rus_internalpassport\13\000265.jpg,rus_internalpassport,13,000265.jpg,0.7282026,genuine,1
dataset/clips/images\alb_id\83\000097.jpg,alb_id,83,000097.jpg,0.15195234,fake,0
dataset/clips/images\svk_id\88\000139.jpg,svk_id,88,000139.jpg,0.9494902,genuine,1
dataset/clips/images\aze_passport\18\000265.jpg,aze_passport,18,000265.jpg,0.51643014,genuine,1
dataset/clips/images\aze_passport\57\000055.jpg,aze_passport,57,000055.jpg,0.124143586,fake,0
dataset/clips/images\aze_passport\28\000283.jpg,aze_passport,28,000283.jpg,0.14005724,fake,0
dataset/clips/images\fin_id\50\000379.jpg,fin_id,50,000379.jpg,0.7724023,genuine,1
dataset/clips/images\esp_id\73\000085.jpg,esp_id,73,000085.jpg,0.8692507,genuine,1
dataset/clips/images\alb_id\94\000157.jpg,alb_id,94,000157.jpg,0.59408087,genuine,1
dataset/clips/images\svk_id\72\000385.jpg,svk_id,72,000385.jpg,0.4171775,fake,0
dataset/clips/images\grc_passport\96\000229.jpg,grc_passport,96,000229.jpg,0.8473655,genuine,1
dataset/clips/images\alb_id\58\000421.jpg,alb_id,58,000421.jpg,0.40741113,fake,0
dataset/clips/images\esp_id\72\000343.jpg,esp_id,72,000343.jpg,0.17786919,fake,0
dataset/clips/images\lva_passport\74\000211.jpg,lva_passport,74,000211.jpg,0.45466673,fake,0
dataset/clips/images\est_id\12\000331.jpg,est_id,12,000331.jpg,0.8759491,genuine,1
dataset/clips/images\est_id\69\000211.jpg,est_id,69,000211.jpg,0.8599084,genuine,1
dataset/clips/images\grc_passport\49\000121.jpg,grc_passport,49,000121.jpg,0.079472624,fake,0
dataset/clips/images\rus_internalpassport\69\000223.jpg,rus_internalpassport,69,000223.jpg,0.3329445,fake,0
dataset/clips/images\alb_id\60\000301.jpg,alb_id,60,000301.jpg,0.12647943,fake,0
dataset/clips/images\alb_id\79\000427.jpg,alb_id,79,000427.jpg,0.36659682,fake,0
dataset/clips/images\fin_id\92\000109.jpg,fin_id,92,000109.jpg,0.94240844,genuine,1
dataset/clips/images\aze_passport\55\000187.jpg,aze_passport,55,000187.jpg,0.1227046,fake,0
dataset/clips/images\aze_passport\52\000127.jpg,aze_passport,52,000127.jpg,0.60010016,genuine,1
dataset/clips/images\lva_passport\83\000565.jpg,lva_passport,83,000565.jpg,0.9226688,genuine,1
dataset/clips/images\svk_id\48\000019.jpg,svk_id,48,000019.jpg,0.094410665,fake,0
dataset/clips/images\rus_internalpassport\78\000235.jpg,rus_internalpassport,78,000235.jpg,0.5136207,genuine,1
dataset/clips/images\esp_id\48\000175.jpg,esp_id,48,000175.jpg,0.23876542,fake,0
dataset/clips/images\fin_id\11\000229.jpg,fin_id,11,000229.jpg,0.8923813,genuine,1
dataset/clips/images\aze_passport\94\000277.jpg,aze_passport,94,000277.jpg,0.7776042,genuine,1
dataset/clips/images\fin_id\02\000307.jpg,fin_id,02,000307.jpg,0.75546414,genuine,1
dataset/clips/images\svk_id\76\000367.jpg,svk_id,76,000367.jpg,0.51986617,genuine,1
dataset/clips/images\est_id\20\000163.jpg,est_id,20,000163.jpg,0.43017182,fake,0
dataset/clips/images\svk_id\78\000121.jpg,svk_id,78,000121.jpg,0.566417,genuine,1
dataset/clips/images\grc_passport\37\000301.jpg,grc_passport,37,000301.jpg,0.12777308,fake,0
dataset/clips/images\est_id\90\000283.jpg,est_id,90,000283.jpg,0.4617188,fake,0
dataset/clips/images\fin_id\74\000451.jpg,fin_id,74,000451.jpg,0.051587973,fake,0
dataset/clips/images\fin_id\60\000181.jpg,fin_id,60,000181.jpg,0.40993533,fake,0
dataset/clips/images\alb_id\72\000439.jpg,alb_id,72,000439.jpg,0.46356657,fake,0
dataset/clips/images\aze_passport\19\000109.jpg,aze_passport,19,000109.jpg,0.41591704,fake,0
dataset/clips/images\rus_internalpassport\07\000265.jpg,rus_internalpassport,07,000265.jpg,0.78487074,genuine,1
dataset/clips/images\srb_passport\69\000097.jpg,srb_passport,69,000097.jpg,0.019873144,fake,0
dataset/clips/images\svk_id\34\000235.jpg,svk_id,34,000235.jpg,0.8421771,genuine,1
dataset/clips/images\svk_id\59\000367.jpg,svk_id,59,000367.jpg,0.22715788,fake,0
dataset/clips/images\svk_id\69\000181.jpg,svk_id,69,000181.jpg,0.55835676,genuine,1
dataset/clips/images\lva_passport\09\000049.jpg,lva_passport,09,000049.jpg,0.8802681,genuine,1
dataset/clips/images\est_id\16\000175.jpg,est_id,16,000175.jpg,0.5611932,genuine,1
dataset/clips/images\alb_id\78\000553.jpg,alb_id,78,000553.jpg,0.696909,genuine,1
dataset/clips/images\fin_id\85\000265.jpg,fin_id,85,000265.jpg,0.7787847,genuine,1
dataset/clips/images\svk_id\89\000205.jpg,svk_id,89,000205.jpg,0.7520131,genuine,1
dataset/clips/images\esp_id\80\000025.jpg,esp_id,80,000025.jpg,0.57118213,genuine,1
dataset/clips/images\grc_passport\04\000049.jpg,grc_passport,04,000049.jpg,0.7425116,genuine,1
dataset/clips/images\lva_passport\88\000439.jpg,lva_passport,88,000439.jpg,0.13923149,fake,0
dataset/clips/images\aze_passport\54\000163.jpg,aze_passport,54,000163.jpg,0.68494093,genuine,1
dataset/clips/images\esp_id\09\000271.jpg,esp_id,09,000271.jpg,0.9349238,genuine,1
dataset/clips/images\lva_passport\36\000181.jpg,lva_passport,36,000181.jpg,0.5388513,genuine,1
dataset/clips/images\aze_passport\36\000361.jpg,aze_passport,36,000361.jpg,0.32290387,fake,0
dataset/clips/images\grc_passport\46\000145.jpg,grc_passport,46,000145.jpg,0.47129804,fake,0
dataset/clips/images\rus_internalpassport\75\000037.jpg,rus_internalpassport,75,000037.jpg,0.66557205,genuine,1
dataset/clips/images\esp_id\06\000025.jpg,esp_id,06,000025.jpg,0.88062906,genuine,1
dataset/clips/images\esp_id\00\000205.jpg,esp_id,00,000205.jpg,0.95367324,genuine,1
dataset/clips/images\fin_id\22\000337.jpg,fin_id,22,000337.jpg,0.33355224,fake,0
dataset/clips/images\rus_internalpassport\19\000199.jpg,rus_internalpassport,19,000199.jpg,0.46983883,fake,0
dataset/clips/images\est_id\21\000031.jpg,est_id,21,000031.jpg,0.7025982,genuine,1
dataset/clips/images\alb_id\98\000049.jpg,alb_id,98,000049.jpg,0.14246465,fake,0
dataset/clips/images\lva_passport\43\000025.jpg,lva_passport,43,000025.jpg,0.10505982,fake,0
dataset/clips/images\alb_id\58\000349.jpg,alb_id,58,000349.jpg,0.10177209,fake,0
dataset/clips/images\esp_id\75\000187.jpg,esp_id,75,000187.jpg,0.6810205,genuine,1
dataset/clips/images\fin_id\32\000289.jpg,fin_id,32,000289.jpg,0.7204938,genuine,1
dataset/clips/images\rus_internalpassport\75\000157.jpg,rus_internalpassport,75,000157.jpg,0.63422763,genuine,1
dataset/clips/images\est_id\98\000139.jpg,est_id,98,000139.jpg,0.12712675,fake,0
dataset/clips/images\rus_internalpassport\03\000019.jpg,rus_internalpassport,03,000019.jpg,0.92686075,genuine,1
dataset/clips/images\grc_passport\72\000415.jpg,grc_passport,72,000415.jpg,0.72709394,genuine,1
dataset/clips/images\rus_internalpassport\51\000229.jpg,rus_internalpassport,51,000229.jpg,0.9469229,genuine,1
dataset/clips/images\est_id\56\000265.jpg,est_id,56,000265.jpg,0.25396895,fake,0
dataset/clips/images\est_id\50\000469.jpg,est_id,50,000469.jpg,0.6638919,genuine,1
dataset/clips/images\alb_id\90\000193.jpg,alb_id,90,000193.jpg,0.5001259,genuine,1
dataset/clips/images\aze_passport\88\000295.jpg,aze_passport,88,000295.jpg,0.09895755,fake,0
dataset/clips/images\rus_internalpassport\36\000313.jpg,rus_internalpassport,36,000313.jpg,0.5062822,genuine,1
dataset/clips/images\lva_passport\74\000163.jpg,lva_passport,74,000163.jpg,0.21302685,fake,0
dataset/clips/images\esp_id\45\000253.jpg,esp_id,45,000253.jpg,0.9815849,genuine,1
dataset/clips/images\esp_id\35\000229.jpg,esp_id,35,000229.jpg,0.030273803,fake,0
dataset/clips/images\aze_passport\90\000211.jpg,aze_passport,90,000211.jpg,0.20873329,fake,0
dataset/clips/images\esp_id\81\000271.jpg,esp_id,81,000271.jpg,0.82652164,genuine,1
dataset/clips/images\fin_id\72\000493.jpg,fin_id,72,000493.jpg,0.10155848,fake,0
dataset/clips/images\svk_id\60\000037.jpg,svk_id,60,000037.jpg,0.11498415,fake,0
dataset/clips/images\svk_id\71\000235.jpg,svk_id,71,000235.jpg,0.59560597,genuine,1
dataset/clips/images\svk_id\53\000175.jpg,svk_id,53,000175.jpg,0.71385896,genuine,1
dataset/clips/images\alb_id\34\000115.jpg,alb_id,34,000115.jpg,0.35642233,fake,0
dataset/clips/images\esp_id\95\000043.jpg,esp_id,95,000043.jpg,0.12114759,fake,0
dataset/clips/images\esp_id\08\000181.jpg,esp_id,08,000181.jpg,0.8124151,genuine,1
dataset/clips/images\alb_id\58\000019.jpg,alb_id,58,000019.jpg,0.6876074,genuine,1
dataset/clips/images\rus_internalpassport\19\000259.jpg,rus_internalpassport,19,000259.jpg,0.87194335,genuine,1
dataset/clips/images\esp_id\20\000247.jpg,esp_id,20,000247.jpg,0.44054788,fake,0
dataset/clips/images\grc_passport\29\000361.jpg,grc_passport,29,000361.jpg,0.064286865,fake,0
dataset/clips/images\grc_passport\10\000439.jpg,grc_passport,10,000439.jpg,0.8111104,genuine,1
dataset/clips/images\esp_id\41\000199.jpg,esp_id,41,000199.jpg,0.9780227,genuine,1
dataset/clips/images\rus_internalpassport\36\000049.jpg,rus_internalpassport,36,000049.jpg,0.65106076,genuine,1
dataset/clips/images\rus_internalpassport\15\000283.jpg,rus_internalpassport,15,000283.jpg,0.6679864,genuine,1
dataset/clips/images\rus_internalpassport\36\000199.jpg,rus_internalpassport,36,000199.jpg,0.83504224,genuine,1
dataset/clips/images\grc_passport\26\000151.jpg,grc_passport,26,000151.jpg,0.09491325,fake,0
dataset/clips/images\lva_passport\50\000031.jpg,lva_passport,50,000031.jpg,0.17235933,fake,0
dataset/clips/images\esp_id\09\000289.jpg,esp_id,09,000289.jpg,0.834967,genuine,1
dataset/clips/images\esp_id\75\000265.jpg,esp_id,75,000265.jpg,0.25305933,fake,0
dataset/clips/images\srb_passport\88\000451.jpg,srb_passport,88,000451.jpg,0.6726657,genuine,1
dataset/clips/images\fin_id\75\000049.jpg,fin_id,75,000049.jpg,0.9262069,genuine,1
dataset/clips/images\fin_id\02\000193.jpg,fin_id,02,000193.jpg,0.81669813,genuine,1
dataset/clips/images\fin_id\02\000187.jpg,fin_id,02,000187.jpg,0.7130463,genuine,1
dataset/clips/images\grc_passport\72\000199.jpg,grc_passport,72,000199.jpg,0.11869877,fake,0
dataset/clips/images\aze_passport\09\000223.jpg,aze_passport,09,000223.jpg,0.64365363,genuine,1
dataset/clips/images\lva_passport\85\000445.jpg,lva_passport,85,000445.jpg,0.6311796,genuine,1
dataset/clips/images\svk_id\69\000151.jpg,svk_id,69,000151.jpg,0.5066341,genuine,1
dataset/clips/images\lva_passport\17\000361.jpg,lva_passport,17,000361.jpg,0.17514941,fake,0
dataset/clips/images\alb_id\79\000307.jpg,alb_id,79,000307.jpg,0.7062019,genuine,1
dataset/clips/images\alb_id\70\000115.jpg,alb_id,70,000115.jpg,0.5714493,genuine,1
dataset/clips/images\esp_id\41\000235.jpg,esp_id,41,000235.jpg,0.98766345,genuine,1
dataset/clips/images\fin_id\98\000247.jpg,fin_id,98,000247.jpg,0.6773517,genuine,1
dataset/clips/images\aze_passport\14\000061.jpg,aze_passport,14,000061.jpg,0.21750975,fake,0
dataset/clips/images\rus_internalpassport\40\000103.jpg,rus_internalpassport,40,000103.jpg,0.9861162,genuine,1
dataset/clips/images\aze_passport\36\000433.jpg,aze_passport,36,000433.jpg,0.58050364,genuine,1
dataset/clips/images\alb_id\66\000133.jpg,alb_id,66,000133.jpg,0.12429111,fake,0
dataset/clips/images\aze_passport\98\000103.jpg,aze_passport,98,000103.jpg,0.04240101,fake,0
dataset/clips/images\svk_id\91\000067.jpg,svk_id,91,000067.jpg,0.6514944,genuine,1
dataset/clips/images\alb_id\77\000331.jpg,alb_id,77,000331.jpg,0.55678844,genuine,1
dataset/clips/images\rus_internalpassport\40\000289.jpg,rus_internalpassport,40,000289.jpg,0.95765734,genuine,1
dataset/clips/images\rus_internalpassport\06\000001.jpg,rus_internalpassport,06,000001.jpg,0.97724086,genuine,1
dataset/clips/images\aze_passport\76\000451.jpg,aze_passport,76,000451.jpg,0.88213897,genuine,1
dataset/clips/images\alb_id\21\000295.jpg,alb_id,21,000295.jpg,0.39338085,fake,0
dataset/clips/images\srb_passport\33\000127.jpg,srb_passport,33,000127.jpg,0.75148654,genuine,1
dataset/clips/images\lva_passport\72\000151.jpg,lva_passport,72,000151.jpg,0.51483154,genuine,1
dataset/clips/images\fin_id\37\000187.jpg,fin_id,37,000187.jpg,0.906549,genuine,1
dataset/clips/images\fin_id\51\000157.jpg,fin_id,51,000157.jpg,0.70145285,genuine,1
dataset/clips/images\svk_id\89\000145.jpg,svk_id,89,000145.jpg,0.6450492,genuine,1
dataset/clips/images\srb_passport\80\000313.jpg,srb_passport,80,000313.jpg,0.41214183,fake,0
dataset/clips/images\esp_id\53\000193.jpg,esp_id,53,000193.jpg,0.3493301,fake,0
dataset/clips/images\esp_id\72\000523.jpg,esp_id,72,000523.jpg,0.10583111,fake,0
dataset/clips/images\lva_passport\73\000313.jpg,lva_passport,73,000313.jpg,0.29984376,fake,0
dataset/clips/images\srb_passport\98\000271.jpg,srb_passport,98,000271.jpg,0.1764429,fake,0
dataset/clips/images\rus_internalpassport\93\000217.jpg,rus_internalpassport,93,000217.jpg,0.89721394,genuine,1
dataset/clips/images\srb_passport\40\000295.jpg,srb_passport,40,000295.jpg,0.006514118,fake,0
dataset/clips/images\svk_id\05\000337.jpg,svk_id,05,000337.jpg,0.8690735,genuine,1
dataset/clips/images\svk_id\46\000259.jpg,svk_id,46,000259.jpg,0.32429054,fake,0
dataset/clips/images\aze_passport\64\000199.jpg,aze_passport,64,000199.jpg,0.14644448,fake,0
dataset/clips/images\srb_passport\33\000103.jpg,srb_passport,33,000103.jpg,0.76238847,genuine,1
dataset/clips/images\lva_passport\57\000259.jpg,lva_passport,57,000259.jpg,0.4351903,fake,0
dataset/clips/images\srb_passport\61\000127.jpg,srb_passport,61,000127.jpg,0.054842897,fake,0
dataset/clips/images\lva_passport\03\000193.jpg,lva_passport,03,000193.jpg,0.8049818,genuine,1
dataset/clips/images\fin_id\84\000355.jpg,fin_id,84,000355.jpg,0.7799245,genuine,1
dataset/clips/images\est_id\88\000067.jpg,est_id,88,000067.jpg,0.16009583,fake,0
dataset/clips/images\alb_id\40\000205.jpg,alb_id,40,000205.jpg,0.22540273,fake,0
dataset/clips/images\esp_id\39\000331.jpg,esp_id,39,000331.jpg,0.054590195,fake,0
dataset/clips/images\srb_passport\02\000247.jpg,srb_passport,02,000247.jpg,0.8753725,genuine,1
dataset/clips/images\grc_passport\00\000097.jpg,grc_passport,00,000097.jpg,0.36545336,fake,0
dataset/clips/images\svk_id\39\000361.jpg,svk_id,39,000361.jpg,0.55328643,genuine,1
dataset/clips/images\est_id\85\000133.jpg,est_id,85,000133.jpg,0.1710434,fake,0
dataset/clips/images\rus_internalpassport\81\000019.jpg,rus_internalpassport,81,000019.jpg,0.5974168,genuine,1
dataset/clips/images\svk_id\80\000211.jpg,svk_id,80,000211.jpg,0.9877503,genuine,1
dataset/clips/images\aze_passport\98\000181.jpg,aze_passport,98,000181.jpg,0.22362545,fake,0
dataset/clips/images\fin_id\75\000217.jpg,fin_id,75,000217.jpg,0.25600874,fake,0
dataset/clips/images\lva_passport\01\000001.jpg,lva_passport,01,000001.jpg,0.82271045,genuine,1
dataset/clips/images\svk_id\40\000145.jpg,svk_id,40,000145.jpg,0.99422234,genuine,1
dataset/clips/images\grc_passport\92\000079.jpg,grc_passport,92,000079.jpg,0.54622704,genuine,1
dataset/clips/images\lva_passport\10\000001.jpg,lva_passport,10,000001.jpg,0.7843604,genuine,1
dataset/clips/images\aze_passport\42\000139.jpg,aze_passport,42,000139.jpg,0.80174124,genuine,1
dataset/clips/images\svk_id\86\000403.jpg,svk_id,86,000403.jpg,0.65075326,genuine,1
dataset/clips/images\svk_id\29\000241.jpg,svk_id,29,000241.jpg,0.9284981,genuine,1
dataset/clips/images\aze_passport\90\000241.jpg,aze_passport,90,000241.jpg,0.37376127,fake,0
dataset/clips/images\esp_id\28\000187.jpg,esp_id,28,000187.jpg,0.14303876,fake,0
dataset/clips/images\alb_id\68\000157.jpg,alb_id,68,000157.jpg,0.06749225,fake,0
dataset/clips/images\fin_id\87\000331.jpg,fin_id,87,000331.jpg,0.6701211,genuine,1
dataset/clips/images\lva_passport\50\000169.jpg,lva_passport,50,000169.jpg,0.14840385,fake,0
dataset/clips/images\est_id\15\000451.jpg,est_id,15,000451.jpg,0.87718344,genuine,1
dataset/clips/images\rus_internalpassport\31\000121.jpg,rus_internalpassport,31,000121.jpg,0.7127269,genuine,1
dataset/clips/images\esp_id\31\000235.jpg,esp_id,31,000235.jpg,0.744759,genuine,1
dataset/clips/images\grc_passport\60\000043.jpg,grc_passport,60,000043.jpg,0.05488203,fake,0
dataset/clips/images\svk_id\26\000343.jpg,svk_id,26,000343.jpg,0.9032818,genuine,1
dataset/clips/images\esp_id\04\000397.jpg,esp_id,04,000397.jpg,0.8961167,genuine,1
dataset/clips/images\rus_internalpassport\23\000037.jpg,rus_internalpassport,23,000037.jpg,0.37496984,fake,0
dataset/clips/images\esp_id\21\000175.jpg,esp_id,21,000175.jpg,0.29959813,fake,0
dataset/clips/images\rus_internalpassport\72\000217.jpg,rus_internalpassport,72,000217.jpg,0.475922,fake,0
dataset/clips/images\srb_passport\49\000325.jpg,srb_passport,49,000325.jpg,0.23482352,fake,0
dataset/clips/images\est_id\72\000019.jpg,est_id,72,000019.jpg,0.66250753,genuine,1
dataset/clips/images\fin_id\26\000229.jpg,fin_id,26,000229.jpg,0.39569464,fake,0
dataset/clips/images\grc_passport\37\000031.jpg,grc_passport,37,000031.jpg,0.5737143,genuine,1
dataset/clips/images\grc_passport\19\000001.jpg,grc_passport,19,000001.jpg,0.73135644,genuine,1
dataset/clips/images\lva_passport\00\000109.jpg,lva_passport,00,000109.jpg,0.7404624,genuine,1
dataset/clips/images\esp_id\75\000331.jpg,esp_id,75,000331.jpg,0.019530676,fake,0
dataset/clips/images\aze_passport\65\000217.jpg,aze_passport,65,000217.jpg,0.30277938,fake,0
dataset/clips/images\svk_id\09\000091.jpg,svk_id,09,000091.jpg,0.8828139,genuine,1
dataset/clips/images\esp_id\58\000001.jpg,esp_id,58,000001.jpg,0.013341513,fake,0
dataset/clips/images\alb_id\12\000217.jpg,alb_id,12,000217.jpg,0.34579375,fake,0
dataset/clips/images\grc_passport\29\000181.jpg,grc_passport,29,000181.jpg,0.024444066,fake,0
dataset/clips/images\alb_id\12\000277.jpg,alb_id,12,000277.jpg,0.7704523,genuine,1
dataset/clips/images\est_id\70\000391.jpg,est_id,70,000391.jpg,0.56654745,genuine,1
dataset/clips/images\alb_id\57\000097.jpg,alb_id,57,000097.jpg,0.017982714,fake,0
dataset/clips/images\fin_id\80\000175.jpg,fin_id,80,000175.jpg,0.19114439,fake,0
dataset/clips/images\lva_passport\47\000319.jpg,lva_passport,47,000319.jpg,0.43976736,fake,0
dataset/clips/images\aze_passport\10\000271.jpg,aze_passport,10,000271.jpg,0.756891,genuine,1
dataset/clips/images\esp_id\78\000421.jpg,esp_id,78,000421.jpg,0.8411112,genuine,1
dataset/clips/images\grc_passport\52\000289.jpg,grc_passport,52,000289.jpg,0.37788877,fake,0
dataset/clips/images\svk_id\82\000145.jpg,svk_id,82,000145.jpg,0.3834348,fake,0
dataset/clips/images\alb_id\03\000241.jpg,alb_id,03,000241.jpg,0.49302822,fake,0
dataset/clips/images\svk_id\64\000049.jpg,svk_id,64,000049.jpg,0.004305696,fake,0
dataset/clips/images\esp_id\27\000235.jpg,esp_id,27,000235.jpg,0.37787443,fake,0
dataset/clips/images\esp_id\84\000301.jpg,esp_id,84,000301.jpg,0.79153126,genuine,1
dataset/clips/images\esp_id\95\000283.jpg,esp_id,95,000283.jpg,0.12026026,fake,0
dataset/clips/images\svk_id\07\000247.jpg,svk_id,07,000247.jpg,0.9852669,genuine,1
dataset/clips/images\grc_passport\96\000211.jpg,grc_passport,96,000211.jpg,0.89685506,genuine,1
dataset/clips/images\fin_id\05\000133.jpg,fin_id,05,000133.jpg,0.78503424,genuine,1
dataset/clips/images\alb_id\55\000379.jpg,alb_id,55,000379.jpg,0.4332711,fake,0
dataset/clips/images\est_id\87\000211.jpg,est_id,87,000211.jpg,0.5781359,genuine,1
dataset/clips/images\esp_id\62\000199.jpg,esp_id,62,000199.jpg,0.7699814,genuine,1
dataset/clips/images\srb_passport\51\000271.jpg,srb_passport,51,000271.jpg,0.22964792,fake,0
dataset/clips/images\svk_id\78\000013.jpg,svk_id,78,000013.jpg,0.95802367,genuine,1
dataset/clips/images\est_id\16\000079.jpg,est_id,16,000079.jpg,0.74245954,genuine,1
dataset/clips/images\est_id\91\000265.jpg,est_id,91,000265.jpg,0.33557352,fake,0
dataset/clips/images\srb_passport\73\000223.jpg,srb_passport,73,000223.jpg,0.67588973,genuine,1
dataset/clips/images\aze_passport\70\000229.jpg,aze_passport,70,000229.jpg,0.901375,genuine,1
dataset/clips/images\est_id\64\000277.jpg,est_id,64,000277.jpg,0.47432846,fake,0
dataset/clips/images\srb_passport\76\000223.jpg,srb_passport,76,000223.jpg,0.52546763,genuine,1
dataset/clips/images\esp_id\95\000049.jpg,esp_id,95,000049.jpg,0.2662276,fake,0
dataset/clips/images\rus_internalpassport\86\000415.jpg,rus_internalpassport,86,000415.jpg,0.30045924,fake,0
dataset/clips/images\fin_id\87\000037.jpg,fin_id,87,000037.jpg,0.54097164,genuine,1
dataset/clips/images\esp_id\51\000241.jpg,esp_id,51,000241.jpg,0.8366856,genuine,1
dataset/clips/images\srb_passport\76\000355.jpg,srb_passport,76,000355.jpg,0.9372463,genuine,1
dataset/clips/images\alb_id\43\000151.jpg,alb_id,43,000151.jpg,0.35637426,fake,0
dataset/clips/images\srb_passport\01\000427.jpg,srb_passport,01,000427.jpg,0.7776613,genuine,1
dataset/clips/images\srb_passport\92\000013.jpg,srb_passport,92,000013.jpg,0.29206842,fake,0
dataset/clips/images\lva_passport\17\000067.jpg,lva_passport,17,000067.jpg,0.24358769,fake,0
dataset/clips/images\rus_internalpassport\02\000295.jpg,rus_internalpassport,02,000295.jpg,0.7515947,genuine,1
dataset/clips/images\aze_passport\17\000367.jpg,aze_passport,17,000367.jpg,0.619318,genuine,1
dataset/clips/images\grc_passport\53\000049.jpg,grc_passport,53,000049.jpg,0.5573026,genuine,1
dataset/clips/images\grc_passport\13\000187.jpg,grc_passport,13,000187.jpg,0.38193548,fake,0
dataset/clips/images\lva_passport\92\000163.jpg,lva_passport,92,000163.jpg,0.09972684,fake,0
dataset/clips/images\svk_id\95\000325.jpg,svk_id,95,000325.jpg,0.9331224,genuine,1
dataset/clips/images\grc_passport\67\000271.jpg,grc_passport,67,000271.jpg,0.033950116,fake,0
dataset/clips/images\esp_id\14\000187.jpg,esp_id,14,000187.jpg,0.9326983,genuine,1
dataset/clips/images\esp_id\90\000241.jpg,esp_id,90,000241.jpg,0.9459401,genuine,1
dataset/clips/images\srb_passport\78\000139.jpg,srb_passport,78,000139.jpg,0.47982672,fake,0
dataset/clips/images\esp_id\97\000025.jpg,esp_id,97,000025.jpg,0.8375145,genuine,1
dataset/clips/images\svk_id\44\000247.jpg,svk_id,44,000247.jpg,0.9874613,genuine,1
dataset/clips/images\rus_internalpassport\59\000145.jpg,rus_internalpassport,59,000145.jpg,0.93085897,genuine,1
dataset/clips/images\alb_id\91\000235.jpg,alb_id,91,000235.jpg,0.50770736,genuine,1
dataset/clips/images\est_id\72\000007.jpg,est_id,72,000007.jpg,0.5845491,genuine,1
dataset/clips/images\grc_passport\75\000097.jpg,grc_passport,75,000097.jpg,0.19493452,fake,0
dataset/clips/images\grc_passport\00\000151.jpg,grc_passport,00,000151.jpg,0.7252511,genuine,1
dataset/clips/images\aze_passport\74\000577.jpg,aze_passport,74,000577.jpg,0.54393756,genuine,1
dataset/clips/images\est_id\73\000499.jpg,est_id,73,000499.jpg,0.5243305,genuine,1
dataset/clips/images\grc_passport\30\000145.jpg,grc_passport,30,000145.jpg,0.57686764,genuine,1
dataset/clips/images\esp_id\08\000367.jpg,esp_id,08,000367.jpg,0.92140937,genuine,1
dataset/clips/images\grc_passport\90\000205.jpg,grc_passport,90,000205.jpg,0.13566647,fake,0
dataset/clips/images\esp_id\04\000055.jpg,esp_id,04,000055.jpg,0.83055437,genuine,1
dataset/clips/images\svk_id\56\000121.jpg,svk_id,56,000121.jpg,0.8458256,genuine,1
dataset/clips/images\aze_passport\68\000097.jpg,aze_passport,68,000097.jpg,0.01763767,fake,0
dataset/clips/images\fin_id\46\000019.jpg,fin_id,46,000019.jpg,0.012587052,fake,0
dataset/clips/images\est_id\42\000301.jpg,est_id,42,000301.jpg,0.07394754,fake,0
dataset/clips/images\rus_internalpassport\12\000103.jpg,rus_internalpassport,12,000103.jpg,0.81742716,genuine,1
dataset/clips/images\srb_passport\03\000031.jpg,srb_passport,03,000031.jpg,0.6112076,genuine,1
dataset/clips/images\fin_id\21\000367.jpg,fin_id,21,000367.jpg,0.4238536,fake,0
dataset/clips/images\est_id\63\000415.jpg,est_id,63,000415.jpg,0.45327336,fake,0
dataset/clips/images\est_id\39\000343.jpg,est_id,39,000343.jpg,0.7336234,genuine,1
dataset/clips/images\aze_passport\82\000037.jpg,aze_passport,82,000037.jpg,0.09802766,fake,0
dataset/clips/images\grc_passport\34\000019.jpg,grc_passport,34,000019.jpg,0.6323546,genuine,1
dataset/clips/images\est_id\24\000289.jpg,est_id,24,000289.jpg,0.5065785,genuine,1
dataset/clips/images\esp_id\78\000037.jpg,esp_id,78,000037.jpg,0.96960574,genuine,1
dataset/clips/images\alb_id\46\000001.jpg,alb_id,46,000001.jpg,0.28337213,fake,0
dataset/clips/images\aze_passport\99\000283.jpg,aze_passport,99,000283.jpg,0.03278657,fake,0
dataset/clips/images\esp_id\03\000337.jpg,esp_id,03,000337.jpg,0.8783384,genuine,1
dataset/clips/images\grc_passport\01\000313.jpg,grc_passport,01,000313.jpg,0.10387894,fake,0
dataset/clips/images\alb_id\35\000151.jpg,alb_id,35,000151.jpg,0.17581652,fake,0
dataset/clips/images\aze_passport\50\000169.jpg,aze_passport,50,000169.jpg,0.14609642,fake,0
dataset/clips/images\esp_id\74\000319.jpg,esp_id,74,000319.jpg,0.7586974,genuine,1
dataset/clips/images\alb_id\03\000127.jpg,alb_id,03,000127.jpg,0.39913914,fake,0
dataset/clips/images\srb_passport\86\000331.jpg,srb_passport,86,000331.jpg,0.064498186,fake,0
dataset/clips/images\rus_internalpassport\75\000331.jpg,rus_internalpassport,75,000331.jpg,0.92492044,genuine,1
dataset/clips/images\est_id\09\000439.jpg,est_id,09,000439.jpg,0.8498428,genuine,1
dataset/clips/images\esp_id\00\000319.jpg,esp_id,00,000319.jpg,0.9741636,genuine,1
dataset/clips/images\fin_id\05\000337.jpg,fin_id,05,000337.jpg,0.7635133,genuine,1
dataset/clips/images\grc_passport\72\000505.jpg,grc_passport,72,000505.jpg,0.8785225,genuine,1
dataset/clips/images\lva_passport\89\000157.jpg,lva_passport,89,000157.jpg,0.56763035,genuine,1
dataset/clips/images\aze_passport\27\000049.jpg,aze_passport,27,000049.jpg,0.0094083045,fake,0
dataset/clips/images\aze_passport\13\000061.jpg,aze_passport,13,000061.jpg,0.6282996,genuine,1
dataset/clips/images\grc_passport\50\000397.jpg,grc_passport,50,000397.jpg,0.37702575,fake,0
dataset/clips/images\est_id\71\000019.jpg,est_id,71,000019.jpg,0.6052799,genuine,1
dataset/clips/images\grc_passport\42\000355.jpg,grc_passport,42,000355.jpg,0.06556146,fake,0
dataset/clips/images\srb_passport\02\000199.jpg,srb_passport,02,000199.jpg,0.9657303,genuine,1
dataset/clips/images\grc_passport\68\000349.jpg,grc_passport,68,000349.jpg,0.085409015,fake,0
dataset/clips/images\aze_passport\73\000439.jpg,aze_passport,73,000439.jpg,0.45170516,fake,0
dataset/clips/images\alb_id\76\000013.jpg,alb_id,76,000013.jpg,0.1368189,fake,0
dataset/clips/images\aze_passport\77\000265.jpg,aze_passport,77,000265.jpg,0.8552711,genuine,1
dataset/clips/images\svk_id\33\000145.jpg,svk_id,33,000145.jpg,0.3706642,fake,0
dataset/clips/images\lva_passport\85\000019.jpg,lva_passport,85,000019.jpg,0.7018327,genuine,1
dataset/clips/images\grc_passport\36\000343.jpg,grc_passport,36,000343.jpg,0.12497382,fake,0
dataset/clips/images\esp_id\85\000211.jpg,esp_id,85,000211.jpg,0.82897186,genuine,1
dataset/clips/images\fin_id\44\000121.jpg,fin_id,44,000121.jpg,0.8471477,genuine,1
dataset/clips/images\esp_id\48\000283.jpg,esp_id,48,000283.jpg,0.16657902,fake,0
dataset/clips/images\lva_passport\09\000019.jpg,lva_passport,09,000019.jpg,0.8407326,genuine,1
dataset/clips/images\rus_internalpassport\15\000055.jpg,rus_internalpassport,15,000055.jpg,0.58324766,genuine,1
dataset/clips/images\est_id\17\000007.jpg,est_id,17,000007.jpg,0.9092015,genuine,1
dataset/clips/images\alb_id\58\000247.jpg,alb_id,58,000247.jpg,0.66352785,genuine,1
dataset/clips/images\grc_passport\87\000103.jpg,grc_passport,87,000103.jpg,0.65930134,genuine,1
dataset/clips/images\est_id\14\000229.jpg,est_id,14,000229.jpg,0.91468954,genuine,1
dataset/clips/images\esp_id\71\000157.jpg,esp_id,71,000157.jpg,0.2591541,fake,0
dataset/clips/images\esp_id\22\000121.jpg,esp_id,22,000121.jpg,0.14307915,fake,0
dataset/clips/images\esp_id\45\000085.jpg,esp_id,45,000085.jpg,0.9405752,genuine,1
dataset/clips/images\aze_passport\82\000211.jpg,aze_passport,82,000211.jpg,0.09773175,fake,0
dataset/clips/images\aze_passport\26\000061.jpg,aze_passport,26,000061.jpg,0.10916023,fake,0
dataset/clips/images\esp_id\16\000073.jpg,esp_id,16,000073.jpg,0.84494025,genuine,1
dataset/clips/images\rus_internalpassport\01\000145.jpg,rus_internalpassport,01,000145.jpg,0.6882553,genuine,1
dataset/clips/images\aze_passport\69\000019.jpg,aze_passport,69,000019.jpg,0.01922022,fake,0
dataset/clips/images\alb_id\89\000295.jpg,alb_id,89,000295.jpg,0.7380086,genuine,1
dataset/clips/images\esp_id\23\000097.jpg,esp_id,23,000097.jpg,0.4212484,fake,0
dataset/clips/images\rus_internalpassport\75\000385.jpg,rus_internalpassport,75,000385.jpg,0.78285456,genuine,1
dataset/clips/images\esp_id\85\000061.jpg,esp_id,85,000061.jpg,0.6044702,genuine,1
dataset/clips/images\svk_id\35\000343.jpg,svk_id,35,000343.jpg,0.77086955,genuine,1
dataset/clips/images\alb_id\19\000265.jpg,alb_id,19,000265.jpg,0.32722124,fake,0
dataset/clips/images\est_id\29\000007.jpg,est_id,29,000007.jpg,0.40041804,fake,0
dataset/clips/images\alb_id\92\000199.jpg,alb_id,92,000199.jpg,0.5494633,genuine,1
dataset/clips/images\alb_id\72\000247.jpg,alb_id,72,000247.jpg,0.58367467,genuine,1
dataset/clips/images\grc_passport\69\000331.jpg,grc_passport,69,000331.jpg,0.055074703,fake,0
dataset/clips/images\esp_id\59\000235.jpg,esp_id,59,000235.jpg,0.017983405,fake,0
dataset/clips/images\esp_id\02\000223.jpg,esp_id,02,000223.jpg,0.8817824,genuine,1
dataset/clips/images\est_id\96\000457.jpg,est_id,96,000457.jpg,0.61741227,genuine,1
dataset/clips/images\esp_id\71\000037.jpg,esp_id,71,000037.jpg,0.7029257,genuine,1
dataset/clips/images\lva_passport\32\000133.jpg,lva_passport,32,000133.jpg,0.4981124,fake,0
dataset/clips/images\grc_passport\36\000199.jpg,grc_passport,36,000199.jpg,0.2118776,fake,0
dataset/clips/images\esp_id\88\000049.jpg,esp_id,88,000049.jpg,0.38073534,fake,0
dataset/clips/images\est_id\48\000307.jpg,est_id,48,000307.jpg,0.0018634399,fake,0
dataset/clips/images\esp_id\69\000397.jpg,esp_id,69,000397.jpg,0.98150903,genuine,1
dataset/clips/images\fin_id\72\000079.jpg,fin_id,72,000079.jpg,0.5407669,genuine,1
dataset/clips/images\aze_passport\06\000163.jpg,aze_passport,06,000163.jpg,0.76387334,genuine,1
dataset/clips/images\rus_internalpassport\51\000391.jpg,rus_internalpassport,51,000391.jpg,0.63560116,genuine,1
dataset/clips/images\esp_id\52\000229.jpg,esp_id,52,000229.jpg,0.81186205,genuine,1
dataset/clips/images\fin_id\13\000103.jpg,fin_id,13,000103.jpg,0.81049126,genuine,1
dataset/clips/images\alb_id\88\000499.jpg,alb_id,88,000499.jpg,0.71979713,genuine,1
dataset/clips/images\fin_id\67\000181.jpg,fin_id,67,000181.jpg,0.15114513,fake,0
dataset/clips/images\svk_id\87\000175.jpg,svk_id,87,000175.jpg,0.9908622,genuine,1
dataset/clips/images\lva_passport\76\000319.jpg,lva_passport,76,000319.jpg,0.65598416,genuine,1
dataset/clips/images\esp_id\32\000367.jpg,esp_id,32,000367.jpg,0.066465616,fake,0
dataset/clips/images\rus_internalpassport\69\000133.jpg,rus_internalpassport,69,000133.jpg,0.4842171,fake,0
dataset/clips/images\lva_passport\81\000019.jpg,lva_passport,81,000019.jpg,0.3218789,fake,0
dataset/clips/images\fin_id\96\000229.jpg,fin_id,96,000229.jpg,0.12865952,fake,0
dataset/clips/images\fin_id\10\000265.jpg,fin_id,10,000265.jpg,0.5768226,genuine,1
dataset/clips/images\aze_passport\61\000091.jpg,aze_passport,61,000091.jpg,0.03288065,fake,0
dataset/clips/images\svk_id\48\000181.jpg,svk_id,48,000181.jpg,0.9179076,genuine,1
dataset/clips/images\est_id\11\000301.jpg,est_id,11,000301.jpg,0.835714,genuine,1
dataset/clips/images\lva_passport\85\000043.jpg,lva_passport,85,000043.jpg,0.751736,genuine,1
dataset/clips/images\lva_passport\98\000085.jpg,lva_passport,98,000085.jpg,0.22527714,fake,0
dataset/clips/images\esp_id\16\000127.jpg,esp_id,16,000127.jpg,0.7398802,genuine,1
dataset/clips/images\alb_id\03\000271.jpg,alb_id,03,000271.jpg,0.5796213,genuine,1
dataset/clips/images\alb_id\56\000211.jpg,alb_id,56,000211.jpg,0.25852817,fake,0
dataset/clips/images\srb_passport\13\000211.jpg,srb_passport,13,000211.jpg,0.56330395,genuine,1
dataset/clips/images\aze_passport\74\000637.jpg,aze_passport,74,000637.jpg,0.52632886,genuine,1
dataset/clips/images\lva_passport\66\000181.jpg,lva_passport,66,000181.jpg,0.11792378,fake,0
dataset/clips/images\aze_passport\75\000181.jpg,aze_passport,75,000181.jpg,0.33901954,fake,0
dataset/clips/images\fin_id\42\000115.jpg,fin_id,42,000115.jpg,0.873318,genuine,1
dataset/clips/images\esp_id\74\000565.jpg,esp_id,74,000565.jpg,0.868737,genuine,1
dataset/clips/images\svk_id\48\000169.jpg,svk_id,48,000169.jpg,0.9138992,genuine,1
dataset/clips/images\esp_id\44\000169.jpg,esp_id,44,000169.jpg,0.38472295,fake,0
dataset/clips/images\srb_passport\54\000283.jpg,srb_passport,54,000283.jpg,0.06324855,fake,0
dataset/clips/images\srb_passport\56\000127.jpg,srb_passport,56,000127.jpg,0.32003877,fake,0
dataset/clips/images\aze_passport\94\000373.jpg,aze_passport,94,000373.jpg,0.55045235,genuine,1
dataset/clips/images\esp_id\58\000169.jpg,esp_id,58,000169.jpg,0.34495437,fake,0
dataset/clips/images\fin_id\32\000295.jpg,fin_id,32,000295.jpg,0.8264691,genuine,1
dataset/clips/images\esp_id\64\000187.jpg,esp_id,64,000187.jpg,0.41800025,fake,0
dataset/clips/images\srb_passport\57\000133.jpg,srb_passport,57,000133.jpg,0.031509288,fake,0
dataset/clips/images\alb_id\58\000313.jpg,alb_id,58,000313.jpg,0.80462617,genuine,1
dataset/clips/images\est_id\07\000361.jpg,est_id,07,000361.jpg,0.74329543,genuine,1
dataset/clips/images\rus_internalpassport\34\000061.jpg,rus_internalpassport,34,000061.jpg,0.8801615,genuine,1
dataset/clips/images\aze_passport\39\000349.jpg,aze_passport,39,000349.jpg,0.49996778,fake,0
dataset/clips/images\est_id\10\000013.jpg,est_id,10,000013.jpg,0.8567348,genuine,1
dataset/clips/images\aze_passport\14\000409.jpg,aze_passport,14,000409.jpg,0.23123865,fake,0
dataset/clips/images\rus_internalpassport\56\000319.jpg,rus_internalpassport,56,000319.jpg,0.5710962,genuine,1
dataset/clips/images\rus_internalpassport\71\000205.jpg,rus_internalpassport,71,000205.jpg,0.91456556,genuine,1
dataset/clips/images\alb_id\20\000049.jpg,alb_id,20,000049.jpg,0.02511403,fake,0
dataset/clips/images\srb_passport\75\000139.jpg,srb_passport,75,000139.jpg,0.8583805,genuine,1
dataset/clips/images\fin_id\75\000283.jpg,fin_id,75,000283.jpg,0.12784578,fake,0
dataset/clips/images\rus_internalpassport\70\000001.jpg,rus_internalpassport,70,000001.jpg,0.09884406,fake,0
dataset/clips/images\grc_passport\15\000085.jpg,grc_passport,15,000085.jpg,0.5559876,genuine,1
dataset/clips/images\alb_id\75\000565.jpg,alb_id,75,000565.jpg,0.02358298,fake,0
dataset/clips/images\rus_internalpassport\22\000037.jpg,rus_internalpassport,22,000037.jpg,0.62962687,genuine,1
dataset/clips/images\alb_id\13\000175.jpg,alb_id,13,000175.jpg,0.8612112,genuine,1
dataset/clips/images\svk_id\55\000295.jpg,svk_id,55,000295.jpg,0.6630539,genuine,1
dataset/clips/images\aze_passport\61\000115.jpg,aze_passport,61,000115.jpg,0.05622455,fake,0
dataset/clips/images\svk_id\82\000385.jpg,svk_id,82,000385.jpg,0.55096996,genuine,1
dataset/clips/images\esp_id\50\000175.jpg,esp_id,50,000175.jpg,0.5061356,genuine,1
dataset/clips/images\esp_id\85\000145.jpg,esp_id,85,000145.jpg,0.85018,genuine,1
dataset/clips/images\rus_internalpassport\48\000145.jpg,rus_internalpassport,48,000145.jpg,0.37156212,fake,0
dataset/clips/images\svk_id\61\000247.jpg,svk_id,61,000247.jpg,0.35562617,fake,0
dataset/clips/images\svk_id\50\000139.jpg,svk_id,50,000139.jpg,0.6654632,genuine,1
dataset/clips/images\alb_id\75\000217.jpg,alb_id,75,000217.jpg,0.0637527,fake,0
dataset/clips/images\alb_id\58\000043.jpg,alb_id,58,000043.jpg,0.25745317,fake,0
dataset/clips/images\aze_passport\15\000091.jpg,aze_passport,15,000091.jpg,0.16989253,fake,0
dataset/clips/images\est_id\68\000055.jpg,est_id,68,000055.jpg,0.52133375,genuine,1
dataset/clips/images\rus_internalpassport\40\000199.jpg,rus_internalpassport,40,000199.jpg,0.9398098,genuine,1
dataset/clips/images\lva_passport\87\000301.jpg,lva_passport,87,000301.jpg,0.8106848,genuine,1
dataset/clips/images\rus_internalpassport\08\000067.jpg,rus_internalpassport,08,000067.jpg,0.90176547,genuine,1
dataset/clips/images\aze_passport\70\000529.jpg,aze_passport,70,000529.jpg,0.86460435,genuine,1
dataset/clips/images\rus_internalpassport\03\000421.jpg,rus_internalpassport,03,000421.jpg,0.90678316,genuine,1
dataset/clips/images\aze_passport\79\000193.jpg,aze_passport,79,000193.jpg,0.63545454,genuine,1
dataset/clips/images\rus_internalpassport\73\000337.jpg,rus_internalpassport,73,000337.jpg,0.6898278,genuine,1
dataset/clips/images\svk_id\15\000031.jpg,svk_id,15,000031.jpg,0.9881759,genuine,1
dataset/clips/images\rus_internalpassport\62\000181.jpg,rus_internalpassport,62,000181.jpg,0.90019214,genuine,1
dataset/clips/images\srb_passport\07\000211.jpg,srb_passport,07,000211.jpg,0.95819193,genuine,1
dataset/clips/images\alb_id\82\000163.jpg,alb_id,82,000163.jpg,0.4038104,fake,0
dataset/clips/images\aze_passport\38\000043.jpg,aze_passport,38,000043.jpg,0.24078505,fake,0
dataset/clips/images\rus_internalpassport\95\000169.jpg,rus_internalpassport,95,000169.jpg,0.44377756,fake,0
dataset/clips/images\est_id\53\000367.jpg,est_id,53,000367.jpg,0.315868,fake,0
dataset/clips/images\svk_id\13\000073.jpg,svk_id,13,000073.jpg,0.95209384,genuine,1
dataset/clips/images\fin_id\20\000061.jpg,fin_id,20,000061.jpg,0.5463566,genuine,1
dataset/clips/images\alb_id\17\000355.jpg,alb_id,17,000355.jpg,0.53115785,genuine,1
dataset/clips/images\esp_id\78\000301.jpg,esp_id,78,000301.jpg,0.98481214,genuine,1
dataset/clips/images\rus_internalpassport\88\000271.jpg,rus_internalpassport,88,000271.jpg,0.4787445,fake,0
dataset/clips/images\esp_id\62\000127.jpg,esp_id,62,000127.jpg,0.4805224,fake,0
dataset/clips/images\esp_id\08\000409.jpg,esp_id,08,000409.jpg,0.87642395,genuine,1
dataset/clips/images\rus_internalpassport\85\000025.jpg,rus_internalpassport,85,000025.jpg,0.8958401,genuine,1
dataset/clips/images\lva_passport\60\000223.jpg,lva_passport,60,000223.jpg,0.018585596,fake,0
dataset/clips/images\fin_id\87\000433.jpg,fin_id,87,000433.jpg,0.17900927,fake,0
dataset/clips/images\aze_passport\62\000259.jpg,aze_passport,62,000259.jpg,0.013287665,fake,0
dataset/clips/images\alb_id\02\000001.jpg,alb_id,02,000001.jpg,0.610613,genuine,1
dataset/clips/images\srb_passport\04\000265.jpg,srb_passport,04,000265.jpg,0.8839132,genuine,1
dataset/clips/images\svk_id\84\000391.jpg,svk_id,84,000391.jpg,0.7973585,genuine,1
dataset/clips/images\rus_internalpassport\70\000151.jpg,rus_internalpassport,70,000151.jpg,0.6960843,genuine,1
dataset/clips/images\est_id\29\000307.jpg,est_id,29,000307.jpg,0.5003704,genuine,1
dataset/clips/images\fin_id\89\000259.jpg,fin_id,89,000259.jpg,0.23813187,fake,0
dataset/clips/images\esp_id\69\000247.jpg,esp_id,69,000247.jpg,0.7961086,genuine,1
dataset/clips/images\srb_passport\04\000211.jpg,srb_passport,04,000211.jpg,0.8816542,genuine,1
dataset/clips/images\srb_passport\64\000055.jpg,srb_passport,64,000055.jpg,0.060211778,fake,0
dataset/clips/images\srb_passport\90\000157.jpg,srb_passport,90,000157.jpg,0.35751012,fake,0
dataset/clips/images\fin_id\12\000259.jpg,fin_id,12,000259.jpg,0.8716777,genuine,1
dataset/clips/images\lva_passport\58\000145.jpg,lva_passport,58,000145.jpg,0.08358419,fake,0
dataset/clips/images\rus_internalpassport\14\000079.jpg,rus_internalpassport,14,000079.jpg,0.79572475,genuine,1
dataset/clips/images\esp_id\97\000079.jpg,esp_id,97,000079.jpg,0.90556866,genuine,1
dataset/clips/images\srb_passport\97\000019.jpg,srb_passport,97,000019.jpg,0.4753499,fake,0
dataset/clips/images\srb_passport\11\000319.jpg,srb_passport,11,000319.jpg,0.82054096,genuine,1
dataset/clips/images\rus_internalpassport\43\000001.jpg,rus_internalpassport,43,000001.jpg,0.17213413,fake,0
dataset/clips/images\lva_passport\04\000007.jpg,lva_passport,04,000007.jpg,0.92205375,genuine,1
dataset/clips/images\lva_passport\05\000151.jpg,lva_passport,05,000151.jpg,0.6948401,genuine,1
dataset/clips/images\grc_passport\92\000037.jpg,grc_passport,92,000037.jpg,0.5183091,genuine,1
dataset/clips/images\svk_id\83\000151.jpg,svk_id,83,000151.jpg,0.84553075,genuine,1
dataset/clips/images\est_id\78\000367.jpg,est_id,78,000367.jpg,0.9618458,genuine,1
dataset/clips/images\srb_passport\96\000283.jpg,srb_passport,96,000283.jpg,0.041635007,fake,0
dataset/clips/images\fin_id\89\000343.jpg,fin_id,89,000343.jpg,0.26773074,fake,0
dataset/clips/images\alb_id\25\000181.jpg,alb_id,25,000181.jpg,0.14163537,fake,0
dataset/clips/images\esp_id\18\000007.jpg,esp_id,18,000007.jpg,0.88978624,genuine,1
dataset/clips/images\esp_id\95\000055.jpg,esp_id,95,000055.jpg,0.33041975,fake,0
dataset/clips/images\rus_internalpassport\24\000241.jpg,rus_internalpassport,24,000241.jpg,0.37909898,fake,0
dataset/clips/images\esp_id\57\000115.jpg,esp_id,57,000115.jpg,0.5003599,genuine,1
dataset/clips/images\lva_passport\34\000373.jpg,lva_passport,34,000373.jpg,0.56704307,genuine,1
dataset/clips/images\rus_internalpassport\73\000301.jpg,rus_internalpassport,73,000301.jpg,0.52735394,genuine,1
dataset/clips/images\srb_passport\37\000019.jpg,srb_passport,37,000019.jpg,0.84453213,genuine,1
dataset/clips/images\svk_id\14\000181.jpg,svk_id,14,000181.jpg,0.9939106,genuine,1
dataset/clips/images\aze_passport\44\000067.jpg,aze_passport,44,000067.jpg,0.6427511,genuine,1
dataset/clips/images\lva_passport\85\000085.jpg,lva_passport,85,000085.jpg,0.82206523,genuine,1
dataset/clips/images\est_id\46\000049.jpg,est_id,46,000049.jpg,0.020547511,fake,0
dataset/clips/images\est_id\81\000265.jpg,est_id,81,000265.jpg,0.39763933,fake,0
dataset/clips/images\lva_passport\77\000415.jpg,lva_passport,77,000415.jpg,0.43595815,fake,0
dataset/clips/images\svk_id\49\000265.jpg,svk_id,49,000265.jpg,0.99144655,genuine,1
dataset/clips/images\lva_passport\77\000583.jpg,lva_passport,77,000583.jpg,0.6737989,genuine,1
dataset/clips/images\fin_id\49\000229.jpg,fin_id,49,000229.jpg,0.96356785,genuine,1
dataset/clips/images\srb_passport\06\000433.jpg,srb_passport,06,000433.jpg,0.9423678,genuine,1
dataset/clips/images\grc_passport\77\000415.jpg,grc_passport,77,000415.jpg,0.95314485,genuine,1
dataset/clips/images\fin_id\53\000247.jpg,fin_id,53,000247.jpg,0.21668077,fake,0
dataset/clips/images\alb_id\30\000193.jpg,alb_id,30,000193.jpg,0.3932062,fake,0
dataset/clips/images\alb_id\80\000055.jpg,alb_id,80,000055.jpg,0.17123772,fake,0
dataset/clips/images\esp_id\31\000043.jpg,esp_id,31,000043.jpg,0.071328886,fake,0
dataset/clips/images\esp_id\48\000067.jpg,esp_id,48,000067.jpg,0.16168788,fake,0
dataset/clips/images\svk_id\82\000157.jpg,svk_id,82,000157.jpg,0.4190252,fake,0
dataset/clips/images\rus_internalpassport\75\000349.jpg,rus_internalpassport,75,000349.jpg,0.9016337,genuine,1
dataset/clips/images\lva_passport\91\000307.jpg,lva_passport,91,000307.jpg,0.83891505,genuine,1
dataset/clips/images\svk_id\27\000115.jpg,svk_id,27,000115.jpg,0.62179804,genuine,1
dataset/clips/images\esp_id\85\000445.jpg,esp_id,85,000445.jpg,0.51204693,genuine,1
dataset/clips/images\rus_internalpassport\31\000319.jpg,rus_internalpassport,31,000319.jpg,0.81599367,genuine,1
dataset/clips/images\esp_id\30\000289.jpg,esp_id,30,000289.jpg,0.48009658,fake,0
dataset/clips/images\lva_passport\18\000097.jpg,lva_passport,18,000097.jpg,0.7969761,genuine,1
dataset/clips/images\esp_id\82\000319.jpg,esp_id,82,000319.jpg,0.3256544,fake,0
dataset/clips/images\alb_id\54\000331.jpg,alb_id,54,000331.jpg,0.94831103,genuine,1
dataset/clips/images\alb_id\11\000271.jpg,alb_id,11,000271.jpg,0.76641667,genuine,1
dataset/clips/images\alb_id\76\000223.jpg,alb_id,76,000223.jpg,0.093957976,fake,0
dataset/clips/images\srb_passport\70\000403.jpg,srb_passport,70,000403.jpg,0.8028857,genuine,1
dataset/clips/images\svk_id\95\000127.jpg,svk_id,95,000127.jpg,0.4935848,fake,0
dataset/clips/images\srb_passport\45\000373.jpg,srb_passport,45,000373.jpg,0.11993777,fake,0
dataset/clips/images\aze_passport\31\000013.jpg,aze_passport,31,000013.jpg,0.31369117,fake,0
dataset/clips/images\lva_passport\55\000205.jpg,lva_passport,55,000205.jpg,0.38532928,fake,0
dataset/clips/images\esp_id\18\000325.jpg,esp_id,18,000325.jpg,0.8921895,genuine,1
dataset/clips/images\grc_passport\80\000049.jpg,grc_passport,80,000049.jpg,0.5489305,genuine,1
dataset/clips/images\aze_passport\81\000325.jpg,aze_passport,81,000325.jpg,0.3686692,fake,0
dataset/clips/images\fin_id\24\000163.jpg,fin_id,24,000163.jpg,0.45055246,fake,0
dataset/clips/images\svk_id\56\000073.jpg,svk_id,56,000073.jpg,0.89703584,genuine,1
dataset/clips/images\rus_internalpassport\62\000163.jpg,rus_internalpassport,62,000163.jpg,0.8382617,genuine,1
dataset/clips/images\srb_passport\86\000103.jpg,srb_passport,86,000103.jpg,0.2336253,fake,0
dataset/clips/images\srb_passport\91\000355.jpg,srb_passport,91,000355.jpg,0.122325785,fake,0
dataset/clips/images\aze_passport\35\000229.jpg,aze_passport,35,000229.jpg,0.27460834,fake,0
dataset/clips/images\srb_passport\31\000133.jpg,srb_passport,31,000133.jpg,0.8021253,genuine,1
dataset/clips/images\lva_passport\81\000271.jpg,lva_passport,81,000271.jpg,0.30554804,fake,0
dataset/clips/images\srb_passport\13\000367.jpg,srb_passport,13,000367.jpg,0.18618225,fake,0
dataset/clips/images\est_id\75\000631.jpg,est_id,75,000631.jpg,0.43485418,fake,0
dataset/clips/images\esp_id\96\000367.jpg,esp_id,96,000367.jpg,0.34592667,fake,0
dataset/clips/images\lva_passport\12\000193.jpg,lva_passport,12,000193.jpg,0.8320575,genuine,1
dataset/clips/images\aze_passport\49\000277.jpg,aze_passport,49,000277.jpg,0.21448894,fake,0
dataset/clips/images\aze_passport\79\000079.jpg,aze_passport,79,000079.jpg,0.44920856,fake,0
dataset/clips/images\alb_id\79\000583.jpg,alb_id,79,000583.jpg,0.14907548,fake,0
dataset/clips/images\grc_passport\94\000025.jpg,grc_passport,94,000025.jpg,0.21454814,fake,0
dataset/clips/images\est_id\48\000355.jpg,est_id,48,000355.jpg,0.0015104373,fake,0
dataset/clips/images\svk_id\46\000175.jpg,svk_id,46,000175.jpg,0.27009344,fake,0
dataset/clips/images\fin_id\67\000085.jpg,fin_id,67,000085.jpg,0.11130806,fake,0
dataset/clips/images\est_id\71\000109.jpg,est_id,71,000109.jpg,0.820605,genuine,1
dataset/clips/images\est_id\63\000349.jpg,est_id,63,000349.jpg,0.63981616,genuine,1
dataset/clips/images\rus_internalpassport\72\000181.jpg,rus_internalpassport,72,000181.jpg,0.82488346,genuine,1
dataset/clips/images\est_id\06\000271.jpg,est_id,06,000271.jpg,0.6404792,genuine,1
dataset/clips/images\rus_internalpassport\05\000109.jpg,rus_internalpassport,05,000109.jpg,0.8759075,genuine,1
dataset/clips/images\lva_passport\05\000055.jpg,lva_passport,05,000055.jpg,0.51269996,genuine,1
dataset/clips/images\esp_id\59\000283.jpg,esp_id,59,000283.jpg,0.070858575,fake,0
dataset/clips/images\aze_passport\90\000133.jpg,aze_passport,90,000133.jpg,0.16729593,fake,0
dataset/clips/images\svk_id\24\000037.jpg,svk_id,24,000037.jpg,0.87077355,genuine,1
dataset/clips/images\alb_id\58\000253.jpg,alb_id,58,000253.jpg,0.4783988,fake,0
dataset/clips/images\est_id\07\000409.jpg,est_id,07,000409.jpg,0.4507771,fake,0
dataset/clips/images\grc_passport\79\000133.jpg,grc_passport,79,000133.jpg,0.5334804,genuine,1
dataset/clips/images\grc_passport\24\000043.jpg,grc_passport,24,000043.jpg,0.32453626,fake,0
dataset/clips/images\alb_id\73\000415.jpg,alb_id,73,000415.jpg,0.6189648,genuine,1
dataset/clips/images\srb_passport\72\000007.jpg,srb_passport,72,000007.jpg,0.090624526,fake,0
dataset/clips/images\rus_internalpassport\96\000085.jpg,rus_internalpassport,96,000085.jpg,0.21816365,fake,0
dataset/clips/images\aze_passport\36\000319.jpg,aze_passport,36,000319.jpg,0.21142152,fake,0
dataset/clips/images\srb_passport\24\000355.jpg,srb_passport,24,000355.jpg,0.24096924,fake,0
dataset/clips/images\aze_passport\77\000181.jpg,aze_passport,77,000181.jpg,0.74873686,genuine,1
dataset/clips/images\lva_passport\28\000271.jpg,lva_passport,28,000271.jpg,0.6981931,genuine,1
dataset/clips/images\grc_passport\05\000121.jpg,grc_passport,05,000121.jpg,0.59827167,genuine,1
dataset/clips/images\alb_id\77\000397.jpg,alb_id,77,000397.jpg,0.6931133,genuine,1
dataset/clips/images\lva_passport\78\000283.jpg,lva_passport,78,000283.jpg,0.6351079,genuine,1
dataset/clips/images\grc_passport\52\000217.jpg,grc_passport,52,000217.jpg,0.28841084,fake,0
dataset/clips/images\rus_internalpassport\90\000025.jpg,rus_internalpassport,90,000025.jpg,0.39376163,fake,0
dataset/clips/images\est_id\59\000253.jpg,est_id,59,000253.jpg,0.19625854,fake,0
dataset/clips/images\aze_passport\26\000169.jpg,aze_passport,26,000169.jpg,0.111167,fake,0
dataset/clips/images\esp_id\59\000037.jpg,esp_id,59,000037.jpg,0.80781317,genuine,1
dataset/clips/images\lva_passport\68\000091.jpg,lva_passport,68,000091.jpg,0.037487745,fake,0
dataset/clips/images\est_id\70\000295.jpg,est_id,70,000295.jpg,0.7804158,genuine,1
dataset/clips/images\rus_internalpassport\50\000115.jpg,rus_internalpassport,50,000115.jpg,0.25435677,fake,0
dataset/clips/images\alb_id\60\000247.jpg,alb_id,60,000247.jpg,0.36327225,fake,0
dataset/clips/images\esp_id\97\000157.jpg,esp_id,97,000157.jpg,0.9088596,genuine,1
dataset/clips/images\esp_id\86\000439.jpg,esp_id,86,000439.jpg,0.46525136,fake,0
dataset/clips/images\est_id\96\000301.jpg,est_id,96,000301.jpg,0.44258788,fake,0
dataset/clips/images\fin_id\41\000043.jpg,fin_id,41,000043.jpg,0.8318509,genuine,1
dataset/clips/images\rus_internalpassport\37\000211.jpg,rus_internalpassport,37,000211.jpg,0.29200456,fake,0
dataset/clips/images\alb_id\19\000361.jpg,alb_id,19,000361.jpg,0.95922446,genuine,1
dataset/clips/images\fin_id\36\000067.jpg,fin_id,36,000067.jpg,0.93185747,genuine,1
dataset/clips/images\est_id\15\000217.jpg,est_id,15,000217.jpg,0.6370878,genuine,1
dataset/clips/images\est_id\54\000361.jpg,est_id,54,000361.jpg,0.6318326,genuine,1
dataset/clips/images\srb_passport\79\000373.jpg,srb_passport,79,000373.jpg,0.59195584,genuine,1
dataset/clips/images\lva_passport\88\000175.jpg,lva_passport,88,000175.jpg,0.6387907,genuine,1
dataset/clips/images\alb_id\51\000025.jpg,alb_id,51,000025.jpg,0.25266707,fake,0
dataset/clips/images\esp_id\11\000091.jpg,esp_id,11,000091.jpg,0.7889099,genuine,1
dataset/clips/images\srb_passport\29\000163.jpg,srb_passport,29,000163.jpg,0.12332683,fake,0
dataset/clips/images\svk_id\58\000307.jpg,svk_id,58,000307.jpg,0.8720766,genuine,1
dataset/clips/images\aze_passport\61\000097.jpg,aze_passport,61,000097.jpg,0.039027393,fake,0
dataset/clips/images\alb_id\51\000277.jpg,alb_id,51,000277.jpg,0.13778807,fake,0
dataset/clips/images\srb_passport\88\000391.jpg,srb_passport,88,000391.jpg,0.7614116,genuine,1
dataset/clips/images\aze_passport\19\000157.jpg,aze_passport,19,000157.jpg,0.67464054,genuine,1
dataset/clips/images\srb_passport\08\000349.jpg,srb_passport,08,000349.jpg,0.81064355,genuine,1
dataset/clips/images\srb_passport\27\000295.jpg,srb_passport,27,000295.jpg,0.43638125,fake,0
dataset/clips/images\grc_passport\30\000187.jpg,grc_passport,30,000187.jpg,0.49195215,fake,0
dataset/clips/images\srb_passport\19\000319.jpg,srb_passport,19,000319.jpg,0.87651855,genuine,1
dataset/clips/images\srb_passport\32\000031.jpg,srb_passport,32,000031.jpg,0.6669643,genuine,1
dataset/clips/images\grc_passport\28\000343.jpg,grc_passport,28,000343.jpg,0.3497118,fake,0
dataset/clips/images\est_id\47\000019.jpg,est_id,47,000019.jpg,0.10202003,fake,0
dataset/clips/images\esp_id\23\000187.jpg,esp_id,23,000187.jpg,0.06594338,fake,0
dataset/clips/images\esp_id\16\000109.jpg,esp_id,16,000109.jpg,0.82354575,genuine,1
dataset/clips/images\alb_id\09\000307.jpg,alb_id,09,000307.jpg,0.4260237,fake,0
dataset/clips/images\srb_passport\34\000313.jpg,srb_passport,34,000313.jpg,0.52164495,genuine,1
dataset/clips/images\alb_id\88\000073.jpg,alb_id,88,000073.jpg,0.32144907,fake,0
dataset/clips/images\fin_id\09\000151.jpg,fin_id,09,000151.jpg,0.8193821,genuine,1
dataset/clips/images\svk_id\21\000265.jpg,svk_id,21,000265.jpg,0.9055153,genuine,1
dataset/clips/images\est_id\32\000217.jpg,est_id,32,000217.jpg,0.6790726,genuine,1
dataset/clips/images\svk_id\37\000247.jpg,svk_id,37,000247.jpg,0.18696313,fake,0
dataset/clips/images\aze_passport\69\000067.jpg,aze_passport,69,000067.jpg,0.03757395,fake,0
dataset/clips/images\fin_id\96\000025.jpg,fin_id,96,000025.jpg,0.23079483,fake,0
dataset/clips/images\rus_internalpassport\39\000403.jpg,rus_internalpassport,39,000403.jpg,0.5752597,genuine,1
dataset/clips/images\lva_passport\81\000241.jpg,lva_passport,81,000241.jpg,0.23708764,fake,0
dataset/clips/images\esp_id\70\000151.jpg,esp_id,70,000151.jpg,0.23265634,fake,0
dataset/clips/images\esp_id\25\000151.jpg,esp_id,25,000151.jpg,0.2171745,fake,0
dataset/clips/images\fin_id\58\000331.jpg,fin_id,58,000331.jpg,0.030144185,fake,0
dataset/clips/images\srb_passport\52\000169.jpg,srb_passport,52,000169.jpg,0.005947595,fake,0
dataset/clips/images\rus_internalpassport\45\000259.jpg,rus_internalpassport,45,000259.jpg,0.8722475,genuine,1
dataset/clips/images\svk_id\93\000325.jpg,svk_id,93,000325.jpg,0.47458056,fake,0
dataset/clips/images\lva_passport\00\000001.jpg,lva_passport,00,000001.jpg,0.8257417,genuine,1
dataset/clips/images\rus_internalpassport\50\000169.jpg,rus_internalpassport,50,000169.jpg,0.09075601,fake,0
dataset/clips/images\alb_id\19\000313.jpg,alb_id,19,000313.jpg,0.5168064,genuine,1
dataset/clips/images\est_id\38\000151.jpg,est_id,38,000151.jpg,0.5056573,genuine,1
dataset/clips/images\grc_passport\89\000307.jpg,grc_passport,89,000307.jpg,0.9026798,genuine,1
dataset/clips/images\svk_id\77\000001.jpg,svk_id,77,000001.jpg,0.8052204,genuine,1
dataset/clips/images\lva_passport\76\000265.jpg,lva_passport,76,000265.jpg,0.4183451,fake,0
dataset/clips/images\aze_passport\15\000199.jpg,aze_passport,15,000199.jpg,0.28049713,fake,0
dataset/clips/images\esp_id\51\000127.jpg,esp_id,51,000127.jpg,0.14379895,fake,0
dataset/clips/images\esp_id\51\000085.jpg,esp_id,51,000085.jpg,0.3623781,fake,0
dataset/clips/images\srb_passport\26\000301.jpg,srb_passport,26,000301.jpg,0.22403611,fake,0
dataset/clips/images\srb_passport\10\000049.jpg,srb_passport,10,000049.jpg,0.77327037,genuine,1
dataset/clips/images\rus_internalpassport\78\000037.jpg,rus_internalpassport,78,000037.jpg,0.55406815,genuine,1
dataset/clips/images\alb_id\04\000199.jpg,alb_id,04,000199.jpg,0.79254264,genuine,1
dataset/clips/images\fin_id\86\000049.jpg,fin_id,86,000049.jpg,0.6031027,genuine,1
dataset/clips/images\rus_internalpassport\09\000343.jpg,rus_internalpassport,09,000343.jpg,0.69167924,genuine,1
dataset/clips/images\rus_internalpassport\32\000109.jpg,rus_internalpassport,32,000109.jpg,0.80769765,genuine,1
dataset/clips/images\rus_internalpassport\84\000013.jpg,rus_internalpassport,84,000013.jpg,0.57398164,genuine,1
dataset/clips/images\alb_id\76\000301.jpg,alb_id,76,000301.jpg,0.2638456,fake,0
dataset/clips/images\svk_id\56\000187.jpg,svk_id,56,000187.jpg,0.713339,genuine,1
dataset/clips/images\alb_id\68\000319.jpg,alb_id,68,000319.jpg,0.065918304,fake,0
dataset/clips/images\fin_id\49\000385.jpg,fin_id,49,000385.jpg,0.9934734,genuine,1
dataset/clips/images\lva_passport\49\000271.jpg,lva_passport,49,000271.jpg,0.77437204,genuine,1
dataset/clips/images\est_id\02\000073.jpg,est_id,02,000073.jpg,0.7896944,genuine,1
dataset/clips/images\fin_id\39\000055.jpg,fin_id,39,000055.jpg,0.94088495,genuine,1
dataset/clips/images\grc_passport\52\000337.jpg,grc_passport,52,000337.jpg,0.7235112,genuine,1
dataset/clips/images\est_id\64\000181.jpg,est_id,64,000181.jpg,0.45710832,fake,0
dataset/clips/images\lva_passport\34\000145.jpg,lva_passport,34,000145.jpg,0.6195917,genuine,1
dataset/clips/images\aze_passport\39\000289.jpg,aze_passport,39,000289.jpg,0.31008285,fake,0
dataset/clips/images\srb_passport\03\000091.jpg,srb_passport,03,000091.jpg,0.91782993,genuine,1
dataset/clips/images\grc_passport\64\000001.jpg,grc_passport,64,000001.jpg,0.07802586,fake,0
dataset/clips/images\alb_id\09\000097.jpg,alb_id,09,000097.jpg,0.4139762,fake,0
dataset/clips/images\alb_id\73\000475.jpg,alb_id,73,000475.jpg,0.62867165,genuine,1
dataset/clips/images\aze_passport\09\000379.jpg,aze_passport,09,000379.jpg,0.7004295,genuine,1
dataset/clips/images\srb_passport\96\000205.jpg,srb_passport,96,000205.jpg,0.10960375,fake,0
dataset/clips/images\alb_id\87\000427.jpg,alb_id,87,000427.jpg,0.21855214,fake,0
dataset/clips/images\srb_passport\89\000187.jpg,srb_passport,89,000187.jpg,0.05735163,fake,0
dataset/clips/images\rus_internalpassport\09\000043.jpg,rus_internalpassport,09,000043.jpg,0.699439,genuine,1
dataset/clips/images\rus_internalpassport\76\000343.jpg,rus_internalpassport,76,000343.jpg,0.5671338,genuine,1
dataset/clips/images\fin_id\46\000223.jpg,fin_id,46,000223.jpg,0.5746194,genuine,1
dataset/clips/images\esp_id\73\000055.jpg,esp_id,73,000055.jpg,0.77556026,genuine,1
dataset/clips/images\svk_id\19\000223.jpg,svk_id,19,000223.jpg,0.6088372,genuine,1
dataset/clips/images\esp_id\02\000307.jpg,esp_id,02,000307.jpg,0.9302541,genuine,1
dataset/clips/images\aze_passport\51\000031.jpg,aze_passport,51,000031.jpg,0.28802875,fake,0
dataset/clips/images\lva_passport\03\000145.jpg,lva_passport,03,000145.jpg,0.8985855,genuine,1
dataset/clips/images\fin_id\77\000247.jpg,fin_id,77,000247.jpg,0.69755316,genuine,1
dataset/clips/images\aze_passport\20\000055.jpg,aze_passport,20,000055.jpg,0.28718954,fake,0
dataset/clips/images\esp_id\35\000085.jpg,esp_id,35,000085.jpg,0.5004648,genuine,1
dataset/clips/images\grc_passport\23\000355.jpg,grc_passport,23,000355.jpg,0.3893549,fake,0
dataset/clips/images\aze_passport\26\000037.jpg,aze_passport,26,000037.jpg,0.05763676,fake,0
dataset/clips/images\esp_id\91\000265.jpg,esp_id,91,000265.jpg,0.44190946,fake,0
dataset/clips/images\lva_passport\87\000121.jpg,lva_passport,87,000121.jpg,0.57414377,genuine,1
dataset/clips/images\lva_passport\85\000331.jpg,lva_passport,85,000331.jpg,0.5698992,genuine,1
dataset/clips/images\esp_id\33\000295.jpg,esp_id,33,000295.jpg,0.59288514,genuine,1
dataset/clips/images\lva_passport\36\000337.jpg,lva_passport,36,000337.jpg,0.7190899,genuine,1
dataset/clips/images\est_id\12\000199.jpg,est_id,12,000199.jpg,0.87315977,genuine,1
dataset/clips/images\est_id\68\000271.jpg,est_id,68,000271.jpg,0.14762872,fake,0
dataset/clips/images\srb_passport\55\000061.jpg,srb_passport,55,000061.jpg,0.24862602,fake,0
dataset/clips/images\alb_id\08\000313.jpg,alb_id,08,000313.jpg,0.27431414,fake,0
dataset/clips/images\lva_passport\00\000091.jpg,lva_passport,00,000091.jpg,0.8273203,genuine,1
dataset/clips/images\svk_id\53\000019.jpg,svk_id,53,000019.jpg,0.3371722,fake,0
dataset/clips/images\rus_internalpassport\45\000253.jpg,rus_internalpassport,45,000253.jpg,0.82742345,genuine,1
dataset/clips/images\esp_id\18\000103.jpg,esp_id,18,000103.jpg,0.8445027,genuine,1
dataset/clips/images\fin_id\45\000247.jpg,fin_id,45,000247.jpg,0.2835334,fake,0
dataset/clips/images\lva_passport\26\000091.jpg,lva_passport,26,000091.jpg,0.24746309,fake,0
dataset/clips/images\grc_passport\50\000409.jpg,grc_passport,50,000409.jpg,0.21630442,fake,0
dataset/clips/images\rus_internalpassport\88\000259.jpg,rus_internalpassport,88,000259.jpg,0.6006303,genuine,1
dataset/clips/images\esp_id\19\000379.jpg,esp_id,19,000379.jpg,0.9237913,genuine,1
dataset/clips/images\esp_id\93\000049.jpg,esp_id,93,000049.jpg,0.66951454,genuine,1
dataset/clips/images\aze_passport\91\000025.jpg,aze_passport,91,000025.jpg,0.032076944,fake,0
dataset/clips/images\lva_passport\70\000031.jpg,lva_passport,70,000031.jpg,0.5134816,genuine,1
dataset/clips/images\srb_passport\20\000247.jpg,srb_passport,20,000247.jpg,0.80712557,genuine,1
dataset/clips/images\srb_passport\83\000361.jpg,srb_passport,83,000361.jpg,0.04777247,fake,0
dataset/clips/images\rus_internalpassport\56\000313.jpg,rus_internalpassport,56,000313.jpg,0.57006013,genuine,1
dataset/clips/images\grc_passport\36\000151.jpg,grc_passport,36,000151.jpg,0.14724045,fake,0
dataset/clips/images\lva_passport\29\000139.jpg,lva_passport,29,000139.jpg,0.3820866,fake,0
dataset/clips/images\est_id\15\000277.jpg,est_id,15,000277.jpg,0.7231065,genuine,1
dataset/clips/images\lva_passport\86\000067.jpg,lva_passport,86,000067.jpg,0.016722107,fake,0
dataset/clips/images\lva_passport\71\000025.jpg,lva_passport,71,000025.jpg,0.3447201,fake,0
dataset/clips/images\esp_id\35\000223.jpg,esp_id,35,000223.jpg,0.03149548,fake,0
dataset/clips/images\rus_internalpassport\01\000151.jpg,rus_internalpassport,01,000151.jpg,0.79210967,genuine,1
dataset/clips/images\lva_passport\23\000055.jpg,lva_passport,23,000055.jpg,0.41195685,fake,0
dataset/clips/images\lva_passport\17\000367.jpg,lva_passport,17,000367.jpg,0.23108836,fake,0
dataset/clips/images\fin_id\82\000079.jpg,fin_id,82,000079.jpg,0.78058374,genuine,1
dataset/clips/images\srb_passport\77\000457.jpg,srb_passport,77,000457.jpg,0.6542673,genuine,1
dataset/clips/images\fin_id\20\000259.jpg,fin_id,20,000259.jpg,0.3821208,fake,0
dataset/clips/images\fin_id\76\000253.jpg,fin_id,76,000253.jpg,0.22025384,fake,0
dataset/clips/images\aze_passport\25\000307.jpg,aze_passport,25,000307.jpg,0.34532678,fake,0
dataset/clips/images\est_id\66\000193.jpg,est_id,66,000193.jpg,0.2960305,fake,0
dataset/clips/images\srb_passport\89\000169.jpg,srb_passport,89,000169.jpg,0.027190745,fake,0
dataset/clips/images\grc_passport\77\000475.jpg,grc_passport,77,000475.jpg,0.5613556,genuine,1
dataset/clips/images\srb_passport\59\000253.jpg,srb_passport,59,000253.jpg,0.019688426,fake,0
dataset/clips/images\srb_passport\19\000103.jpg,srb_passport,19,000103.jpg,0.72695065,genuine,1
dataset/clips/images\rus_internalpassport\40\000157.jpg,rus_internalpassport,40,000157.jpg,0.96419454,genuine,1
dataset/clips/images\svk_id\37\000313.jpg,svk_id,37,000313.jpg,0.19163108,fake,0
dataset/clips/images\rus_internalpassport\66\000211.jpg,rus_internalpassport,66,000211.jpg,0.9145606,genuine,1
dataset/clips/images\est_id\65\000079.jpg,est_id,65,000079.jpg,0.44306615,fake,0
dataset/clips/images\lva_passport\38\000319.jpg,lva_passport,38,000319.jpg,0.62789106,genuine,1
dataset/clips/images\aze_passport\04\000103.jpg,aze_passport,04,000103.jpg,0.65447396,genuine,1
dataset/clips/images\rus_internalpassport\00\000265.jpg,rus_internalpassport,00,000265.jpg,0.703269,genuine,1
dataset/clips/images\srb_passport\64\000013.jpg,srb_passport,64,000013.jpg,0.036544178,fake,0
dataset/clips/images\aze_passport\04\000073.jpg,aze_passport,04,000073.jpg,0.33135915,fake,0
dataset/clips/images\lva_passport\47\000067.jpg,lva_passport,47,000067.jpg,0.64025915,genuine,1
dataset/clips/images\aze_passport\08\000067.jpg,aze_passport,08,000067.jpg,0.43011403,fake,0
dataset/clips/images\grc_passport\27\000211.jpg,grc_passport,27,000211.jpg,0.14436801,fake,0
dataset/clips/images\grc_passport\48\000295.jpg,grc_passport,48,000295.jpg,0.02111535,fake,0
dataset/clips/images\rus_internalpassport\14\000361.jpg,rus_internalpassport,14,000361.jpg,0.7288705,genuine,1
dataset/clips/images\lva_passport\34\000571.jpg,lva_passport,34,000571.jpg,0.69023883,genuine,1
dataset/clips/images\grc_passport\95\000253.jpg,grc_passport,95,000253.jpg,0.48950788,fake,0
dataset/clips/images\rus_internalpassport\58\000169.jpg,rus_internalpassport,58,000169.jpg,0.16525175,fake,0
dataset/clips/images\lva_passport\68\000199.jpg,lva_passport,68,000199.jpg,0.017799176,fake,0
dataset/clips/images\esp_id\52\000415.jpg,esp_id,52,000415.jpg,0.15151586,fake,0
dataset/clips/images\rus_internalpassport\92\000289.jpg,rus_internalpassport,92,000289.jpg,0.085067965,fake,0
dataset/clips/images\grc_passport\62\000235.jpg,grc_passport,62,000235.jpg,0.06521695,fake,0
dataset/clips/images\lva_passport\55\000271.jpg,lva_passport,55,000271.jpg,0.14090423,fake,0
dataset/clips/images\esp_id\23\000193.jpg,esp_id,23,000193.jpg,0.099226005,fake,0
dataset/clips/images\srb_passport\80\000349.jpg,srb_passport,80,000349.jpg,0.2500696,fake,0
dataset/clips/images\srb_passport\82\000397.jpg,srb_passport,82,000397.jpg,0.006132867,fake,0
dataset/clips/images\fin_id\13\000055.jpg,fin_id,13,000055.jpg,0.83100057,genuine,1
dataset/clips/images\esp_id\71\000181.jpg,esp_id,71,000181.jpg,0.2247348,fake,0
dataset/clips/images\fin_id\88\000259.jpg,fin_id,88,000259.jpg,0.7398673,genuine,1
dataset/clips/images\aze_passport\79\000301.jpg,aze_passport,79,000301.jpg,0.7088258,genuine,1
dataset/clips/images\lva_passport\68\000289.jpg,lva_passport,68,000289.jpg,0.017926585,fake,0
dataset/clips/images\alb_id\97\000229.jpg,alb_id,97,000229.jpg,0.8525703,genuine,1
dataset/clips/images\grc_passport\99\000331.jpg,grc_passport,99,000331.jpg,0.149653,fake,0
dataset/clips/images\est_id\95\000055.jpg,est_id,95,000055.jpg,0.7673907,genuine,1
dataset/clips/images\srb_passport\73\000637.jpg,srb_passport,73,000637.jpg,0.09936954,fake,0
dataset/clips/images\srb_passport\03\000061.jpg,srb_passport,03,000061.jpg,0.7906945,genuine,1
dataset/clips/images\fin_id\48\000061.jpg,fin_id,48,000061.jpg,0.7405194,genuine,1
dataset/clips/images\fin_id\97\000295.jpg,fin_id,97,000295.jpg,0.8467318,genuine,1
dataset/clips/images\srb_passport\00\000295.jpg,srb_passport,00,000295.jpg,0.806145,genuine,1
dataset/clips/images\alb_id\84\000163.jpg,alb_id,84,000163.jpg,0.21715118,fake,0
dataset/clips/images\fin_id\58\000313.jpg,fin_id,58,000313.jpg,0.35374492,fake,0
dataset/clips/images\esp_id\26\000061.jpg,esp_id,26,000061.jpg,0.31694663,fake,0
dataset/clips/images\lva_passport\32\000235.jpg,lva_passport,32,000235.jpg,0.34811684,fake,0
dataset/clips/images\alb_id\74\000301.jpg,alb_id,74,000301.jpg,0.70905364,genuine,1
dataset/clips/images\esp_id\54\000175.jpg,esp_id,54,000175.jpg,0.40009704,fake,0
dataset/clips/images\lva_passport\35\000205.jpg,lva_passport,35,000205.jpg,0.5683311,genuine,1
dataset/clips/images\esp_id\94\000325.jpg,esp_id,94,000325.jpg,0.5571026,genuine,1
dataset/clips/images\est_id\81\000031.jpg,est_id,81,000031.jpg,0.40137836,fake,0
dataset/clips/images\grc_passport\74\000169.jpg,grc_passport,74,000169.jpg,0.666522,genuine,1
dataset/clips/images\alb_id\01\000145.jpg,alb_id,01,000145.jpg,0.3333957,fake,0
dataset/clips/images\alb_id\94\000253.jpg,alb_id,94,000253.jpg,0.5723874,genuine,1
dataset/clips/images\esp_id\38\000217.jpg,esp_id,38,000217.jpg,0.06773724,fake,0
dataset/clips/images\esp_id\11\000025.jpg,esp_id,11,000025.jpg,0.90926653,genuine,1
dataset/clips/images\aze_passport\52\000187.jpg,aze_passport,52,000187.jpg,0.6899496,genuine,1
dataset/clips/images\esp_id\77\000109.jpg,esp_id,77,000109.jpg,0.65949404,genuine,1
dataset/clips/images\rus_internalpassport\45\000079.jpg,rus_internalpassport,45,000079.jpg,0.90624964,genuine,1
dataset/clips/images\srb_passport\19\000235.jpg,srb_passport,19,000235.jpg,0.6771294,genuine,1
dataset/clips/images\aze_passport\84\000451.jpg,aze_passport,84,000451.jpg,0.20800376,fake,0
dataset/clips/images\alb_id\89\000283.jpg,alb_id,89,000283.jpg,0.7506273,genuine,1
dataset/clips/images\fin_id\44\000157.jpg,fin_id,44,000157.jpg,0.58431685,genuine,1
dataset/clips/images\alb_id\57\000355.jpg,alb_id,57,000355.jpg,0.9047628,genuine,1
dataset/clips/images\aze_passport\51\000091.jpg,aze_passport,51,000091.jpg,0.38174754,fake,0
dataset/clips/images\srb_passport\51\000199.jpg,srb_passport,51,000199.jpg,0.48999056,fake,0
dataset/clips/images\est_id\49\000199.jpg,est_id,49,000199.jpg,0.44792914,fake,0
dataset/clips/images\alb_id\81\000277.jpg,alb_id,81,000277.jpg,0.018670911,fake,0
dataset/clips/images\srb_passport\43\000043.jpg,srb_passport,43,000043.jpg,0.32496658,fake,0
dataset/clips/images\alb_id\52\000091.jpg,alb_id,52,000091.jpg,0.55087394,genuine,1
dataset/clips/images\grc_passport\20\000121.jpg,grc_passport,20,000121.jpg,0.5000062,genuine,1
dataset/clips/images\srb_passport\08\000289.jpg,srb_passport,08,000289.jpg,0.8019434,genuine,1
dataset/clips/images\svk_id\28\000091.jpg,svk_id,28,000091.jpg,0.550022,genuine,1
dataset/clips/images\alb_id\96\000121.jpg,alb_id,96,000121.jpg,0.34366396,fake,0
dataset/clips/images\rus_internalpassport\74\000127.jpg,rus_internalpassport,74,000127.jpg,0.81463444,genuine,1
dataset/clips/images\grc_passport\87\000403.jpg,grc_passport,87,000403.jpg,0.3720973,fake,0
dataset/clips/images\esp_id\44\000007.jpg,esp_id,44,000007.jpg,0.34401113,fake,0
dataset/clips/images\fin_id\24\000277.jpg,fin_id,24,000277.jpg,0.58899504,genuine,1
dataset/clips/images\est_id\86\000001.jpg,est_id,86,000001.jpg,0.4475606,fake,0
dataset/clips/images\est_id\40\000097.jpg,est_id,40,000097.jpg,0.9640595,genuine,1
dataset/clips/images\aze_passport\29\000103.jpg,aze_passport,29,000103.jpg,0.435834,fake,0
dataset/clips/images\esp_id\20\000115.jpg,esp_id,20,000115.jpg,0.46924767,fake,0
dataset/clips/images\alb_id\40\000241.jpg,alb_id,40,000241.jpg,0.2908071,fake,0
dataset/clips/images\fin_id\28\000283.jpg,fin_id,28,000283.jpg,0.14412834,fake,0
dataset/clips/images\srb_passport\26\000001.jpg,srb_passport,26,000001.jpg,0.15534323,fake,0
dataset/clips/images\svk_id\94\000259.jpg,svk_id,94,000259.jpg,0.612712,genuine,1
dataset/clips/images\grc_passport\49\000097.jpg,grc_passport,49,000097.jpg,0.015554552,fake,0
dataset/clips/images\srb_passport\35\000025.jpg,srb_passport,35,000025.jpg,0.8751798,genuine,1
dataset/clips/images\grc_passport\28\000031.jpg,grc_passport,28,000031.jpg,0.573724,genuine,1
dataset/clips/images\fin_id\49\000373.jpg,fin_id,49,000373.jpg,0.9941649,genuine,1
dataset/clips/images\lva_passport\58\000139.jpg,lva_passport,58,000139.jpg,0.33903992,fake,0
dataset/clips/images\grc_passport\18\000019.jpg,grc_passport,18,000019.jpg,0.63526154,genuine,1
dataset/clips/images\est_id\42\000127.jpg,est_id,42,000127.jpg,0.084841184,fake,0
dataset/clips/images\rus_internalpassport\57\000139.jpg,rus_internalpassport,57,000139.jpg,0.5117192,genuine,1
dataset/clips/images\rus_internalpassport\63\000403.jpg,rus_internalpassport,63,000403.jpg,0.4382027,fake,0
dataset/clips/images\rus_internalpassport\60\000367.jpg,rus_internalpassport,60,000367.jpg,0.43624392,fake,0
dataset/clips/images\srb_passport\58\000325.jpg,srb_passport,58,000325.jpg,0.018574176,fake,0
dataset/clips/images\svk_id\65\000199.jpg,svk_id,65,000199.jpg,0.67529964,genuine,1
dataset/clips/images\fin_id\58\000217.jpg,fin_id,58,000217.jpg,0.22524402,fake,0
dataset/clips/images\esp_id\35\000007.jpg,esp_id,35,000007.jpg,0.070830874,fake,0
dataset/clips/images\fin_id\93\000157.jpg,fin_id,93,000157.jpg,0.8065717,genuine,1
dataset/clips/images\svk_id\52\000067.jpg,svk_id,52,000067.jpg,0.057404216,fake,0
dataset/clips/images\grc_passport\69\000067.jpg,grc_passport,69,000067.jpg,0.01420066,fake,0
dataset/clips/images\rus_internalpassport\52\000103.jpg,rus_internalpassport,52,000103.jpg,0.08855644,fake,0
dataset/clips/images\fin_id\72\000571.jpg,fin_id,72,000571.jpg,0.22021815,fake,0
dataset/clips/images\svk_id\49\000223.jpg,svk_id,49,000223.jpg,0.9928881,genuine,1
dataset/clips/images\fin_id\20\000157.jpg,fin_id,20,000157.jpg,0.3804298,fake,0
dataset/clips/images\aze_passport\62\000349.jpg,aze_passport,62,000349.jpg,0.0036290868,fake,0
dataset/clips/images\rus_internalpassport\87\000325.jpg,rus_internalpassport,87,000325.jpg,0.60501313,genuine,1
dataset/clips/images\rus_internalpassport\08\000055.jpg,rus_internalpassport,08,000055.jpg,0.9451004,genuine,1
dataset/clips/images\svk_id\93\000295.jpg,svk_id,93,000295.jpg,0.688674,genuine,1
dataset/clips/images\fin_id\63\000163.jpg,fin_id,63,000163.jpg,0.31843835,fake,0
dataset/clips/images\svk_id\82\000079.jpg,svk_id,82,000079.jpg,0.47470808,fake,0
dataset/clips/images\svk_id\15\000235.jpg,svk_id,15,000235.jpg,0.9790759,genuine,1
dataset/clips/images\srb_passport\77\000025.jpg,srb_passport,77,000025.jpg,0.47927043,fake,0
dataset/clips/images\fin_id\99\000085.jpg,fin_id,99,000085.jpg,0.10245959,fake,0
dataset/clips/images\est_id\54\000241.jpg,est_id,54,000241.jpg,0.332423,fake,0
dataset/clips/images\srb_passport\88\000115.jpg,srb_passport,88,000115.jpg,0.17920116,fake,0
dataset/clips/images\esp_id\79\000169.jpg,esp_id,79,000169.jpg,0.35287243,fake,0
dataset/clips/images\est_id\14\000001.jpg,est_id,14,000001.jpg,0.40687397,fake,0
dataset/clips/images\alb_id\76\000367.jpg,alb_id,76,000367.jpg,0.1451335,fake,0
dataset/clips/images\lva_passport\51\000193.jpg,lva_passport,51,000193.jpg,0.70967925,genuine,1
dataset/clips/images\svk_id\60\000067.jpg,svk_id,60,000067.jpg,0.24214779,fake,0
dataset/clips/images\grc_passport\13\000013.jpg,grc_passport,13,000013.jpg,0.5054619,genuine,1
dataset/clips/images\rus_internalpassport\44\000145.jpg,rus_internalpassport,44,000145.jpg,0.25512603,fake,0
dataset/clips/images\svk_id\63\000025.jpg,svk_id,63,000025.jpg,0.25337416,fake,0
dataset/clips/images\grc_passport\79\000025.jpg,grc_passport,79,000025.jpg,0.27639914,fake,0
dataset/clips/images\aze_passport\88\000361.jpg,aze_passport,88,000361.jpg,0.13466008,fake,0
dataset/clips/images\rus_internalpassport\21\000229.jpg,rus_internalpassport,21,000229.jpg,0.08416474,fake,0
dataset/clips/images\est_id\12\000361.jpg,est_id,12,000361.jpg,0.7203629,genuine,1
dataset/clips/images\grc_passport\05\000223.jpg,grc_passport,05,000223.jpg,0.34545696,fake,0
dataset/clips/images\lva_passport\31\000271.jpg,lva_passport,31,000271.jpg,0.6171917,genuine,1
dataset/clips/images\grc_passport\43\000331.jpg,grc_passport,43,000331.jpg,0.07186222,fake,0
dataset/clips/images\aze_passport\85\000505.jpg,aze_passport,85,000505.jpg,0.9081605,genuine,1
dataset/clips/images\grc_passport\27\000109.jpg,grc_passport,27,000109.jpg,0.25833282,fake,0
dataset/clips/images\esp_id\10\000229.jpg,esp_id,10,000229.jpg,0.9133568,genuine,1
dataset/clips/images\aze_passport\51\000187.jpg,aze_passport,51,000187.jpg,0.4203472,fake,0
dataset/clips/images\rus_internalpassport\51\000277.jpg,rus_internalpassport,51,000277.jpg,0.8775214,genuine,1
dataset/clips/images\svk_id\51\000373.jpg,svk_id,51,000373.jpg,0.012880918,fake,0
dataset/clips/images\esp_id\01\000283.jpg,esp_id,01,000283.jpg,0.7849814,genuine,1
dataset/clips/images\grc_passport\85\000121.jpg,grc_passport,85,000121.jpg,0.035597634,fake,0
dataset/clips/images\lva_passport\10\000457.jpg,lva_passport,10,000457.jpg,0.13339955,fake,0
dataset/clips/images\alb_id\38\000199.jpg,alb_id,38,000199.jpg,0.39821318,fake,0
dataset/clips/images\rus_internalpassport\05\000169.jpg,rus_internalpassport,05,000169.jpg,0.8764318,genuine,1
dataset/clips/images\alb_id\73\000385.jpg,alb_id,73,000385.jpg,0.7882573,genuine,1
dataset/clips/images\esp_id\30\000079.jpg,esp_id,30,000079.jpg,0.02261468,fake,0
dataset/clips/images\est_id\26\000061.jpg,est_id,26,000061.jpg,0.36767364,fake,0
dataset/clips/images\svk_id\52\000331.jpg,svk_id,52,000331.jpg,0.8486258,genuine,1
dataset/clips/images\srb_passport\64\000049.jpg,srb_passport,64,000049.jpg,0.048328422,fake,0
dataset/clips/images\esp_id\94\000037.jpg,esp_id,94,000037.jpg,0.17919204,fake,0
dataset/clips/images\srb_passport\96\000007.jpg,srb_passport,96,000007.jpg,0.021817569,fake,0
dataset/clips/images\fin_id\07\000211.jpg,fin_id,07,000211.jpg,0.94022346,genuine,1
dataset/clips/images\lva_passport\59\000055.jpg,lva_passport,59,000055.jpg,0.85616344,genuine,1
dataset/clips/images\grc_passport\84\000091.jpg,grc_passport,84,000091.jpg,0.64773244,genuine,1
dataset/clips/images\grc_passport\60\000307.jpg,grc_passport,60,000307.jpg,0.19283293,fake,0
dataset/clips/images\aze_passport\44\000091.jpg,aze_passport,44,000091.jpg,0.46713808,fake,0
dataset/clips/images\lva_passport\77\000661.jpg,lva_passport,77,000661.jpg,0.67584807,genuine,1
dataset/clips/images\alb_id\85\000211.jpg,alb_id,85,000211.jpg,0.14501584,fake,0
dataset/clips/images\lva_passport\13\000259.jpg,lva_passport,13,000259.jpg,0.91940325,genuine,1
dataset/clips/images\lva_passport\65\000355.jpg,lva_passport,65,000355.jpg,0.14187028,fake,0
dataset/clips/images\aze_passport\05\000253.jpg,aze_passport,05,000253.jpg,0.97741103,genuine,1
dataset/clips/images\srb_passport\00\000259.jpg,srb_passport,00,000259.jpg,0.81611407,genuine,1
dataset/clips/images\lva_passport\49\000379.jpg,lva_passport,49,000379.jpg,0.7064645,genuine,1
dataset/clips/images\grc_passport\18\000049.jpg,grc_passport,18,000049.jpg,0.5287283,genuine,1
dataset/clips/images\lva_passport\97\000211.jpg,lva_passport,97,000211.jpg,0.9793274,genuine,1
dataset/clips/images\srb_passport\80\000301.jpg,srb_passport,80,000301.jpg,0.3329759,fake,0
dataset/clips/images\est_id\82\000187.jpg,est_id,82,000187.jpg,0.8508802,genuine,1
dataset/clips/images\rus_internalpassport\85\000097.jpg,rus_internalpassport,85,000097.jpg,0.8077258,genuine,1
dataset/clips/images\grc_passport\46\000073.jpg,grc_passport,46,000073.jpg,0.23362315,fake,0
dataset/clips/images\lva_passport\09\000187.jpg,lva_passport,09,000187.jpg,0.7288822,genuine,1
dataset/clips/images\alb_id\84\000469.jpg,alb_id,84,000469.jpg,0.6931826,genuine,1
dataset/clips/images\fin_id\97\000145.jpg,fin_id,97,000145.jpg,0.78677225,genuine,1
dataset/clips/images\lva_passport\17\000181.jpg,lva_passport,17,000181.jpg,0.8476784,genuine,1
dataset/clips/images\svk_id\03\000013.jpg,svk_id,03,000013.jpg,0.98541176,genuine,1
dataset/clips/images\esp_id\78\000517.jpg,esp_id,78,000517.jpg,0.30082887,fake,0
dataset/clips/images\esp_id\92\000301.jpg,esp_id,92,000301.jpg,0.11092585,fake,0
dataset/clips/images\est_id\93\000127.jpg,est_id,93,000127.jpg,0.09875527,fake,0
dataset/clips/images\rus_internalpassport\15\000241.jpg,rus_internalpassport,15,000241.jpg,0.7490176,genuine,1
dataset/clips/images\lva_passport\95\000361.jpg,lva_passport,95,000361.jpg,0.8065526,genuine,1
dataset/clips/images\grc_passport\37\000091.jpg,grc_passport,37,000091.jpg,0.35634473,fake,0
dataset/clips/images\alb_id\31\000157.jpg,alb_id,31,000157.jpg,0.8498179,genuine,1
dataset/clips/images\fin_id\22\000175.jpg,fin_id,22,000175.jpg,0.5086241,genuine,1
dataset/clips/images\rus_internalpassport\00\000103.jpg,rus_internalpassport,00,000103.jpg,0.7773387,genuine,1
dataset/clips/images\aze_passport\80\000055.jpg,aze_passport,80,000055.jpg,0.6951169,genuine,1
dataset/clips/images\srb_passport\75\000013.jpg,srb_passport,75,000013.jpg,0.26877066,fake,0
dataset/clips/images\svk_id\40\000037.jpg,svk_id,40,000037.jpg,0.9826652,genuine,1
dataset/clips/images\esp_id\62\000217.jpg,esp_id,62,000217.jpg,0.7446027,genuine,1
dataset/clips/images\lva_passport\42\000307.jpg,lva_passport,42,000307.jpg,0.41583008,fake,0
dataset/clips/images\esp_id\23\000049.jpg,esp_id,23,000049.jpg,0.27797884,fake,0
dataset/clips/images\grc_passport\24\000025.jpg,grc_passport,24,000025.jpg,0.43406463,fake,0
dataset/clips/images\srb_passport\88\000253.jpg,srb_passport,88,000253.jpg,0.8201633,genuine,1
dataset/clips/images\svk_id\88\000271.jpg,svk_id,88,000271.jpg,0.8525516,genuine,1
dataset/clips/images\fin_id\64\000175.jpg,fin_id,64,000175.jpg,0.2235388,fake,0
dataset/clips/images\esp_id\89\000373.jpg,esp_id,89,000373.jpg,0.27234942,fake,0
dataset/clips/images\aze_passport\12\000307.jpg,aze_passport,12,000307.jpg,0.67936814,genuine,1
dataset/clips/images\alb_id\55\000139.jpg,alb_id,55,000139.jpg,0.7407657,genuine,1
dataset/clips/images\est_id\17\000199.jpg,est_id,17,000199.jpg,0.7239841,genuine,1
dataset/clips/images\alb_id\57\000127.jpg,alb_id,57,000127.jpg,0.1062363,fake,0
dataset/clips/images\est_id\56\000079.jpg,est_id,56,000079.jpg,0.90783733,genuine,1
dataset/clips/images\est_id\03\000325.jpg,est_id,03,000325.jpg,0.43031234,fake,0
dataset/clips/images\srb_passport\00\000073.jpg,srb_passport,00,000073.jpg,0.6625029,genuine,1
dataset/clips/images\grc_passport\29\000259.jpg,grc_passport,29,000259.jpg,0.34891462,fake,0
dataset/clips/images\grc_passport\16\000229.jpg,grc_passport,16,000229.jpg,0.69474137,genuine,1
dataset/clips/images\svk_id\84\000199.jpg,svk_id,84,000199.jpg,0.9286096,genuine,1
dataset/clips/images\rus_internalpassport\10\000025.jpg,rus_internalpassport,10,000025.jpg,0.73538375,genuine,1
dataset/clips/images\svk_id\48\000163.jpg,svk_id,48,000163.jpg,0.93866605,genuine,1
dataset/clips/images\srb_passport\72\000151.jpg,srb_passport,72,000151.jpg,0.03215976,fake,0
dataset/clips/images\grc_passport\05\000409.jpg,grc_passport,05,000409.jpg,0.6322097,genuine,1
dataset/clips/images\alb_id\44\000355.jpg,alb_id,44,000355.jpg,0.2193528,fake,0
dataset/clips/images\grc_passport\66\000235.jpg,grc_passport,66,000235.jpg,0.0014646297,fake,0
dataset/clips/images\srb_passport\91\000217.jpg,srb_passport,91,000217.jpg,0.26941326,fake,0
dataset/clips/images\est_id\88\000055.jpg,est_id,88,000055.jpg,0.11146347,fake,0
dataset/clips/images\fin_id\55\000199.jpg,fin_id,55,000199.jpg,0.4420647,fake,0
dataset/clips/images\svk_id\86\000433.jpg,svk_id,86,000433.jpg,0.70725715,genuine,1
dataset/clips/images\fin_id\62\000091.jpg,fin_id,62,000091.jpg,0.38988695,fake,0
dataset/clips/images\grc_passport\62\000007.jpg,grc_passport,62,000007.jpg,0.22181039,fake,0
dataset/clips/images\est_id\04\000361.jpg,est_id,04,000361.jpg,0.35905138,fake,0
dataset/clips/images\lva_passport\45\000199.jpg,lva_passport,45,000199.jpg,0.2720893,fake,0
dataset/clips/images\aze_passport\76\000577.jpg,aze_passport,76,000577.jpg,0.6763134,genuine,1
dataset/clips/images\grc_passport\72\000481.jpg,grc_passport,72,000481.jpg,0.8497118,genuine,1
dataset/clips/images\lva_passport\05\000403.jpg,lva_passport,05,000403.jpg,0.84517425,genuine,1
dataset/clips/images\fin_id\19\000061.jpg,fin_id,19,000061.jpg,0.83508456,genuine,1
dataset/clips/images\alb_id\17\000073.jpg,alb_id,17,000073.jpg,0.36200127,fake,0
dataset/clips/images\rus_internalpassport\40\000169.jpg,rus_internalpassport,40,000169.jpg,0.9905713,genuine,1
dataset/clips/images\lva_passport\50\000349.jpg,lva_passport,50,000349.jpg,0.3381709,fake,0
dataset/clips/images\srb_passport\56\000175.jpg,srb_passport,56,000175.jpg,0.44266358,fake,0
dataset/clips/images\aze_passport\33\000097.jpg,aze_passport,33,000097.jpg,0.74912035,genuine,1
dataset/clips/images\svk_id\80\000307.jpg,svk_id,80,000307.jpg,0.16762578,fake,0
dataset/clips/images\aze_passport\15\000529.jpg,aze_passport,15,000529.jpg,0.7477379,genuine,1
dataset/clips/images\esp_id\17\000211.jpg,esp_id,17,000211.jpg,0.879282,genuine,1
dataset/clips/images\alb_id\72\000175.jpg,alb_id,72,000175.jpg,0.71825147,genuine,1
dataset/clips/images\srb_passport\08\000175.jpg,srb_passport,08,000175.jpg,0.79142064,genuine,1
dataset/clips/images\alb_id\22\000025.jpg,alb_id,22,000025.jpg,0.11391601,fake,0
dataset/clips/images\est_id\32\000043.jpg,est_id,32,000043.jpg,0.53983986,genuine,1
dataset/clips/images\aze_passport\27\000103.jpg,aze_passport,27,000103.jpg,0.026442729,fake,0
dataset/clips/images\alb_id\88\000517.jpg,alb_id,88,000517.jpg,0.8779368,genuine,1
dataset/clips/images\alb_id\87\000331.jpg,alb_id,87,000331.jpg,0.16016164,fake,0
dataset/clips/images\rus_internalpassport\12\000043.jpg,rus_internalpassport,12,000043.jpg,0.65567744,genuine,1
dataset/clips/images\est_id\80\000139.jpg,est_id,80,000139.jpg,0.48798373,fake,0
dataset/clips/images\rus_internalpassport\66\000403.jpg,rus_internalpassport,66,000403.jpg,0.630277,genuine,1
dataset/clips/images\alb_id\54\000223.jpg,alb_id,54,000223.jpg,0.2543772,fake,0
dataset/clips/images\aze_passport\12\000319.jpg,aze_passport,12,000319.jpg,0.81159455,genuine,1
dataset/clips/images\alb_id\89\000379.jpg,alb_id,89,000379.jpg,0.8075225,genuine,1
dataset/clips/images\alb_id\11\000181.jpg,alb_id,11,000181.jpg,0.93276834,genuine,1
dataset/clips/images\grc_passport\27\000157.jpg,grc_passport,27,000157.jpg,0.102910206,fake,0
dataset/clips/images\esp_id\85\000085.jpg,esp_id,85,000085.jpg,0.652297,genuine,1
dataset/clips/images\esp_id\39\000007.jpg,esp_id,39,000007.jpg,0.6805675,genuine,1
dataset/clips/images\svk_id\39\000097.jpg,svk_id,39,000097.jpg,0.077125736,fake,0
dataset/clips/images\svk_id\78\000463.jpg,svk_id,78,000463.jpg,0.917504,genuine,1
dataset/clips/images\est_id\96\000115.jpg,est_id,96,000115.jpg,0.40163976,fake,0
dataset/clips/images\grc_passport\59\000307.jpg,grc_passport,59,000307.jpg,0.9216971,genuine,1
dataset/clips/images\rus_internalpassport\20\000325.jpg,rus_internalpassport,20,000325.jpg,0.48137522,fake,0
dataset/clips/images\est_id\81\000007.jpg,est_id,81,000007.jpg,0.49942082,fake,0
dataset/clips/images\alb_id\59\000043.jpg,alb_id,59,000043.jpg,0.0328706,fake,0
dataset/clips/images\esp_id\02\000013.jpg,esp_id,02,000013.jpg,0.8767938,genuine,1
dataset/clips/images\srb_passport\24\000175.jpg,srb_passport,24,000175.jpg,0.1537866,fake,0
dataset/clips/images\esp_id\29\000361.jpg,esp_id,29,000361.jpg,0.13541123,fake,0
dataset/clips/images\rus_internalpassport\42\000061.jpg,rus_internalpassport,42,000061.jpg,0.9978091,genuine,1
dataset/clips/images\grc_passport\91\000331.jpg,grc_passport,91,000331.jpg,0.062507495,fake,0
dataset/clips/images\alb_id\88\000211.jpg,alb_id,88,000211.jpg,0.8576519,genuine,1
dataset/clips/images\rus_internalpassport\18\000151.jpg,rus_internalpassport,18,000151.jpg,0.6154149,genuine,1
dataset/clips/images\lva_passport\10\000319.jpg,lva_passport,10,000319.jpg,0.5537208,genuine,1
dataset/clips/images\esp_id\09\000085.jpg,esp_id,09,000085.jpg,0.8906325,genuine,1
dataset/clips/images\lva_passport\69\000085.jpg,lva_passport,69,000085.jpg,0.32825917,fake,0
dataset/clips/images\rus_internalpassport\16\000139.jpg,rus_internalpassport,16,000139.jpg,0.4975789,fake,0
dataset/clips/images\srb_passport\66\000121.jpg,srb_passport,66,000121.jpg,0.03448616,fake,0
dataset/clips/images\fin_id\58\000223.jpg,fin_id,58,000223.jpg,0.051849954,fake,0
dataset/clips/images\grc_passport\11\000283.jpg,grc_passport,11,000283.jpg,0.8401473,genuine,1
dataset/clips/images\lva_passport\90\000205.jpg,lva_passport,90,000205.jpg,0.5240711,genuine,1
dataset/clips/images\esp_id\12\000241.jpg,esp_id,12,000241.jpg,0.7574131,genuine,1
dataset/clips/images\aze_passport\24\000241.jpg,aze_passport,24,000241.jpg,0.31198105,fake,0
dataset/clips/images\esp_id\60\000283.jpg,esp_id,60,000283.jpg,0.054793444,fake,0
dataset/clips/images\srb_passport\96\000349.jpg,srb_passport,96,000349.jpg,0.060709782,fake,0
dataset/clips/images\srb_passport\02\000301.jpg,srb_passport,02,000301.jpg,0.64990056,genuine,1
dataset/clips/images\lva_passport\13\000139.jpg,lva_passport,13,000139.jpg,0.88976693,genuine,1
dataset/clips/images\srb_passport\33\000019.jpg,srb_passport,33,000019.jpg,0.733745,genuine,1
dataset/clips/images\esp_id\09\000283.jpg,esp_id,09,000283.jpg,0.860182,genuine,1
dataset/clips/images\fin_id\57\000049.jpg,fin_id,57,000049.jpg,0.009340054,fake,0
dataset/clips/images\fin_id\53\000373.jpg,fin_id,53,000373.jpg,0.63332134,genuine,1
dataset/clips/images\lva_passport\51\000085.jpg,lva_passport,51,000085.jpg,0.59382427,genuine,1
dataset/clips/images\est_id\20\000391.jpg,est_id,20,000391.jpg,0.32250106,fake,0
dataset/clips/images\aze_passport\61\000349.jpg,aze_passport,61,000349.jpg,0.048747595,fake,0
dataset/clips/images\fin_id\09\000181.jpg,fin_id,09,000181.jpg,0.821384,genuine,1
dataset/clips/images\svk_id\01\000211.jpg,svk_id,01,000211.jpg,0.8765894,genuine,1
dataset/clips/images\alb_id\39\000241.jpg,alb_id,39,000241.jpg,0.18229318,fake,0
dataset/clips/images\aze_passport\66\000085.jpg,aze_passport,66,000085.jpg,0.03877791,fake,0
dataset/clips/images\rus_internalpassport\57\000145.jpg,rus_internalpassport,57,000145.jpg,0.45741147,fake,0
dataset/clips/images\fin_id\98\000085.jpg,fin_id,98,000085.jpg,0.8222351,genuine,1
dataset/clips/images\rus_internalpassport\99\000355.jpg,rus_internalpassport,99,000355.jpg,0.06639808,fake,0
dataset/clips/images\srb_passport\67\000259.jpg,srb_passport,67,000259.jpg,0.16907819,fake,0
dataset/clips/images\svk_id\15\000181.jpg,svk_id,15,000181.jpg,0.980273,genuine,1
dataset/clips/images\esp_id\74\000217.jpg,esp_id,74,000217.jpg,0.8683113,genuine,1
dataset/clips/images\fin_id\94\000199.jpg,fin_id,94,000199.jpg,0.14524364,fake,0
dataset/clips/images\srb_passport\38\000013.jpg,srb_passport,38,000013.jpg,0.72712046,genuine,1
dataset/clips/images\alb_id\84\000193.jpg,alb_id,84,000193.jpg,0.16832805,fake,0
dataset/clips/images\svk_id\72\000205.jpg,svk_id,72,000205.jpg,0.6862287,genuine,1
dataset/clips/images\rus_internalpassport\48\000019.jpg,rus_internalpassport,48,000019.jpg,0.054034352,fake,0
dataset/clips/images\rus_internalpassport\71\000229.jpg,rus_internalpassport,71,000229.jpg,0.71780455,genuine,1
dataset/clips/images\grc_passport\17\000385.jpg,grc_passport,17,000385.jpg,0.5545994,genuine,1
dataset/clips/images\rus_internalpassport\76\000025.jpg,rus_internalpassport,76,000025.jpg,0.6037957,genuine,1
dataset/clips/images\lva_passport\63\000157.jpg,lva_passport,63,000157.jpg,0.073084615,fake,0
dataset/clips/images\lva_passport\14\000085.jpg,lva_passport,14,000085.jpg,0.48406515,fake,0
dataset/clips/images\lva_passport\97\000001.jpg,lva_passport,97,000001.jpg,0.9388605,genuine,1
dataset/clips/images\lva_passport\82\000181.jpg,lva_passport,82,000181.jpg,0.09454239,fake,0
dataset/clips/images\lva_passport\40\000265.jpg,lva_passport,40,000265.jpg,0.97594994,genuine,1
dataset/clips/images\aze_passport\01\000277.jpg,aze_passport,01,000277.jpg,0.48191306,fake,0
dataset/clips/images\lva_passport\58\000271.jpg,lva_passport,58,000271.jpg,0.4327423,fake,0
dataset/clips/images\lva_passport\85\000205.jpg,lva_passport,85,000205.jpg,0.5679225,genuine,1
dataset/clips/images\fin_id\52\000043.jpg,fin_id,52,000043.jpg,0.5837829,genuine,1
dataset/clips/images\esp_id\15\000151.jpg,esp_id,15,000151.jpg,0.9172761,genuine,1
dataset/clips/images\rus_internalpassport\20\000067.jpg,rus_internalpassport,20,000067.jpg,0.37057802,fake,0
dataset/clips/images\srb_passport\06\000421.jpg,srb_passport,06,000421.jpg,0.9088726,genuine,1
dataset/clips/images\srb_passport\60\000151.jpg,srb_passport,60,000151.jpg,0.028550843,fake,0
dataset/clips/images\lva_passport\88\000145.jpg,lva_passport,88,000145.jpg,0.64894044,genuine,1
dataset/clips/images\svk_id\32\000151.jpg,svk_id,32,000151.jpg,0.6364789,genuine,1
dataset/clips/images\rus_internalpassport\19\000247.jpg,rus_internalpassport,19,000247.jpg,0.8161478,genuine,1
dataset/clips/images\alb_id\35\000271.jpg,alb_id,35,000271.jpg,0.2856598,fake,0
dataset/clips/images\fin_id\41\000037.jpg,fin_id,41,000037.jpg,0.8554584,genuine,1
dataset/clips/images\fin_id\88\000091.jpg,fin_id,88,000091.jpg,0.56131923,genuine,1
dataset/clips/images\alb_id\13\000037.jpg,alb_id,13,000037.jpg,0.3991409,fake,0
dataset/clips/images\rus_internalpassport\08\000019.jpg,rus_internalpassport,08,000019.jpg,0.99082303,genuine,1
dataset/clips/images\esp_id\08\000163.jpg,esp_id,08,000163.jpg,0.9063612,genuine,1
dataset/clips/images\grc_passport\23\000163.jpg,grc_passport,23,000163.jpg,0.098193094,fake,0
dataset/clips/images\svk_id\85\000403.jpg,svk_id,85,000403.jpg,0.18321438,fake,0
dataset/clips/images\rus_internalpassport\42\000013.jpg,rus_internalpassport,42,000013.jpg,0.9851074,genuine,1
dataset/clips/images\aze_passport\94\000343.jpg,aze_passport,94,000343.jpg,0.17844574,fake,0
dataset/clips/images\aze_passport\92\000121.jpg,aze_passport,92,000121.jpg,0.38501993,fake,0
dataset/clips/images\grc_passport\98\000115.jpg,grc_passport,98,000115.jpg,0.65805227,genuine,1
dataset/clips/images\srb_passport\46\000205.jpg,srb_passport,46,000205.jpg,0.24424131,fake,0
dataset/clips/images\svk_id\12\000229.jpg,svk_id,12,000229.jpg,0.89245844,genuine,1
dataset/clips/images\est_id\56\000247.jpg,est_id,56,000247.jpg,0.017895106,fake,0
dataset/clips/images\fin_id\65\000319.jpg,fin_id,65,000319.jpg,0.1993622,fake,0
dataset/clips/images\lva_passport\14\000277.jpg,lva_passport,14,000277.jpg,0.59185696,genuine,1
dataset/clips/images\fin_id\91\000277.jpg,fin_id,91,000277.jpg,0.1708093,fake,0
dataset/clips/images\aze_passport\16\000025.jpg,aze_passport,16,000025.jpg,0.6311825,genuine,1
dataset/clips/images\aze_passport\72\000595.jpg,aze_passport,72,000595.jpg,0.52739865,genuine,1
dataset/clips/images\grc_passport\40\000043.jpg,grc_passport,40,000043.jpg,0.9687231,genuine,1
dataset/clips/images\rus_internalpassport\50\000049.jpg,rus_internalpassport,50,000049.jpg,0.5633391,genuine,1
dataset/clips/images\alb_id\38\000151.jpg,alb_id,38,000151.jpg,0.58013606,genuine,1
dataset/clips/images\svk_id\75\000373.jpg,svk_id,75,000373.jpg,0.9171018,genuine,1
dataset/clips/images\svk_id\06\000031.jpg,svk_id,06,000031.jpg,0.947339,genuine,1
dataset/clips/images\rus_internalpassport\03\000397.jpg,rus_internalpassport,03,000397.jpg,0.78386664,genuine,1
dataset/clips/images\grc_passport\87\000343.jpg,grc_passport,87,000343.jpg,0.34043267,fake,0
dataset/clips/images\srb_passport\64\000127.jpg,srb_passport,64,000127.jpg,0.031032395,fake,0
dataset/clips/images\grc_passport\44\000175.jpg,grc_passport,44,000175.jpg,0.031657238,fake,0
dataset/clips/images\est_id\50\000055.jpg,est_id,50,000055.jpg,0.17103477,fake,0
dataset/clips/images\srb_passport\85\000109.jpg,srb_passport,85,000109.jpg,0.20156594,fake,0
dataset/clips/images\fin_id\37\000277.jpg,fin_id,37,000277.jpg,0.8565499,genuine,1
dataset/clips/images\aze_passport\81\000061.jpg,aze_passport,81,000061.jpg,0.5611274,genuine,1
dataset/clips/images\grc_passport\48\000343.jpg,grc_passport,48,000343.jpg,0.028093796,fake,0
dataset/clips/images\esp_id\23\000157.jpg,esp_id,23,000157.jpg,0.09831456,fake,0
dataset/clips/images\svk_id\30\000121.jpg,svk_id,30,000121.jpg,0.9315386,genuine,1
dataset/clips/images\lva_passport\22\000385.jpg,lva_passport,22,000385.jpg,0.46708724,fake,0
dataset/clips/images\fin_id\59\000247.jpg,fin_id,59,000247.jpg,0.8025402,genuine,1
dataset/clips/images\est_id\92\000115.jpg,est_id,92,000115.jpg,0.52837896,genuine,1
dataset/clips/images\aze_passport\08\000199.jpg,aze_passport,08,000199.jpg,0.15271714,fake,0
dataset/clips/images\aze_passport\25\000073.jpg,aze_passport,25,000073.jpg,0.2907263,fake,0
dataset/clips/images\esp_id\15\000199.jpg,esp_id,15,000199.jpg,0.8078926,genuine,1
dataset/clips/images\grc_passport\07\000007.jpg,grc_passport,07,000007.jpg,0.72429705,genuine,1
dataset/clips/images\rus_internalpassport\16\000355.jpg,rus_internalpassport,16,000355.jpg,0.80612206,genuine,1
dataset/clips/images\est_id\08\000145.jpg,est_id,08,000145.jpg,0.9250917,genuine,1
dataset/clips/images\esp_id\62\000229.jpg,esp_id,62,000229.jpg,0.6005771,genuine,1
dataset/clips/images\alb_id\09\000373.jpg,alb_id,09,000373.jpg,0.532552,genuine,1
dataset/clips/images\rus_internalpassport\49\000103.jpg,rus_internalpassport,49,000103.jpg,0.0740944,fake,0
dataset/clips/images\fin_id\82\000379.jpg,fin_id,82,000379.jpg,0.4546529,fake,0
dataset/clips/images\esp_id\43\000121.jpg,esp_id,43,000121.jpg,0.92832476,genuine,1
dataset/clips/images\fin_id\08\000415.jpg,fin_id,08,000415.jpg,0.88024074,genuine,1
dataset/clips/images\srb_passport\28\000163.jpg,srb_passport,28,000163.jpg,0.043446135,fake,0
dataset/clips/images\alb_id\74\000055.jpg,alb_id,74,000055.jpg,0.09783984,fake,0
dataset/clips/images\est_id\52\000163.jpg,est_id,52,000163.jpg,0.6753104,genuine,1
dataset/clips/images\est_id\01\000133.jpg,est_id,01,000133.jpg,0.7682197,genuine,1
dataset/clips/images\aze_passport\38\000115.jpg,aze_passport,38,000115.jpg,0.24269933,fake,0
dataset/clips/images\lva_passport\65\000073.jpg,lva_passport,65,000073.jpg,0.2241424,fake,0
dataset/clips/images\fin_id\75\000067.jpg,fin_id,75,000067.jpg,0.92323637,genuine,1
dataset/clips/images\grc_passport\79\000271.jpg,grc_passport,79,000271.jpg,0.37686655,fake,0
dataset/clips/images\alb_id\27\000025.jpg,alb_id,27,000025.jpg,0.031147663,fake,0
dataset/clips/images\lva_passport\91\000235.jpg,lva_passport,91,000235.jpg,0.77745456,genuine,1
dataset/clips/images\aze_passport\09\000457.jpg,aze_passport,09,000457.jpg,0.7019142,genuine,1
dataset/clips/images\est_id\47\000139.jpg,est_id,47,000139.jpg,0.11932071,fake,0
dataset/clips/images\srb_passport\75\000079.jpg,srb_passport,75,000079.jpg,0.6858052,genuine,1
dataset/clips/images\lva_passport\75\000373.jpg,lva_passport,75,000373.jpg,0.56746185,genuine,1
dataset/clips/images\grc_passport\89\000265.jpg,grc_passport,89,000265.jpg,0.58845913,genuine,1
dataset/clips/images\rus_internalpassport\21\000067.jpg,rus_internalpassport,21,000067.jpg,0.34329566,fake,0
dataset/clips/images\svk_id\33\000205.jpg,svk_id,33,000205.jpg,0.16401494,fake,0
dataset/clips/images\esp_id\64\000283.jpg,esp_id,64,000283.jpg,0.2843122,fake,0
dataset/clips/images\fin_id\87\000253.jpg,fin_id,87,000253.jpg,0.1985096,fake,0
dataset/clips/images\grc_passport\11\000139.jpg,grc_passport,11,000139.jpg,0.5753483,genuine,1
dataset/clips/images\esp_id\82\000163.jpg,esp_id,82,000163.jpg,0.15544648,fake,0
dataset/clips/images\fin_id\64\000211.jpg,fin_id,64,000211.jpg,0.348829,fake,0
dataset/clips/images\lva_passport\33\000223.jpg,lva_passport,33,000223.jpg,0.60245025,genuine,1
dataset/clips/images\srb_passport\10\000151.jpg,srb_passport,10,000151.jpg,0.8153771,genuine,1
dataset/clips/images\aze_passport\48\000223.jpg,aze_passport,48,000223.jpg,0.030368695,fake,0
dataset/clips/images\rus_internalpassport\71\000223.jpg,rus_internalpassport,71,000223.jpg,0.84375566,genuine,1
dataset/clips/images\lva_passport\77\000529.jpg,lva_passport,77,000529.jpg,0.7616639,genuine,1
dataset/clips/images\est_id\12\000139.jpg,est_id,12,000139.jpg,0.5861033,genuine,1
dataset/clips/images\fin_id\33\000097.jpg,fin_id,33,000097.jpg,0.6277535,genuine,1
dataset/clips/images\esp_id\94\000283.jpg,esp_id,94,000283.jpg,0.718676,genuine,1
dataset/clips/images\grc_passport\97\000145.jpg,grc_passport,97,000145.jpg,0.67334837,genuine,1
dataset/clips/images\fin_id\53\000253.jpg,fin_id,53,000253.jpg,0.2892695,fake,0
dataset/clips/images\grc_passport\38\000187.jpg,grc_passport,38,000187.jpg,0.4610803,fake,0
dataset/clips/images\lva_passport\86\000283.jpg,lva_passport,86,000283.jpg,0.25028017,fake,0
dataset/clips/images\lva_passport\62\000145.jpg,lva_passport,62,000145.jpg,0.024559753,fake,0
dataset/clips/images\grc_passport\34\000265.jpg,grc_passport,34,000265.jpg,0.5206599,genuine,1
dataset/clips/images\est_id\42\000211.jpg,est_id,42,000211.jpg,0.18979202,fake,0
dataset/clips/images\lva_passport\34\000061.jpg,lva_passport,34,000061.jpg,0.7101695,genuine,1
dataset/clips/images\est_id\12\000307.jpg,est_id,12,000307.jpg,0.6323403,genuine,1
dataset/clips/images\fin_id\73\000667.jpg,fin_id,73,000667.jpg,0.52320576,genuine,1
dataset/clips/images\alb_id\98\000253.jpg,alb_id,98,000253.jpg,0.13017194,fake,0
dataset/clips/images\fin_id\79\000601.jpg,fin_id,79,000601.jpg,0.8889567,genuine,1
dataset/clips/images\est_id\59\000373.jpg,est_id,59,000373.jpg,0.09170595,fake,0
dataset/clips/images\rus_internalpassport\63\000163.jpg,rus_internalpassport,63,000163.jpg,0.39823356,fake,0
dataset/clips/images\srb_passport\12\000355.jpg,srb_passport,12,000355.jpg,0.21237746,fake,0
dataset/clips/images\esp_id\98\000223.jpg,esp_id,98,000223.jpg,0.63525134,genuine,1
dataset/clips/images\fin_id\09\000397.jpg,fin_id,09,000397.jpg,0.9287235,genuine,1
dataset/clips/images\lva_passport\76\000115.jpg,lva_passport,76,000115.jpg,0.6657089,genuine,1
dataset/clips/images\svk_id\06\000091.jpg,svk_id,06,000091.jpg,0.79983497,genuine,1
dataset/clips/images\aze_passport\97\000217.jpg,aze_passport,97,000217.jpg,0.2859311,fake,0
dataset/clips/images\lva_passport\59\000337.jpg,lva_passport,59,000337.jpg,0.4861838,fake,0
dataset/clips/images\grc_passport\69\000031.jpg,grc_passport,69,000031.jpg,0.009283109,fake,0
dataset/clips/images\lva_passport\90\000253.jpg,lva_passport,90,000253.jpg,0.7242646,genuine,1
dataset/clips/images\aze_passport\29\000193.jpg,aze_passport,29,000193.jpg,0.4818716,fake,0
dataset/clips/images\grc_passport\26\000115.jpg,grc_passport,26,000115.jpg,0.04148746,fake,0
dataset/clips/images\est_id\24\000301.jpg,est_id,24,000301.jpg,0.53041476,genuine,1
dataset/clips/images\grc_passport\79\000115.jpg,grc_passport,79,000115.jpg,0.10165927,fake,0
dataset/clips/images\aze_passport\81\000313.jpg,aze_passport,81,000313.jpg,0.6144251,genuine,1
dataset/clips/images\aze_passport\87\000091.jpg,aze_passport,87,000091.jpg,0.009989181,fake,0
dataset/clips/images\lva_passport\12\000091.jpg,lva_passport,12,000091.jpg,0.41447252,fake,0
dataset/clips/images\est_id\42\000181.jpg,est_id,42,000181.jpg,0.06621173,fake,0
dataset/clips/images\rus_internalpassport\72\000541.jpg,rus_internalpassport,72,000541.jpg,0.7337064,genuine,1
dataset/clips/images\grc_passport\25\000301.jpg,grc_passport,25,000301.jpg,0.344995,fake,0
dataset/clips/images\esp_id\98\000007.jpg,esp_id,98,000007.jpg,0.50137055,genuine,1
dataset/clips/images\srb_passport\03\000049.jpg,srb_passport,03,000049.jpg,0.8207985,genuine,1
dataset/clips/images\est_id\13\000139.jpg,est_id,13,000139.jpg,0.7787167,genuine,1
dataset/clips/images\aze_passport\80\000205.jpg,aze_passport,80,000205.jpg,0.3241615,fake,0
dataset/clips/images\svk_id\52\000367.jpg,svk_id,52,000367.jpg,0.51585513,genuine,1
dataset/clips/images\fin_id\71\000493.jpg,fin_id,71,000493.jpg,0.6944376,genuine,1
dataset/clips/images\fin_id\04\000253.jpg,fin_id,04,000253.jpg,0.69108653,genuine,1
dataset/clips/images\lva_passport\05\000043.jpg,lva_passport,05,000043.jpg,0.48655552,fake,0
dataset/clips/images\grc_passport\22\000247.jpg,grc_passport,22,000247.jpg,0.5515536,genuine,1
dataset/clips/images\est_id\96\000055.jpg,est_id,96,000055.jpg,0.31010488,fake,0
dataset/clips/images\rus_internalpassport\17\000289.jpg,rus_internalpassport,17,000289.jpg,0.80760443,genuine,1
dataset/clips/images\esp_id\46\000181.jpg,esp_id,46,000181.jpg,0.6878497,genuine,1
dataset/clips/images\esp_id\84\000085.jpg,esp_id,84,000085.jpg,0.9928203,genuine,1
dataset/clips/images\grc_passport\88\000061.jpg,grc_passport,88,000061.jpg,0.5801197,genuine,1
dataset/clips/images\alb_id\84\000457.jpg,alb_id,84,000457.jpg,0.580809,genuine,1
dataset/clips/images\fin_id\57\000343.jpg,fin_id,57,000343.jpg,0.056271367,fake,0
dataset/clips/images\fin_id\66\000025.jpg,fin_id,66,000025.jpg,0.07089696,fake,0
dataset/clips/images\aze_passport\66\000091.jpg,aze_passport,66,000091.jpg,0.042703852,fake,0
dataset/clips/images\srb_passport\61\000331.jpg,srb_passport,61,000331.jpg,0.018319143,fake,0
dataset/clips/images\fin_id\94\000091.jpg,fin_id,94,000091.jpg,0.47508803,fake,0
dataset/clips/images\lva_passport\51\000055.jpg,lva_passport,51,000055.jpg,0.5159147,genuine,1
dataset/clips/images\est_id\81\000283.jpg,est_id,81,000283.jpg,0.5493876,genuine,1
dataset/clips/images\lva_passport\54\000361.jpg,lva_passport,54,000361.jpg,0.04146651,fake,0
dataset/clips/images\fin_id\09\000163.jpg,fin_id,09,000163.jpg,0.8802921,genuine,1
dataset/clips/images\grc_passport\75\000175.jpg,grc_passport,75,000175.jpg,0.1913723,fake,0
dataset/clips/images\alb_id\77\000091.jpg,alb_id,77,000091.jpg,0.34771243,fake,0
dataset/clips/images\srb_passport\41\000295.jpg,srb_passport,41,000295.jpg,0.18167064,fake,0
dataset/clips/images\aze_passport\34\000349.jpg,aze_passport,34,000349.jpg,0.73266155,genuine,1
dataset/clips/images\fin_id\06\000103.jpg,fin_id,06,000103.jpg,0.719319,genuine,1
dataset/clips/images\alb_id\30\000283.jpg,alb_id,30,000283.jpg,0.60435474,genuine,1
dataset/clips/images\srb_passport\87\000025.jpg,srb_passport,87,000025.jpg,0.1718142,fake,0
dataset/clips/images\grc_passport\23\000025.jpg,grc_passport,23,000025.jpg,0.2924747,fake,0
dataset/clips/images\lva_passport\54\000379.jpg,lva_passport,54,000379.jpg,0.06614112,fake,0
dataset/clips/images\aze_passport\43\000181.jpg,aze_passport,43,000181.jpg,0.604637,genuine,1
dataset/clips/images\aze_passport\18\000163.jpg,aze_passport,18,000163.jpg,0.7326008,genuine,1
dataset/clips/images\rus_internalpassport\67\000367.jpg,rus_internalpassport,67,000367.jpg,0.9170376,genuine,1
dataset/clips/images\srb_passport\58\000337.jpg,srb_passport,58,000337.jpg,0.82403773,genuine,1
dataset/clips/images\alb_id\43\000277.jpg,alb_id,43,000277.jpg,0.18800429,fake,0
dataset/clips/images\aze_passport\72\000529.jpg,aze_passport,72,000529.jpg,0.8047542,genuine,1
dataset/clips/images\svk_id\50\000037.jpg,svk_id,50,000037.jpg,0.0117605245,fake,0
dataset/clips/images\alb_id\32\000289.jpg,alb_id,32,000289.jpg,0.62203276,genuine,1
dataset/clips/images\est_id\79\000007.jpg,est_id,79,000007.jpg,0.057166427,fake,0
dataset/clips/images\aze_passport\69\000223.jpg,aze_passport,69,000223.jpg,0.021030942,fake,0
dataset/clips/images\rus_internalpassport\63\000181.jpg,rus_internalpassport,63,000181.jpg,0.5633943,genuine,1
dataset/clips/images\grc_passport\23\000283.jpg,grc_passport,23,000283.jpg,0.20873834,fake,0
